Year,Month,Region,Model,Estimated_Deliveries,Production_Units,Avg_Price_USD,Battery_Capacity_kWh,Range_km,CO2_Saved_tons,Source_Type,Charging_Stations,Date,Delivery_Efficiency,Quarter,Production_Gap,Previous_Month_Deliveries,Estimated_Revenue
2023.0,5.0,Europe,Model S,1.962744306596076,1.7057521813329732,0.3959815539484866,120.0,704.0,1863.42,Interpolated (Month),12207.0,2023-05-01,1.1506620528324778,2,-0.25699212526310267,0.0007013188444578652,0.7772105405294589
2015.0,2.0,Asia,Model X,-1.5565136453183706,-1.523981576859612,-1.1283456721462235,75.0,438.0,249.46,Official (Quarter),7640.0,2015-02-01,1.0213467596673942,1,0.032532068458758445,1.962744306596076,1.7562854353315254
2019.0,1.0,North America,Model X,-0.3840205996014771,-0.3443470271490624,1.639209098020189,82.0,480.0,605.59,Interpolated (Month),14071.0,2019-01-01,1.115213924687785,1,0.03967357245241471,-1.5565136453183706,-0.6294900606939094
2021.0,2.0,North America,Model 3,-0.8556606283944018,-0.7852134319961095,0.2180760629288593,120.0,712.0,700.07,Official (Quarter),9333.0,2021-02-01,1.0897172584264216,1,0.07044719639829233,-0.3840205996014771,-0.18659910104348487
2016.0,12.0,Middle East,Model Y,0.6230426730851394,0.6763596439238668,1.4880846619017716,120.0,661.0,1226.88,Estimated (Region),8722.0,2016-12-01,0.921170679951554,4,0.05331697083872744,-0.8556606283944018,0.9271402455282757
2020.0,4.0,Asia,Model X,-1.3382276621647486,-1.3176335630893483,0.1005609013811678,82.0,477.0,333.14,Official (Quarter),5798.0,2020-04-01,1.0156296102742821,2,0.02059409907540033,0.6230426730851394,-0.13457337996050003
2015.0,11.0,Asia,Model 3,-0.5603773776091764,-0.6291025910891413,0.1332476853632617,82.0,475.0,549.84,Interpolated (Month),9961.0,2015-11-01,0.8907567470657153,4,-0.06872521347996496,-1.3382276621647486,-0.07466898849635722
2020.0,6.0,Europe,Cybertruck,-0.384274715996301,-0.3436427677163993,-0.5512940108106129,100.0,592.0,746.81,Official (Quarter),8216.0,2020-06-01,1.1182389158075758,2,0.040631948279901686,-0.5603773776091764,0.21184834943470995
2022.0,4.0,Europe,Model S,1.3271992031418172,1.1982158835271606,-0.7412470499864042,100.0,563.0,1279.0,Interpolated (Month),13264.0,2022-04-01,1.1076461440612617,2,-0.1289833196146566,-0.384274715996301,-0.9837824940731784
2021.0,3.0,Middle East,Model Y,-0.5418268807870409,-0.5746398616298681,-1.7056006193927993,82.0,485.0,566.72,Interpolated (Month),3383.0,2021-03-01,0.9428981819156109,1,-0.032812980842827244,1.3271992031418172,0.9241402634740453
2020.0,11.0,Asia,Model 3,-0.4073993079252644,-0.3525633871967976,1.6421634536553318,120.0,670.0,836.06,Estimated (Region),10165.0,2020-11-01,1.1555349271076123,4,0.054835920728466825,-0.5418268807870409,-0.6690162545193442
2025.0,5.0,Asia,Cybertruck,-1.0127045603954945,-0.9795890354111016,-0.3017061301449552,82.0,477.0,424.79,Interpolated (Month),14940.0,2025-05-01,1.0338055284280467,2,0.03311552498439285,-0.4073993079252644,0.3055391738970727
2020.0,10.0,Middle East,Model S,-0.3044821680216359,-0.3053780052083756,0.7104226105275253,82.0,453.0,592.8,Estimated (Region),5325.0,2020-10-01,0.9970664646062888,4,-0.0008958371867396897,-1.0127045603954945,-0.21631101666501118
2020.0,11.0,Asia,Model S,0.2070541347586212,0.2352584859325986,-0.3275920311937269,75.0,426.0,686.09,Interpolated (Month),5601.0,2020-11-01,0.8801133525017332,4,0.028204351173977404,-0.3044821680216359,-0.06782928457263636
2020.0,4.0,North America,Cybertruck,-1.4012485280810447,-1.3260846762813048,0.3085845172438542,120.0,665.0,439.7,Estimated (Region),8397.0,2020-04-01,1.0566810348872437,2,0.07516385179973994,0.2070541347586212,-0.4324036005765505
2025.0,3.0,North America,Cybertruck,1.818660310730996,1.936279768958,1.3336246469362067,120.0,682.0,1747.18,Official (Quarter),3904.0,2025-03-01,0.9392549258053239,1,0.11761945822700404,-1.4012485280810447,2.4254102147955168
2023.0,11.0,Europe,Model S,0.6652259946258858,0.6566403798093025,-1.4358834572891075,100.0,592.0,1113.55,Interpolated (Month),11616.0,2023-11-01,1.0130750637343942,4,-0.008585614816583376,1.818660310730996,-0.9551870010420022
2020.0,7.0,Europe,Model S,1.6832162722899249,1.6977705744294591,0.6214738412702493,100.0,585.0,1451.91,Official (Quarter),14471.0,2020-07-01,0.9914274034673823,3,0.014554302139534236,0.6652259946258858,1.0460748824286095
2017.0,1.0,Europe,Model S,-0.8767522891647751,-0.902824757250833,-1.348817940639765,100.0,590.0,572.77,Estimated (Region),14372.0,2017-01-01,0.9711212304750587,1,-0.0260724680860579,1.6832162722899249,1.1825792171224316
2021.0,1.0,Asia,Model 3,-0.537252785680213,-0.5805086902353933,0.8549941824646292,60.0,359.0,420.46,Interpolated (Month),8256.0,2021-01-01,0.9254862066963367,1,-0.04325590455518036,-0.8767522891647751,-0.45934800626949834
2019.0,5.0,Middle East,Model 3,1.0303912539876492,0.8599366027046926,-1.3720765328245788,75.0,417.0,874.26,Official (Quarter),13525.0,2019-05-01,1.198217695056634,2,-0.17045465128295656,-0.537252785680213,-1.4137756592241435
2016.0,9.0,Asia,Model S,1.0344571163048295,1.0155779373232188,1.6715176409796813,60.0,349.0,732.53,Interpolated (Month),4515.0,2016-09-01,1.0185895914905074,3,-0.018879178981610734,1.0303912539876492,1.7291133187404923
2020.0,1.0,Asia,Model Y,0.424323652332948,0.4054545154928272,0.29040558767532,100.0,567.0,985.9,Official (Quarter),4971.0,2020-01-01,1.0465382333137554,1,-0.018869136840120815,1.0344571163048295,0.12322595962028793
2025.0,9.0,North America,Model S,2.015600516719421,1.838857214106283,-0.2125058629147003,60.0,355.0,950.73,Interpolated (Month),5009.0,2025-09-01,1.0961158382811351,3,-0.1767433026131382,0.424323652332948,-0.4283269270967764
2022.0,4.0,North America,Model S,0.0340008698836311,0.1190556795432012,-0.3048811677959129,120.0,681.0,1027.22,Estimated (Region),7885.0,2022-04-01,0.2855879703856829,2,0.0850548096595701,2.015600516719421,-0.010366224916198336
2025.0,3.0,Middle East,Cybertruck,-1.1977012958272018,-1.1819462457296075,-0.9837522308201658,100.0,594.0,464.12,Estimated (Region),4024.0,2025-03-01,1.013329751800911,1,0.01575505009759426,0.0340008698836311,1.178241321626213
2016.0,12.0,North America,Cybertruck,-1.193889549904845,-1.1734951325376517,0.14970589164632,100.0,588.0,460.76,Estimated (Region),13003.0,2016-12-01,1.0173792091690155,4,0.020394417367193274,-1.1977012958272018,-0.17873229959572848
2022.0,5.0,Europe,Model 3,0.6654801110207097,0.7611055289876496,-1.4283931915721475,120.0,710.0,1335.62,Official (Quarter),11787.0,2022-05-01,0.8743598432478453,2,0.09562541796693991,-1.193889549904845,-0.9505672597086586
2017.0,6.0,North America,Model X,-0.9174109123365788,-0.8739501205116493,1.6347502278312804,75.0,435.0,411.86,Interpolated (Month),3923.0,2017-06-01,1.0497291444956671,2,0.04346079182492946,0.6654801110207097,-1.499737697957125
2023.0,11.0,North America,Model S,0.7102045965096939,0.492782685143041,0.5987172509682576,60.0,344.0,656.2,Estimated (Region),7161.0,2023-11-01,1.441212562701024,4,-0.2174219113666529,-0.9174109123365788,0.4252117436473045
2016.0,10.0,Asia,Model S,1.6585669819920186,1.7024656373138791,0.7096129461046373,82.0,460.0,1134.98,Official (Quarter),9148.0,2016-10-01,0.9742146599850773,4,0.04389865532186055,0.7102045965096939,1.1769406024032332
2024.0,1.0,Middle East,Model X,1.3886953706891705,1.2709893582356722,0.1611997466366783,100.0,561.0,1294.82,Official (Quarter),8327.0,2024-01-01,1.0926097545119435,1,-0.11770601245349832,1.6585669819920186,0.22385734191062234
2020.0,9.0,Middle East,Model S,-0.1515040983377239,-0.1264961093119698,0.7516021728975225,100.0,596.0,833.74,Official (Quarter),13947.0,2020-09-01,1.1976976933265069,3,0.0250079890257541,1.3886953706891705,-0.11387080951351322
2023.0,5.0,Middle East,Cybertruck,0.4088225522486978,0.3634337026772673,0.0439057641363687,60.0,357.0,617.49,Estimated (Region),13491.0,2023-05-01,1.1248889391299415,2,-0.04538884957143047,-0.1515040983377239,0.017949666552659595
2024.0,1.0,North America,Model 3,-1.5509230846322477,-1.5040275596008266,0.3169684457185514,82.0,482.0,276.11,Official (Quarter),8146.0,2024-01-01,1.0311799639122752,1,0.04689552503142114,0.4088225522486978,-0.49159367956490485
2015.0,3.0,Middle East,Model 3,-2.038826562693894,-2.002643237926241,-0.7927196390805236,60.0,343.0,97.7,Estimated (Region),3941.0,2015-03-01,1.018067783658322,1,0.03618332476765307,-1.5509230846322477,1.616217856926488
2023.0,3.0,Europe,Model S,1.882443525831764,1.9041185881997225,-0.8539082012493032,82.0,490.0,1273.75,Estimated (Region),3343.0,2023-03-01,0.9886167476635731,1,0.021675062367958464,-2.038826562693894,-1.6074339650963978
2019.0,8.0,Asia,Model Y,1.3322815310382927,1.3810885828753234,0.456969315364137,60.0,342.0,777.96,Interpolated (Month),4731.0,2019-08-01,0.964660447966764,3,0.04880705183703071,1.882443525831764,0.6088117791108528
2017.0,12.0,Europe,Model S,0.7899971444843589,0.5878577085525479,-1.668359038129337,60.0,354.0,691.95,Official (Quarter),9296.0,2017-12-01,1.3438577618205068,4,-0.20213943593181094,1.3322815310382927,-1.3179988760968477
2023.0,6.0,Europe,Model S,0.9302693944270822,0.7895106594383912,-1.4769889619555991,100.0,594.0,1210.25,Estimated (Region),13172.0,2023-06-01,1.1782860475738455,2,-0.14075873498869107,0.7899971444843589,-1.37399762721392
2022.0,7.0,Europe,Model S,0.3201359304552007,0.2336152139230516,-1.3663611668339135,60.0,333.0,558.54,Estimated (Region),6494.0,2022-07-01,1.3703556591166508,3,-0.08652071653214913,0.9302693944270822,-0.43742130348222863
2019.0,4.0,Asia,Model X,0.315307718953549,0.3892565485415779,-0.7835265432145052,82.0,481.0,805.41,Estimated (Region),3619.0,2019-04-01,0.8100254706951188,2,0.0739488295880289,0.3201359304552007,-0.24705196708052496
2023.0,1.0,North America,Model S,-0.0221588533724229,-0.181663098203906,0.3953612585526821,82.0,480.0,708.12,Interpolated (Month),8000.0,2023-01-01,0.12197773566291878,1,-0.1595042448314831,0.315307718953549,-0.008760752157405462
2017.0,8.0,Asia,Model X,-0.5949372073052096,-0.5290977516509933,0.5499017926321258,100.0,585.0,665.23,Official (Quarter),3100.0,2017-08-01,1.124437224404699,3,0.06583945565421634,-0.0221588533724229,-0.3271570368006854
2025.0,1.0,North America,Model X,-0.9773823815149896,-0.9178489584809773,-1.7077110154269208,120.0,692.0,630.69,Official (Quarter),12525.0,2025-01-01,1.0648618952867137,1,0.05953342303401232,-0.5949372073052096,1.669086659197345
2018.0,12.0,North America,Cybertruck,-0.3799547372842968,-0.2877715193918002,1.5389150862111325,82.0,476.0,601.69,Estimated (Region),11899.0,2018-12-01,1.3203347505942358,4,0.09218321789249662,-0.9773823815149896,-0.5847180772841918
2024.0,5.0,North America,Cybertruck,1.1155202462536136,0.971679099353891,-0.0761288504252094,60.0,333.0,714.88,Estimated (Region),7740.0,2024-05-01,1.1480335915379558,2,-0.1438411468997226,-0.3799547372842968,-0.0849232739733341
2021.0,2.0,Middle East,Model 3,1.077656903424871,0.9021921686644736,0.6591085745033278,100.0,556.0,1181.19,Interpolated (Month),8104.0,2021-02-01,1.1944870958258706,1,-0.17546473476039748,1.1155202462536136,0.7102929054200372
2025.0,9.0,North America,Model 3,0.360286320837357,0.2664806541139923,-0.1852426873933539,60.0,351.0,597.05,Estimated (Region),7510.0,2025-09-01,1.3520167984998923,3,-0.09380566672336471,1.077656903424871,-0.06674040630297613
2025.0,11.0,Europe,Cybertruck,-0.1908921395354089,-0.0281345418833688,0.6253914440825302,100.0,586.0,806.13,Interpolated (Month),5555.0,2025-11-01,6.784974154786261,4,0.1627575976520401,0.360286320837357,-0.11938231080805323
2024.0,9.0,Asia,Model X,-0.3845288323911247,-0.4410653225681163,0.9269872168401286,100.0,588.0,741.67,Official (Quarter),6509.0,2024-09-01,0.8718183287504758,3,-0.05653649017699164,-0.1908921395354089,-0.356453312133033
2016.0,9.0,Europe,Model X,1.1782869957750857,1.169575999932198,1.1466572763842888,60.0,340.0,742.51,Official (Quarter),5085.0,2016-09-01,1.0074479946949944,3,-0.008710995842887703,-0.3845288323911247,1.3510913573744858
2024.0,2.0,Asia,Cybertruck,1.8981987423108373,2.176197482351867,-1.4438603169103084,75.0,446.0,1163.52,Interpolated (Month),4513.0,2024-02-01,0.872254819566931,1,0.27799874004102976,1.1782869957750857,-2.7407338376316743
2015.0,3.0,North America,Cybertruck,-1.0688642836515485,-0.9704336627864824,1.58392328274289,60.0,357.0,306.09,Interpolated (Month),7441.0,2015-03-01,1.1014295202646152,1,0.09843062086506615,1.8981987423108373,-1.6929990249679883
2015.0,4.0,Asia,Model Y,-0.5817231547743734,-0.5079699686711028,0.8902163244707582,82.0,455.0,520.95,Estimated (Region),13830.0,2015-04-01,1.1451920204972272,2,0.07375318610327064,-1.0688642836515485,-0.5178594487027767
2018.0,7.0,North America,Model S,-0.709289584975908,-0.5791001713700673,0.6458756060595093,82.0,489.0,523.06,Official (Quarter),4710.0,2018-07-01,1.2248132879978801,3,0.1301894136058407,-0.5817231547743734,-0.45811284056801244
2025.0,3.0,Asia,Model X,0.5168220200488018,0.7244840384891729,-1.329520690045142,120.0,710.0,1273.31,Estimated (Region),8997.0,2025-03-01,0.7133656403618968,1,0.20766201844037102,-0.709289584975908,-0.6871255687258072
2017.0,4.0,Asia,Cybertruck,-1.0853818493150935,-1.1291267882798817,-1.7298771322271371,75.0,439.0,372.12,Interpolated (Month),14602.0,2017-04-01,0.961257726396316,2,-0.04374493896478815,0.5168220200488018,1.8775772408645806
2018.0,8.0,North America,Model X,-2.2062892668827607,-2.1878634687166136,1.384376540257957,82.0,459.0,85.37,Official (Quarter),3270.0,2018-08-01,1.0084218226729456,3,0.01842579816614709,-1.0853818493150935,-3.054335102095421
2025.0,5.0,North America,Model X,0.275919677755864,0.2390145362401347,1.265407064344783,75.0,419.0,691.85,Estimated (Region),9530.0,2025-05-01,1.1544054269513182,2,-0.03690514151572932,-2.2062892668827607,0.3491507094240064
2022.0,12.0,Europe,Cybertruck,-0.445008534359183,-0.3715783918786989,-1.205648991785161,82.0,488.0,598.12,Official (Quarter),13713.0,2022-12-01,1.1976168261809348,4,0.07343014248048407,0.275919677755864,0.5365240907859411
2018.0,2.0,Middle East,Cybertruck,1.3597261016792603,1.2486878095346767,-1.5949385290929805,100.0,579.0,1326.46,Estimated (Region),7772.0,2018-02-01,1.0889239818765926,1,-0.1110382921445836,-0.445008534359183,-2.168679548581652
2021.0,5.0,Asia,Model S,-0.0968690734506125,-0.1706297004255187,1.2401096486715175,100.0,567.0,811.46,Official (Quarter),14676.0,2021-05-01,0.5677151938322524,2,-0.0737606269749062,1.3597261016792603,-0.12012827264397449
2018.0,5.0,Asia,Model S,-1.0236315653729164,-0.9777110102573336,-0.3574516996218678,120.0,705.0,623.29,Estimated (Region),8450.0,2018-05-01,1.046967411263474,2,0.045920555115582795,-0.0968690734506125,0.36589884282914203
2015.0,7.0,North America,Cybertruck,-1.402010877265516,-1.4516776084395424,-1.203174271612318,60.0,337.0,222.67,Official (Quarter),4928.0,2015-07-01,0.9657866657959856,3,-0.049666731174026424,-1.0236315653729164,1.6868634160464842
2021.0,8.0,North America,Model S,-0.5054882363272412,-0.5225246636128051,0.034314048953496,82.0,470.0,559.28,Official (Quarter),6248.0,2021-08-01,0.9673959365520245,3,-0.017036427285563982,-1.402010877265516,-0.017345348086749306
2024.0,8.0,Europe,Model 3,0.4975091740421949,0.5676689381495416,-1.1255329705077184,75.0,430.0,766.26,Estimated (Region),10781.0,2024-08-01,0.8764072518463845,3,0.07015976410734664,-0.5054882363272412,-0.5599629785145531
2020.0,3.0,North America,Model X,0.5071655970454985,0.7078165652494814,-1.1933161475094525,60.0,336.0,600.67,Interpolated (Month),5541.0,2020-03-01,0.7165212315520473,1,0.20065096820398298,0.4975091740421949,-0.6052088964156656
2019.0,1.0,North America,Model 3,0.801178265856605,0.7071123058168185,0.1175787652088381,120.0,693.0,1359.15,Estimated (Region),10206.0,2019-01-01,1.1330283170947315,1,-0.09406596003978651,0.5071655970454985,0.09420155121157783
2015.0,4.0,Asia,Model S,0.9340811403494388,1.0425745489086344,1.0604829373348474,100.0,564.0,1150.39,Official (Quarter),5129.0,2015-04-01,0.8959370256325877,2,0.10849340855919565,0.801178265856605,0.9905771114268568
2019.0,4.0,Middle East,Model X,1.0087913604276284,1.0512604152448115,0.8381612143799382,100.0,560.0,1166.93,Interpolated (Month),13099.0,2019-04-01,0.9596017749728614,2,0.042469054817183105,0.9340811403494388,0.8455297917120109
2017.0,8.0,North America,Model S,0.3529169453874675,0.3657812341194774,-1.3335217941607045,60.0,348.0,590.43,Estimated (Region),4406.0,2017-08-01,0.9648306486718016,3,0.012864288732009899,1.0087913604276284,-0.470622438202811
2018.0,8.0,Asia,Cybertruck,-0.7730728000766752,-0.7870914571498776,-1.0054461676315891,120.0,718.0,740.98,Interpolated (Month),10747.0,2018-08-01,0.9821892907795429,3,-0.014018657073202379,0.3529169453874675,0.7772830841373147
2024.0,12.0,Asia,Model S,0.0805041701363817,0.2197647784140123,0.4871704444789109,120.0,683.0,1048.99,Estimated (Region),8109.0,2024-12-01,0.36631971109001293,4,0.1392606082776306,-0.7730728000766752,0.03921925234774694
2022.0,10.0,Middle East,Model 3,-0.3728394782292311,-0.3408257299857473,0.0177340699364853,60.0,349.0,442.62,Estimated (Region),14674.0,2022-10-01,1.0939299631070183,4,0.0320137482434838,0.0805041701363817,-0.006611961381999872
2020.0,9.0,Europe,Model 3,-0.8706534956890045,-0.8662032667523563,1.3504779933151505,75.0,426.0,415.09,Interpolated (Month),11996.0,2020-09-01,1.0051376265911967,3,0.0044502289366482595,-0.3728394782292311,-1.1757983857309078
2017.0,1.0,North America,Model S,-0.96798007490651,-0.8934346314819928,-0.7651378663246334,60.0,336.0,308.1,Estimated (Region),14489.0,2017-01-01,1.0834369306916884,1,0.07454544342451719,-0.8706534956890045,0.7406382091587259
2021.0,10.0,Middle East,Model X,0.3064136451347169,0.2876084370938827,-0.3154127696722675,60.0,350.0,584.22,Official (Quarter),5998.0,2021-10-01,1.0653847579398228,4,-0.018805208040834243,-0.96798007490651,-0.09664677647731637
2016.0,1.0,Asia,Cybertruck,-0.4714366394208554,-0.5096132406806498,-0.4440793314605505,75.0,449.0,543.31,Interpolated (Month),3481.0,2016-01-01,0.9250871087870381,1,-0.03817660125979444,0.3064136451347169,0.20935526766002208
2016.0,10.0,North America,Model S,-0.9311331976570628,-0.8497705466568859,-0.7555307431631793,60.0,356.0,334.18,Official (Quarter),4350.0,2016-10-01,1.0957466122122834,4,0.08136265100017692,-0.4714366394208554,0.7034997568097482
2023.0,12.0,Asia,Model S,-1.085890082104741,-1.0434418906392149,-0.9902693087286448,120.0,685.0,580.43,Estimated (Region),5372.0,2023-12-01,1.04068093474714,4,0.04244819146552614,-0.9311331976570628,1.0753236209611532
2015.0,12.0,Asia,Model Y,-1.068101934467077,-0.9788847759784386,-0.9349422398312724,82.0,459.0,393.75,Official (Quarter),3373.0,2015-12-01,1.0911416345192027,4,0.08921715848863843,-1.085890082104741,0.998613614978764
2016.0,10.0,North America,Model X,-5.072702275459149e-05,-0.0671035638240556,0.3468127061681107,120.0,677.0,1007.58,Official (Quarter),6599.0,2016-10-01,0.0007559512470544317,4,-0.06705283680130102,-1.068101934467077,-1.7592776037371205e-05
2021.0,2.0,Asia,Cybertruck,-0.5779114088520168,-0.5436524465926955,-1.164650348905607,60.0,352.0,403.81,Interpolated (Month),6614.0,2021-02-01,1.0630162937259584,1,0.034258962259321235,-5.072702275459149e-05,0.6730647239560322
2022.0,9.0,Middle East,Model Y,-0.7547764196493635,-0.7492962009302958,0.9386644764787656,82.0,460.0,479.69,Estimated (Region),6233.0,2022-09-01,1.0073138215731825,3,0.0054802187190676754,-0.5779114088520168,-0.7084818128086868
2024.0,7.0,Europe,Model 3,-2.14225193538717,-2.111568696844787,0.157321409318202,75.0,445.0,99.59,Interpolated (Month),9522.0,2024-07-01,1.014531016011097,3,0.030683238542382973,-0.7547764196493635,-0.3370220935897553
2020.0,10.0,Middle East,Cybertruck,2.1523151371346114,2.1480271050453466,-0.8033590968069498,120.0,687.0,1895.3,Interpolated (Month),8649.0,2020-10-01,1.0019962653540047,4,-0.0042880320892648705,-2.14225193538717,-1.7290819446123877
2017.0,5.0,Europe,Model X,-0.3738559438085262,-0.2680522552772358,-1.695279261869349,82.0,479.0,607.2,Interpolated (Month),14643.0,2017-05-01,1.3947129205156727,2,0.10580368853129041,2.1523151371346114,0.6337902284651872
2020.0,9.0,North America,Model 3,0.3925591029799763,0.5671994318610996,0.7698934316002325,120.0,705.0,1212.64,Official (Quarter),5628.0,2020-09-01,0.6921006632392209,3,0.17464032888112324,-0.3738559438085262,0.302228674899163
2019.0,8.0,North America,Model S,0.3958626161126853,0.2955900439973969,-1.5009071150300215,82.0,461.0,793.84,Interpolated (Month),13946.0,2019-08-01,1.3392285164928337,3,-0.1002725721152884,0.3925591029799763,-0.5941530170979274
2019.0,9.0,Europe,Model S,-0.2135084986747248,-0.1675779095506457,0.154004717670606,100.0,556.0,757.44,Estimated (Region),7509.0,2019-09-01,1.2740849867816133,3,0.0459305891240791,0.3958626161126853,-0.03288131605867595
2023.0,1.0,Europe,Model Y,1.248677237141271,1.2949341789462148,0.63724266476967,75.0,449.0,999.2,Interpolated (Month),5788.0,2023-01-01,0.9642785382013884,1,0.04625694180494366,-0.2135084986747248,0.7957104100331327
2024.0,3.0,North America,Model X,-0.4165474981389203,-0.5316800362374243,-0.7376540087874727,75.0,441.0,547.92,Interpolated (Month),4819.0,2024-03-01,0.7834552169510253,1,-0.11513253809850404,1.248677237141271,0.30726793185256684
2015.0,12.0,North America,Model 3,0.1686825591402313,0.2937120188436288,0.0305873062630008,120.0,660.0,1048.01,Interpolated (Month),6444.0,2015-12-01,0.5743127564351981,4,0.1250294597033975,-0.4165474981389203,0.005159545097649
2020.0,8.0,Europe,Cybertruck,0.0355255682525737,-0.0206224412682966,0.9269698207352788,82.0,468.0,706.35,Estimated (Region),8810.0,2020-08-01,-1.722665507462885,3,-0.0561480095208703,0.1686825591402313,0.032931129634607155
2021.0,11.0,Middle East,Model S,0.4639658099254568,0.6402076597138321,1.147105598857859,120.0,679.0,1196.53,Official (Quarter),5847.0,2021-11-01,0.724711432120081,4,0.17624184978837532,0.0355255682525737,0.5322177782441126
2023.0,1.0,Middle East,Model X,-0.9466342977413128,-0.9349859380091108,-0.8915762355973801,82.0,458.0,425.73,Official (Quarter),3778.0,2023-01-01,1.0124583261187918,1,0.011648359732202018,0.4639658099254568,0.8439966436675691
2023.0,11.0,North America,Model X,-1.158059138234693,-1.0849931971663327,-0.65700417560691,60.0,358.0,288.1,Interpolated (Month),5155.0,2023-11-01,1.0673423033980176,4,0.07306594106836029,-0.9466342977413128,0.7608496894199331
2025.0,8.0,Asia,Model S,0.4893774494078342,0.4195397041460875,0.973728065414974,120.0,711.0,1263.59,Estimated (Region),8227.0,2025-08-01,1.166462779497572,3,-0.06983774526174669,-1.158059138234693,0.4765205570696047
2022.0,6.0,North America,Model Y,0.0990546669585172,0.112013085216571,1.0677888043403947,82.0,483.0,747.1,Estimated (Region),9976.0,2022-06-01,0.8843133529176576,2,0.0129584182580538,0.4893774494078342,0.10576946439597108
2016.0,3.0,Middle East,Model Y,-1.1875366400342506,-1.1331175917316387,1.2668569054261614,120.0,673.0,529.89,Estimated (Region),4148.0,2016-03-01,1.0480259495569637,1,0.054419048302611905,0.0990546669585172,-1.504438992873972
2025.0,12.0,Europe,Model 3,1.671781034522855,1.93158470607358,1.1580890024287531,100.0,573.0,1418.26,Interpolated (Month),11849.0,2025-12-01,0.8654971377989217,4,0.25980367155072503,-1.1875366400342506,1.936071230549882
2019.0,3.0,Middle East,Model Y,0.8306557676561628,1.017455962476987,-1.7134900014581809,120.0,708.0,1400.88,Official (Quarter),14380.0,2019-03-01,0.8164046389132549,1,0.18680019482082422,1.671781034522855,-1.4233203525324047
2021.0,3.0,Europe,Model 3,-0.7662116574164334,-0.8708983296367763,-1.3068794110667292,100.0,599.0,620.59,Official (Quarter),6782.0,2021-03-01,0.8797946113135797,1,-0.10468667222034289,0.8306557676561628,1.0013462395968509
2021.0,4.0,Europe,Model 3,0.3155618353483728,0.2744622610175065,-0.0224762808775673,120.0,712.0,1192.32,Official (Quarter),7954.0,2021-04-01,1.1497458126975235,2,-0.041099574330866306,-0.7662116574164334,-0.007092656445530672
2020.0,2.0,Europe,Model Y,0.9917655619744355,1.215587616199515,-0.050320486300913,120.0,663.0,1374.9,Official (Quarter),9620.0,2020-02-01,0.8158733675447847,1,0.2238220542250794,0.3155618353483728,-0.04990612537505187
2020.0,5.0,Asia,Model S,-1.0515843688035316,-1.05635331357137,-0.7355719435526787,100.0,586.0,508.41,Estimated (Region),8440.0,2020-05-01,0.9954854642792614,2,-0.004768944767838512,0.9917655619744355,0.7735159579704306
2019.0,6.0,North America,Model 3,0.6146568320559548,0.5150842338440365,0.4885924517925288,120.0,680.0,1258.78,Official (Quarter),14972.0,2019-06-01,1.1933132324179585,2,-0.09957259821191833,-1.0515843688035316,0.30031668858524757
2021.0,10.0,Europe,Model Y,0.6446425666451602,0.4979472543159031,1.3873139968198176,75.0,437.0,816.69,Official (Quarter),13582.0,2021-10-01,1.2946001028377838,4,-0.1466953123292571,0.6146568320559548,0.8943216556526828
2016.0,10.0,Asia,Model Y,0.5800970023599216,0.4728286678842556,-0.476037964196769,75.0,430.0,787.22,Official (Quarter),3547.0,2016-10-01,1.226865124222807,4,-0.10726833447566597,0.6446425666451602,-0.27614819604006535
2020.0,3.0,Asia,Model Y,0.0355255682525737,0.1864298319346296,-0.7932370489419268,82.0,466.0,703.33,Official (Quarter),9827.0,2020-03-01,0.19055731523177316,1,0.1509042636820559,0.5800970023599216,-0.028180196922656563
2020.0,2.0,North America,Model 3,0.3765497701060785,0.3075624543526681,-0.6404853314726586,100.0,575.0,983.59,Interpolated (Month),14288.0,2020-02-01,1.2243034374875474,1,-0.06898731575341038,0.0355255682525737,-0.24117460432234508
2025.0,6.0,Asia,Model 3,-0.0290199960326648,-0.0570091786225524,0.7564367989511961,120.0,666.0,979.82,Estimated (Region),6245.0,2025-06-01,0.5090407673613581,2,-0.0279891825898876,0.3765497701060785,-0.021951792904525372
2019.0,9.0,Middle East,Model X,-0.4572061213107241,-0.4802690976530242,1.5603495725445031,100.0,570.0,694.52,Interpolated (Month),12262.0,2019-09-01,0.9519790541281874,3,-0.023062976342300145,-0.0290199960326648,-0.7134013759519185
2016.0,12.0,North America,Model S,-0.0701868519941162,-0.182836863925011,-1.6537577417811529,120.0,705.0,1020.06,Interpolated (Month),8502.0,2016-12-01,0.38387691895056103,4,-0.1126500119308948,-0.4572061213107241,0.11607204985651762
2025.0,10.0,Asia,Model X,-1.2475081092126614,-1.289228432638607,-1.489600640940479,75.0,441.0,331.61,Official (Quarter),5996.0,2025-10-01,0.9676393086207706,4,-0.04172032342594556,-0.0701868519941162,1.8582888790616254
2021.0,8.0,Asia,Model 3,0.2688044187007983,0.2488741682974169,1.0131083735118855,75.0,435.0,716.44,Official (Quarter),4357.0,2021-08-01,1.0800816353891889,3,-0.019930250403381394,-1.2475081092126614,0.27232800742277363
2022.0,11.0,Middle East,Model Y,2.8902691477028517,3.03422022447964,-1.3535844733687397,60.0,352.0,1124.43,Estimated (Region),4630.0,2022-11-01,0.9525574723893103,4,0.14395107677678842,0.2688044187007983,-3.9122234421872806
2018.0,5.0,Middle East,Cybertruck,-0.7207248227429778,-0.6206514778971851,0.2724413757437952,120.0,680.0,722.77,Official (Quarter),12636.0,2018-05-01,1.161239195280496,2,0.10007334484579267,2.8902691477028517,-0.19635526224079977
2016.0,4.0,Middle East,Model Y,0.5651041350653189,0.4977125011716821,1.6593582607209083,120.0,698.0,1271.69,Official (Quarter),12869.0,2016-04-01,1.1354027349825206,2,-0.06739163389363678,-0.7207248227429778,0.9377102146881807
2019.0,2.0,Middle East,Cybertruck,1.8478836961357303,1.9536515016303544,0.5659524330301213,75.0,413.0,1065.17,Interpolated (Month),7419.0,2019-02-01,0.9458614776451383,1,0.10576780549462406,0.5651041350653189,1.04581427378471
2023.0,1.0,North America,Model 3,2.2143195374716123,2.370103579478417,-0.9452173734189778,82.0,460.0,1285.88,Official (Quarter),4937.0,2023-01-01,0.9342712093447461,1,0.15578404200680485,1.8478836961357303,-2.093013297119243
2023.0,5.0,North America,Model Y,1.0692710623956867,1.259251701024622,-1.6279036507526787,75.0,440.0,932.58,Official (Quarter),12105.0,2023-05-01,0.8491321167369853,2,0.18998063862893533,2.2143195374716123,-1.7406702661181337
2020.0,2.0,Europe,Cybertruck,2.382544590844951,2.6001616608150018,1.7332539319354603,100.0,571.0,1652.87,Interpolated (Month),6843.0,2020-02-01,0.916306330775664,1,0.2176170699700508,1.0692710623956867,4.1295547800935735
2019.0,6.0,Middle East,Model S,-0.754268186859716,-0.8234781945041333,-1.0801037882385838,100.0,559.0,583.09,Estimated (Region),3684.0,2019-06-01,0.9159540494134238,2,-0.06921000764441732,2.382544590844951,0.8146879259750271
2021.0,7.0,Europe,Model S,-2.0413677266421315,-2.044664050741801,-0.1628529063879194,120.0,707.0,200.33,Estimated (Region),10085.0,2021-07-01,0.9983878407318436,3,-0.003296324099669512,-0.754268186859716,0.3324426672901709
2019.0,7.0,Middle East,Cybertruck,0.7983829855135435,0.9158078510292916,1.5221601520824843,100.0,597.0,1169.88,Interpolated (Month),5097.0,2019-07-01,0.8717800187192407,3,0.11742486551574816,-2.0413677266421315,1.2152667666493633
2023.0,12.0,Middle East,Cybertruck,-0.3436160928244971,-0.2041994000491225,-1.2308703616286525,75.0,419.0,538.62,Estimated (Region),13352.0,2023-12-01,1.6827478079849223,4,0.13941669277537463,0.7983829855135435,0.4229468644363134
2015.0,3.0,North America,Model Y,0.3663851143131276,0.397003402300871,-0.0214270472393123,75.0,419.0,714.23,Official (Quarter),11669.0,2015-03-01,0.9228765098477942,1,0.03061828798774341,-0.3436160928244971,-0.007850551152168221
2020.0,1.0,Asia,Model S,1.6443364638818874,1.351040180415035,0.0679471810394444,75.0,413.0,1015.55,Interpolated (Month),9830.0,2020-01-01,1.2170892381429788,1,-0.29329628346685244,0.3663851143131276,0.11172802740114243
2015.0,9.0,Asia,Model Y,1.0860427444540557,1.1430488946352244,-0.3105711851766531,120.0,693.0,1475.67,Estimated (Region),8233.0,2015-09-01,0.950127986257875,3,0.057006150181168724,1.6443364638818874,-0.3372935822976011
2023.0,6.0,Asia,Model S,-0.5392857168388031,-0.6666630941645021,0.950276624982106,82.0,486.0,568.62,Interpolated (Month),10369.0,2023-06-01,0.8089329101300633,2,-0.12737737732569898,1.0860427444540557,-0.5124706108986334
2018.0,5.0,Middle East,Model X,0.1529273426611573,0.1176471606778752,-0.5587345733708576,120.0,667.0,1052.93,Official (Quarter),7700.0,2018-05-01,1.299881287232093,2,-0.03528018198328209,-0.5392857168388031,-0.08544579355852068
2020.0,4.0,North America,Model 3,-0.4958318133239378,-0.5985846823404106,-0.3211664070936036,82.0,470.0,561.96,Estimated (Region),9489.0,2020-04-01,0.8283402966231634,2,-0.10275286901647285,0.1529273426611573,0.15924452200795547
2015.0,10.0,Asia,Cybertruck,-1.079283055839323,-0.9847536045839635,1.6435213438967875,120.0,716.0,609.49,Estimated (Region),8690.0,2015-10-01,1.0959929984671608,4,0.09452945125535939,-0.4958318133239378,-1.7738247383780756
2015.0,9.0,Middle East,Model S,-0.0785726930233007,0.0577851089015189,1.0478682761605642,75.0,428.0,617.15,Official (Quarter),3269.0,2015-09-01,-1.359739464317863,3,0.1363578019248196,-1.079283055839323,-0.08233383239161929
2017.0,9.0,Middle East,Model S,1.370398990261859,1.3975213029707938,0.4381651200841272,120.0,711.0,1633.34,Official (Quarter),10043.0,2017-09-01,0.9805925586599078,3,0.027122312708934837,-0.0785726930233007,0.6004610381312542
2021.0,12.0,Asia,Cybertruck,0.2710914662542123,0.3437144385627029,1.1922609167334937,120.0,684.0,1127.47,Interpolated (Month),12214.0,2021-12-01,0.7887113133443704,4,0.07262297230849057,1.370398990261859,0.3232117600748741
2024.0,11.0,Europe,Model X,-0.8083949789571798,-0.7516437323725058,0.6316078178928834,75.0,423.0,427.72,Interpolated (Month),6963.0,2024-11-01,1.0755028534669517,4,0.05675124658467401,0.2710914662542123,-0.5105885886547078
2019.0,3.0,Asia,Model 3,-0.5748620121141315,-0.5772221462162992,0.373044044156052,75.0,428.0,491.77,Official (Quarter),3325.0,2019-03-01,0.9959112204588156,1,-0.0023601341021677325,-0.8083949789571798,-0.21444884983074097
2018.0,7.0,Middle East,Model X,-0.8061079314037659,-0.854935115829748,0.6828905409283509,75.0,433.0,438.41,Interpolated (Month),12554.0,2018-07-01,0.9428878478355712,3,-0.048827184425982106,-0.5748620121141315,-0.5504834813229517
2024.0,8.0,Middle East,Model 3,-1.4304719134857786,-1.3514380158571733,0.3135414130630473,100.0,565.0,363.83,Official (Quarter),8396.0,2024-08-01,1.0584813337358108,3,0.07903389762860535,-0.8061079314037659,-0.4485121851013322
2022.0,3.0,Middle East,Cybertruck,0.1791013313280061,0.1732836558582533,0.4129069699046669,75.0,427.0,680.66,Official (Quarter),5380.0,2022-03-01,1.0335731344132748,1,-0.005817675469752787,-1.4304719134857786,0.07395218802453879
2018.0,12.0,North America,Model 3,0.2667714875422081,0.3615556775234992,1.463122742536333,100.0,571.0,939.75,Estimated (Region),7105.0,2018-12-01,0.7378434474310512,4,0.09478418998129112,0.1791013313280061,0.3903194304832527
2021.0,7.0,Middle East,Model 3,-0.3253197123971854,-0.4502206951927356,0.0407640276004099,60.0,359.0,465.37,Official (Quarter),11318.0,2021-07-01,0.7225783174136826,3,-0.12490098279555023,0.2667714875422081,-0.013261341735116275
2023.0,11.0,Europe,Model X,0.3559663421253528,0.4124971098194573,-1.6278917219950673,120.0,703.0,1194.01,Interpolated (Month),13865.0,2023-11-01,0.8629547544736809,4,0.05653076769410453,-0.3253197123971854,-0.5794746616547258
2022.0,11.0,Europe,Cybertruck,-0.2551835874258237,-0.3697003667249309,-0.9973132400983036,60.0,330.0,441.44,Interpolated (Month),8207.0,2022-11-01,0.6902443448634407,4,-0.1145167792991072,0.3559663421253528,0.25449797039555694
2025.0,10.0,Asia,Model S,0.9127353631842418,0.918155382471502,0.6371169157831809,60.0,343.0,695.3,Estimated (Region),5900.0,2025-10-01,0.994096838736957,4,0.005420019287260214,-0.2551835874258237,0.5815191395181856
2016.0,7.0,Europe,Model X,1.2479148879567998,1.2407062026311626,-1.4669022033318442,82.0,453.0,1007.9,Interpolated (Month),7010.0,2016-07-01,1.0058101469230587,3,-0.007208685325637232,0.9127353631842418,-1.8305690987144412
2018.0,2.0,Europe,Model Y,-1.8281640713849847,-1.8573310416534388,-0.7886618733663059,60.0,330.0,135.04,Interpolated (Month),14740.0,2018-02-01,0.9842962995748518,1,-0.02916697026845405,1.2479148879567998,1.4418033013594551
2017.0,12.0,Europe,Model X,0.7770372083483464,0.971913852498112,-0.8112842651451664,82.0,476.0,926.77,Official (Quarter),11141.0,2017-12-01,0.7994918545004027,4,0.19487664414976558,-1.8281640713849847,-0.6303980605653398
2019.0,4.0,Middle East,Model 3,1.19810807457134,1.2475140438135717,-1.4268215777568174,120.0,700.0,1536.88,Estimated (Region),3769.0,2019-04-01,0.9603964624789306,2,0.04940596924223173,0.7770372083483464,-1.7094864532830618
2017.0,1.0,Middle East,Model S,-1.7786113743943492,-1.7383111975333894,-0.6300501537203314,120.0,660.0,289.38,Estimated (Region),9133.0,2017-01-01,1.0231835225580694,1,0.04030017686095988,1.19810807457134,1.1206143698458895
2020.0,12.0,Europe,Cybertruck,-1.884577911035863,-1.8944220384403576,0.5917354485444926,82.0,473.0,177.8,Estimated (Region),12994.0,2020-12-01,0.9948036249553984,4,-0.009844127404494696,-1.7786113743943492,-1.115171555503849
2016.0,8.0,Asia,Model Y,-0.7926397624781059,-0.85540462211819,1.319160034268989,75.0,445.0,454.1,Estimated (Region),13446.0,2016-08-01,0.9266255313366637,3,-0.06276485964008416,-1.884577911035863,-1.0456186962335814
2020.0,7.0,Middle East,Model Y,-0.1433723737033631,-0.2915275696993363,1.6896687367804546,120.0,683.0,958.73,Interpolated (Month),4826.0,2020-07-01,0.4917969640100543,3,-0.1481551959959732,-0.7926397624781059,-0.24225181756457678
2015.0,9.0,Asia,Model S,0.6225344402954919,0.4085063063677002,-1.4375017920717503,100.0,560.0,1039.25,Interpolated (Month),3318.0,2015-09-01,1.5239285920231131,3,-0.21402813392779169,-0.1433723737033631,-0.8948943735511536
2016.0,9.0,North America,Model X,0.044165525676582,0.2122526777989401,-0.2815221752345347,100.0,599.0,907.13,Official (Quarter),11015.0,2016-09-01,0.20807994572590757,3,0.1680871521223581,0.6225344402954919,-0.012433574858848061
2018.0,8.0,Middle East,Cybertruck,0.7963500543549533,0.981303978266952,-0.4468855716886833,82.0,481.0,941.99,Interpolated (Month),13763.0,2018-08-01,0.8115222927775758,3,0.18495392391199872,0.044165525676582,-0.35587734930472736
2021.0,10.0,Asia,Model X,-0.4948153477446426,-0.5537468317941987,0.9385014501247404,82.0,487.0,582.57,Estimated (Region),5658.0,2021-10-01,0.8935768465552898,4,-0.058931484049556115,0.7963500543549533,-0.46438492140232474
2021.0,10.0,North America,Model S,1.2303808567139594,1.1993896492482656,-0.2584618986450146,100.0,557.0,1233.53,Interpolated (Month),8116.0,2021-10-01,1.0258391486745928,4,-0.030991207465693726,-0.4948153477446426,-0.31800657228276963
2015.0,10.0,Europe,Model Y,0.7391738655196041,0.8716742599157429,0.6819973752021812,60.0,338.0,650.53,Official (Quarter),10082.0,2015-10-01,0.8479932235133955,4,0.1325003943961388,1.2303808567139594,0.50411463610242
2025.0,2.0,Middle East,Model X,-0.2584871005585328,-0.3168809092752048,0.5495280248936283,100.0,595.0,794.77,Official (Quarter),7807.0,2025-02-01,0.8157231723102697,1,-0.05839380871667199,0.7391738655196041,-0.1420459058304112
2015.0,10.0,Middle East,Model 3,0.117351047385829,0.0202246058261581,-1.3155262692404488,120.0,664.0,1034.25,Official (Quarter),11355.0,2015-10-01,5.8023898410939365,4,-0.0971264415596709,-0.2584871005585328,-0.15437838555893874
2020.0,8.0,North America,Cybertruck,-1.043198527774347,-0.9716074285075874,-0.8757577089412444,60.0,356.0,310.63,Interpolated (Month),13929.0,2020-08-01,1.0736831534694267,3,0.07159109926675955,0.117351047385829,0.9135891526545412
2018.0,11.0,Asia,Model 3,-0.7019202095260185,-0.7293421836715104,1.131865119914319,60.0,336.0,360.86,Official (Quarter),8628.0,2018-11-01,0.9624017714052276,4,-0.027421974145491856,-1.043198527774347,-0.7944790021254509
2021.0,9.0,Asia,Model Y,-0.1987697477749459,-0.1455111139938712,1.5918996453325231,100.0,550.0,754.05,Interpolated (Month),5975.0,2021-09-01,1.366010762472191,3,0.053258633781074705,-0.7019202095260185,-0.3164214909857715
2025.0,1.0,Europe,Model Y,0.8560674071385401,0.9179206293272808,-1.1333696672269822,100.0,584.0,1164.29,Official (Quarter),8126.0,2025-01-01,0.9326159362666561,1,0.061853222188740675,-0.1987697477749459,-0.9702408323524727
2025.0,3.0,Middle East,Model 3,1.3574390541258463,1.36864666623161,-0.5573563048351491,120.0,699.0,1600.43,Interpolated (Month),11612.0,2025-03-01,0.9918111720268736,1,0.011207612105763598,0.8560674071385401,-0.7565772152465017
2016.0,5.0,North America,Model 3,0.5867040286253397,0.5279956567761918,-1.4978185608717478,100.0,551.0,1010.89,Estimated (Region),4621.0,2016-05-01,1.1111910128344737,2,-0.0587083718491479,1.3574390541258463,-0.878776183813263
2015.0,12.0,Middle East,Cybertruck,1.8501707436891444,1.6998833527274482,1.0398794877817523,100.0,565.0,1457.95,Interpolated (Month),8462.0,2015-12-01,1.0884104139972672,4,-0.1502873909616962,0.5867040286253397,1.9239546052562513
2021.0,3.0,Europe,Model X,-0.8653170513977052,-0.9453150763548348,-1.362758682035206,75.0,439.0,429.14,Official (Quarter),13254.0,2021-03-01,0.9153742207671071,1,-0.0799980249571296,1.8501707436891444,1.1792183245053274
2016.0,12.0,North America,Model 3,-0.3565760289605096,-0.4150077235595849,1.3965831385156098,60.0,333.0,425.52,Interpolated (Month),14471.0,2016-12-01,0.859203356270342,4,-0.05843169459907527,-0.8653170513977052,-0.49798806964510145
2022.0,5.0,Middle East,Cybertruck,2.024494590538253,2.171737172611668,1.2707054208506083,75.0,436.0,1169.94,Estimated (Region),13275.0,2022-05-01,0.9322005517378767,2,0.14724258207341467,-0.3565760289605096,2.572536250679691
2017.0,5.0,Asia,Model X,1.096969749431478,0.9665145301810288,0.4390702145679088,60.0,347.0,741.14,Official (Quarter),12993.0,2017-05-01,1.1349749177863004,2,-0.13045521925044923,2.024494590538253,0.4816467432573842
2019.0,8.0,Asia,Cybertruck,-0.3311643894781322,-0.4140687109827008,0.8258248908832597,75.0,424.0,548.17,Official (Quarter),9072.0,2019-08-01,0.7997812457072319,3,-0.08290432150456861,1.096969749431478,-0.2734837958051998
2022.0,12.0,Europe,Model X,0.8156629003615601,0.8139249864373757,-1.6860185697101986,100.0,550.0,1083.39,Estimated (Region),5881.0,2022-12-01,1.0021352261610637,4,-0.001737913924184431,-0.3311643894781322,-1.3752227966332697
2024.0,8.0,Asia,Model S,1.5101630074149346,1.5285135574461146,-0.930693116963702,60.0,340.0,809.11,Estimated (Region),10368.0,2024-08-01,0.9879945127461999,3,0.018350550031180024,0.8156629003615601,-1.4054983164942838
2023.0,11.0,Asia,Cybertruck,-0.3298938075040133,-0.2229796515868028,-0.869572151088055,60.0,342.0,442.41,Official (Quarter),11015.0,2023-11-01,1.4794794285324746,4,0.10691415591721051,1.5101630074149346,0.28686646782189357
2022.0,3.0,Middle East,Model S,2.1762020782480462,2.4485111296482325,1.2646157900898791,100.0,594.0,1647.1,Estimated (Region),8614.0,2022-03-01,0.8887858633342999,1,0.27230905140018624,-0.3298938075040133,2.75205951057889
2023.0,8.0,Europe,Model X,0.4322012605724851,0.2427705865476708,0.8866014138828718,60.0,345.0,601.49,Interpolated (Month),7423.0,2023-08-01,1.7802867584521709,3,-0.18943067402481428,2.1762020782480462,0.3831902487055248
2018.0,3.0,Europe,Model S,-0.3614042404621613,-0.3349569013802222,1.0672718915105577,75.0,441.0,562.27,Interpolated (Month),4846.0,2018-03-01,1.0789574389211276,1,0.02644733908193908,0.4322012605724851,-0.3857165873179873
2020.0,5.0,Europe,Model S,0.2334822398202937,0.4223567418767395,-0.3158506544829271,60.0,338.0,549.64,Estimated (Region),9694.0,2020-05-01,0.552808127988716,2,0.1888745020564458,-0.3614042404621613,-0.0737455182573795
2021.0,3.0,Asia,Model 3,-0.6023065827550991,-0.5795696776585093,-1.404282190249671,75.0,420.0,475.78,Official (Quarter),7961.0,2021-03-01,1.039230667119177,1,0.022736905096589766,0.2334822398202937,0.8458084072331252
2017.0,11.0,North America,Model S,-0.0623092437545792,-0.1255570967350858,1.1262407107004424,75.0,414.0,600.94,Interpolated (Month),8023.0,2017-11-01,0.49626222152974836,4,-0.06324785298050661,-0.6023065827550991,-0.07017520696936438
2019.0,7.0,Europe,Model Y,-0.9550201387704976,-0.9319341471342376,-0.8571185281415289,60.0,357.0,330.08,Estimated (Region),6188.0,2019-07-01,1.0247721276307462,3,0.023085991636260017,-0.0623092437545792,0.8185654556884876
2015.0,9.0,Europe,Model Y,-1.2226047025199316,-1.2838291103215238,-0.8889553881437949,75.0,439.0,336.56,Interpolated (Month),13268.0,2015-09-01,0.9523110924114666,3,-0.06122440780159222,-0.9550201387704976,1.0868410378750348
2019.0,10.0,Europe,Cybertruck,-1.0843653837357985,-1.003533856121644,-1.3897350703423064,60.0,332.0,281.62,Interpolated (Month),6152.0,2019-10-01,1.0805468865061951,4,0.08083152761415446,-1.2226047025199316,1.5069806028428319
2023.0,12.0,Asia,Cybertruck,0.5038620839127893,0.5458368957369881,0.2797164267921787,100.0,561.0,1001.81,Official (Quarter),3560.0,2023-12-01,0.9231000832812437,4,0.04197481182419882,-1.0843653837357985,0.1409385017081463
2022.0,2.0,Middle East,Model X,-0.3743641765981738,-0.3502158557545875,-1.336519888573757,120.0,719.0,911.22,Estimated (Region),8106.0,2022-02-01,1.0689526771754962,1,0.024148320843586257,0.5038620839127893,0.5003451675929975
2020.0,4.0,Europe,Cybertruck,-1.487648102321128,-1.4645890313716976,-0.1976982984661489,75.0,425.0,259.33,Interpolated (Month),11957.0,2020-04-01,1.0157443968618514,2,0.023059070949430494,-0.3743641765981738,0.2941054985452824
2018.0,6.0,Asia,Model 3,1.3879330215046992,1.2292032985643333,0.4417725751985065,60.0,347.0,800.74,Official (Quarter),5218.0,2018-06-01,1.1291321973556017,2,-0.1587297229403659,-1.487648102321128,0.613150745113175
2019.0,5.0,Europe,Model X,0.935097605928734,0.7993702914956734,0.5693451705074913,75.0,435.0,887.53,Interpolated (Month),13981.0,2019-05-01,1.1697927929984815,2,-0.13572731443306063,1.3879330215046992,0.532393305888642
2018.0,5.0,North America,Model X,1.809766236912164,1.871018394864561,-1.085643205054477,120.0,661.0,1689.91,Estimated (Region),6414.0,2018-05-01,0.9672626639478706,2,0.0612521579523968,0.935097605928734,-1.9647604178407019
2024.0,10.0,Europe,Cybertruck,0.3618110192062996,0.1819695221944305,-0.355115154224693,60.0,341.0,580.35,Official (Quarter),6417.0,2024-10-01,1.9883055955915099,4,-0.1798414970118691,1.809766236912164,-0.12848457588563844
2025.0,2.0,Europe,Model Y,-2.1176026450892635,-2.11227295627745,-1.1283794702927898,100.0,589.0,140.39,Official (Quarter),14464.0,2025-02-01,1.002523200799392,1,0.005329688811813504,0.3618110192062996,2.3894593509564337
2019.0,2.0,Asia,Model S,-0.0955984914764936,-0.1490324111571863,0.7032623737711535,60.0,352.0,504.03,Estimated (Region),14152.0,2019-02-01,0.6414610804066285,1,-0.05343391968069269,-2.1176026450892635,-0.06723082204470028
2023.0,11.0,North America,Cybertruck,0.5244455118935151,0.4509966254717021,0.1227478935072047,60.0,331.0,595.1,Estimated (Region),5504.0,2023-11-01,1.1628590598543658,4,-0.07344888642181296,-0.0955984914764936,0.06437458184423665
2016.0,12.0,North America,Model Y,-0.3197291517110623,-0.1743857507330548,-0.3799115620782706,120.0,683.0,887.63,Interpolated (Month),7084.0,2016-12-01,1.833459158027742,4,0.14534340097800752,0.5244455118935151,0.12146880146851005
2023.0,2.0,Asia,Cybertruck,1.1922633974903931,1.2733368896778825,1.5435846977845125,60.0,354.0,776.0,Estimated (Region),3503.0,2023-02-01,0.936329896004192,1,0.08107349218748938,-0.3197291517110623,1.8403595360947445
2021.0,4.0,Asia,Model X,-0.3730935946240549,-0.4089041418098387,0.495196510225259,82.0,487.0,617.56,Interpolated (Month),4967.0,2021-04-01,0.9124231243359782,2,-0.0358105471857838,1.1922633974903931,-0.18475464604522943
2018.0,12.0,North America,Model X,-0.0455375616962101,-0.0466800402768282,-0.5115374498173682,100.0,595.0,869.56,Estimated (Region),9827.0,2018-12-01,0.9755253300159379,4,-0.0011424785806180976,-0.3730935946240549,0.02329416818098038
2016.0,10.0,Middle East,Cybertruck,-0.7895903657402206,-0.663611303289629,-1.2775252237423806,60.0,338.0,345.52,Estimated (Region),7734.0,2016-10-01,1.1898386326846648,4,0.12597906245059154,-0.0455375616962101,1.0087216086571034
2019.0,6.0,Asia,Model 3,-0.4711825230260317,-0.5856732594082554,0.5987346470731081,75.0,443.0,536.12,Estimated (Region),5935.0,2019-06-01,0.8045143182772229,2,-0.11449073638222373,-0.7895903657402206,-0.28211330163100773
2019.0,1.0,Europe,Cybertruck,-0.3060068663905785,-0.3060822646410386,-1.4378690983998743,75.0,448.0,585.85,Estimated (Region),9216.0,2019-01-01,0.9997536667126123,1,-7.53982504601014e-05,-0.4711825230260317,0.4399978170811919
2024.0,6.0,Europe,Model Y,-1.5936146389626415,-1.5559080044736686,0.2327181158655495,120.0,664.0,363.64,Official (Quarter),4951.0,2024-06-01,1.0242344884019852,2,0.037706634488972934,-0.3060068663905785,-0.37086299619514385
2022.0,10.0,Europe,Model 3,2.774646188058034,3.0703722086896743,0.5102948381405938,60.0,342.0,1069.14,Official (Quarter),14164.0,2022-10-01,0.9036839833963175,4,0.2957260206316401,-1.5936146389626415,1.4158876274324903
2015.0,5.0,Asia,Model Y,-0.5148905429357208,-0.4539767455002717,0.1301929293515536,100.0,565.0,669.19,Interpolated (Month),12765.0,2015-05-01,1.1341782327822179,2,0.06091379743544911,2.774646188058034,-0.06703510808021337
2024.0,10.0,Europe,Model Y,-1.0736924951532,-0.997665027516119,-0.4983179012258628,100.0,564.0,481.97,Official (Quarter),13090.0,2024-10-01,1.0762054051612557,4,0.07602746763708113,-0.5148905429357208,0.5350401907467025
2018.0,8.0,North America,Model 3,-0.0132647795535908,-0.1239138247255388,-0.0940324245055418,100.0,554.0,820.2,Interpolated (Month),10508.0,2018-08-01,0.10704842323260895,3,-0.110649045171948,-1.0736924951532,0.0012473193819556815
2021.0,5.0,North America,Cybertruck,-1.9597963639037,-1.924000934612204,-0.8395738108526787,100.0,584.0,193.6,Interpolated (Month),3476.0,2021-05-01,1.0186046839414404,2,0.03579542929149593,-0.0132647795535908,1.6453937017378524
2021.0,10.0,North America,Cybertruck,1.0852803952695844,1.123094877376439,0.6106584343690513,75.0,442.0,941.0,Estimated (Region),10909.0,2021-10-01,0.9663301089973897,4,0.037814482106854674,-1.9597963639037,0.6627356270267496
2020.0,12.0,North America,Model 3,1.4349445545470974,1.4864927446305547,-0.3269439020301621,100.0,561.0,1310.13,Estimated (Region),6085.0,2020-12-01,0.9653222726651997,4,0.051548190083457346,1.0852803952695844,-0.4691463718605608
2015.0,7.0,Asia,Cybertruck,-2.492678443849154,-2.4737927983777976,1.499032279199831,120.0,709.0,12.02,Interpolated (Month),14580.0,2015-07-01,1.0076342875133846,3,0.018885645471356405,1.4349445545470974,-3.736605448995485
2018.0,8.0,Europe,Model 3,2.1795055913807557,2.118917715161942,0.4061796476432829,82.0,454.0,1259.78,Estimated (Region),4053.0,2018-08-01,1.028593784357588,3,-0.060587876218813896,-2.492678443849154,0.8852708131436003
2021.0,1.0,North America,Cybertruck,-0.9951705291526538,-1.0913315320603,-1.3169443003015295,75.0,432.0,389.19,Interpolated (Month),11101.0,2021-01-01,0.9118865348588379,1,-0.09616100290764629,2.1795055913807557,1.3105841561956446
2019.0,7.0,Middle East,Model Y,-0.2028356100921262,-0.1570140180607005,-0.2384434552464554,120.0,686.0,938.86,Interpolated (Month),6724.0,2019-07-01,1.2918312173484496,3,0.04582159203142569,-0.9951705291526538,0.04836482371738937
2022.0,3.0,Europe,Model Y,1.2064939156005243,1.112296232742273,-1.2540648367413036,82.0,467.0,1027.63,Interpolated (Month),14758.0,2022-03-01,1.0846875859913818,1,-0.09419768285825136,-0.2028356100921262,-1.5130215952969477
2025.0,8.0,Europe,Model S,-2.2344961867082,-2.2291800220995106,1.188798594836722,60.0,333.0,56.39,Estimated (Region),5579.0,2025-08-01,1.0023848072187918,3,0.005316164608689444,1.2064939156005243,-2.6563659269267217
2022.0,8.0,Asia,Model X,0.4225448375691816,0.5127367024018264,-1.07236301861178,120.0,686.0,1192.1,Estimated (Region),3858.0,2022-08-01,0.8240971157123009,3,0.09019186483264485,-2.2344961867082,-0.4531214575145119
2020.0,4.0,Middle East,Model Y,0.1005793653274599,0.1608417392145401,1.4076833445047845,82.0,455.0,704.2,Official (Quarter),5784.0,2020-04-01,0.625331246843217,2,0.060262373887080195,0.4225448375691816,0.1415838973723273
2025.0,4.0,Middle East,Model Y,0.0345091026732786,0.1880731039441766,-0.3177970300998891,75.0,449.0,677.41,Estimated (Region),9950.0,2025-04-01,0.1834877074370055,2,0.15356400127089798,0.1005793653274599,-0.010966890340980081
2021.0,4.0,North America,Model 3,1.627818898218342,1.647533401566164,1.3539085051916235,120.0,666.0,1631.17,Official (Quarter),12871.0,2021-04-01,0.9880339279743395,2,0.0197145033478221,0.0345091026732786,2.203917851209471
2023.0,3.0,Europe,Model Y,0.4947138936991335,0.3892565485415779,-0.2840003746283478,120.0,681.0,1212.42,Official (Quarter),13305.0,2023-03-01,1.270919899877526,1,-0.10545734515755562,1.627818898218342,-0.14049893114440254
2022.0,2.0,Asia,Model Y,0.8992671942585818,0.8012483166494414,0.2767844375775569,60.0,344.0,694.59,Official (Quarter),9954.0,2022-02-01,1.1223327095637758,1,-0.09801887760914041,0.4947138936991335,0.24890316459480916
2021.0,9.0,Middle East,Model 3,0.0360338010422213,-0.0788412210351058,-0.6352063591979522,75.0,428.0,646.11,Official (Quarter),6711.0,2021-09-01,-0.45704265572163644,3,-0.1148750220773271,0.8992671942585818,-0.022888899568092768
2024.0,6.0,North America,Model 3,-1.0228692161884452,-1.091566285204521,0.0018623609026642,100.0,566.0,500.66,Estimated (Region),6549.0,2024-06-01,0.937065600186429,2,-0.06869706901607575,0.0360338010422213,-0.0019049516367681356
2021.0,11.0,North America,Cybertruck,-0.9448554829775464,-0.9281780968267016,-0.1723193696158706,100.0,572.0,532.3,Official (Quarter),4093.0,2021-11-01,1.017967872984573,4,0.016677386150844797,-1.0228692161884452,0.16281690120478975
2015.0,9.0,Middle East,Model Y,0.2187434889205148,0.1338451276291245,0.1931027118373761,82.0,477.0,771.52,Estimated (Region),12956.0,2015-09-01,1.6343029648911667,3,-0.08489836129139028,-0.9448554829775464,0.04223996090732044
2022.0,7.0,Middle East,Model X,-0.3903735094720715,-0.5229941699012471,0.3287157868081561,75.0,419.0,527.06,Official (Quarter),7151.0,2022-07-01,0.7464203846589392,3,-0.13262066042917564,0.2187434889205148,-0.12832193531517316
2016.0,11.0,Middle East,Model X,1.4382480676798066,1.5278092980134514,0.3726349871762873,120.0,681.0,1591.7,Estimated (Region),5614.0,2016-11-01,0.9413793132100337,4,0.08956123033364483,-0.3903735094720715,0.5359415502561847
2016.0,6.0,Asia,Cybertruck,-0.5176858232787823,-0.5100827469690918,1.1899865002822123,82.0,481.0,568.9,Estimated (Region),9506.0,2016-06-01,1.0149055743501774,2,0.007603076309690482,1.4382480676798066,-0.616039141089234
2017.0,5.0,North America,Cybertruck,-0.5479256742628115,-0.5868470251293604,1.6695011839117508,60.0,355.0,413.54,Estimated (Region),11414.0,2017-05-01,0.9336771778676575,2,-0.03892135086654891,-0.5176858232787823,-0.9147625618774081
2021.0,8.0,Asia,Model X,-0.199786213354241,-0.22931798648077,0.8519498641158315,82.0,474.0,649.57,Estimated (Region),7657.0,2021-08-01,0.871219115518418,3,-0.02953177312652902,-0.5479256742628115,-0.17020783731936212
2022.0,12.0,North America,Model X,0.1890118707261333,0.1242202487160633,-0.7142373605643049,120.0,662.0,1059.13,Official (Quarter),12789.0,2022-12-01,1.5215866388914385,4,-0.06479162201007,-0.199786213354241,-0.13499933966275504
2021.0,6.0,North America,Cybertruck,-1.5966640357005268,-1.5535604730314585,-0.8923953436200448,75.0,418.0,228.17,Estimated (Region),9358.0,2021-06-01,1.0277450176013814,2,0.04310356266906834,0.1890118707261333,1.4248555507847391
2019.0,3.0,North America,Model S,-0.0371517206670256,-0.0337686173446729,1.4308430274077353,82.0,480.0,703.87,Interpolated (Month),9984.0,2019-03-01,1.1001848339782971,1,0.0033831033223526985,-1.5966640357005268,-0.05315828047261344
2022.0,7.0,North America,Model Y,1.77850992034884,1.7757086183108326,-0.4819909112765323,75.0,429.0,1088.87,Estimated (Region),11278.0,2022-07-01,1.0015775685318642,3,-0.002801302038007325,-0.0371517206670256,-0.8572256172232903
2021.0,7.0,Europe,Cybertruck,-1.2104071155683904,-1.1230232065301355,1.6694335876186184,100.0,550.0,425.62,Interpolated (Month),10472.0,2021-07-01,1.0778113119391803,3,0.08738390903825488,1.77850992034884,-2.0206942934224417
2019.0,6.0,Middle East,Model Y,1.2278396927657216,1.3472841301074987,0.6142723508938039,82.0,459.0,1015.81,Estimated (Region),7229.0,2019-06-01,0.9113442853867456,2,0.11944443734177712,-1.2104071155683904,0.7542279745959257
2016.0,10.0,Middle East,Model 3,-0.2945716286235087,-0.1969220525782713,0.2552788757300838,75.0,431.0,566.53,Estimated (Region),6521.0,2016-10-01,1.4958793327955195,4,0.09764957604523741,1.2278396927657216,-0.07519791417698908
2021.0,7.0,North America,Model S,-1.2081200680149764,-1.2652836119280646,-1.5313433400760577,82.0,463.0,358.92,Estimated (Region),4891.0,2021-07-01,0.9548215567053925,3,-0.0571635439130882,-0.2945716286235087,1.8500466201669679
2015.0,11.0,Asia,Model S,1.463659707162184,1.5641960353677071,-1.199567313529506,82.0,484.0,1138.51,Interpolated (Month),5693.0,2015-11-01,0.9357265164133411,4,0.10053632820552316,-1.2081200680149764,-1.7557583428419243
2024.0,5.0,North America,Model Y,0.9724527159678288,0.93411859627853,0.497159784915504,100.0,590.0,1216.79,Official (Quarter),3067.0,2024-05-01,1.041037743860383,2,-0.038334119689298785,1.463659707162184,0.48346438311106343
2024.0,11.0,Asia,Model 3,0.7165575063802883,0.8505464769358524,-1.0145110293532824,120.0,680.0,1299.68,Estimated (Region),4610.0,2024-11-01,0.8424671970445778,4,0.13398897055556414,0.9724527159678288,-0.7269554933886875
2022.0,1.0,Asia,Model S,-0.621619428761706,-0.6748794542122373,1.1589598017344014,60.0,359.0,402.58,Estimated (Region),8926.0,2022-01-01,0.9210821649435159,1,-0.05326002545053132,0.7165575063802883,-0.7204319299119186
2016.0,3.0,Europe,Cybertruck,-0.0440128633272675,-0.0462105339883862,-0.8416225749724736,82.0,462.0,675.61,Interpolated (Month),6687.0,2016-03-01,0.9524422145463407,1,-0.0021976706611187002,-0.621619428761706,0.03704221936540642
2023.0,11.0,Europe,Model 3,0.1663955115868174,0.3315072750632106,0.1942667597676428,100.0,580.0,920.2,Official (Quarter),14723.0,2023-11-01,0.5019362291674887,4,0.1651117634763932,-0.0440128633272675,0.032325116875850275
2018.0,8.0,Europe,Cybertruck,-0.3830041340221821,-0.2497415100279974,-1.664940952042042,75.0,418.0,527.62,Official (Quarter),13634.0,2018-08-01,1.5336022192676146,3,0.13326262399418468,0.1663955115868174,0.6376792675349297
2025.0,12.0,North America,Cybertruck,-0.0562104502788086,-0.0196834286914126,-0.894624033167148,82.0,471.0,685.38,Official (Quarter),3889.0,2025-12-01,2.8557245366165223,4,0.036527021587396,-0.3830041340221821,0.05028721973456919
2017.0,2.0,Europe,Model 3,0.6520119420950496,0.637625375127401,1.3272546903716045,75.0,420.0,786.74,Official (Quarter),11133.0,2017-02-01,1.0225627265300947,1,-0.014386566967648617,-0.0562104502788086,0.8653859083239537
2022.0,10.0,Europe,Cybertruck,0.3178488829017867,0.1657715552431812,1.1467417717507045,82.0,461.0,772.61,Estimated (Region),12327.0,2022-10-01,1.917390968767309,4,-0.1520773276586055,0.6520119420950496,0.3644905911277771
2019.0,12.0,Europe,Model S,-1.21980942217687,-1.2267840962758196,-0.5148079175292194,75.0,441.0,338.82,Interpolated (Month),12638.0,2019-12-01,0.994314668636378,4,-0.006974674098949585,0.3178488829017867,0.6279675484133949
2022.0,4.0,Asia,Model S,0.750609103286674,0.9498470569413376,-0.193928811060878,60.0,347.0,670.2,Official (Quarter),8716.0,2022-04-01,0.790242068763952,2,0.19923795365466368,-1.21980942217687,-0.14556473097185646
2016.0,3.0,North America,Model X,-0.988055270097588,-1.0345212711588168,-0.4363793184222531,60.0,336.0,304.11,Estimated (Region),3878.0,2016-03-01,0.9550845377889814,1,-0.04646600106122878,0.750609103286674,0.4311668853287006
2016.0,1.0,Europe,Model 3,0.080250053741558,0.157320442051225,1.2952890991934456,75.0,439.0,674.17,Estimated (Region),12620.0,2016-01-01,0.5101056969788315,1,0.077070388309667,-0.988055270097588,0.10394701982112825
2023.0,10.0,North America,Model Y,0.5955981024441718,0.4500576128948181,0.7618425142755268,82.0,481.0,884.99,Official (Quarter),4067.0,2023-10-01,1.3233819079588987,4,-0.14554048954935367,0.080250053741558,0.4537519558638006
2019.0,6.0,Asia,Model Y,-0.2574706349792377,-0.3781514799168871,1.4349847914568017,82.0,484.0,646.79,Official (Quarter),12120.0,2019-06-01,0.680866395222958,2,-0.12068084493764936,0.5955981024441718,-0.36946644544193175
2022.0,7.0,North America,Model S,-0.30880214673364,-0.1941050148476192,-0.8434377342557079,82.0,466.0,608.62,Estimated (Region),13455.0,2022-07-01,1.5909024657403261,3,0.11469713188602079,-0.2574706349792377,0.26045538297431997
2022.0,10.0,Asia,Model S,0.0746594930554349,0.111074072639687,-0.1332198843543991,120.0,681.0,1043.56,Official (Quarter),7236.0,2022-10-01,0.6721594993425938,4,0.036414579584252094,-0.30880214673364,-0.009946129030803101
2023.0,12.0,North America,Cybertruck,0.5587512251947245,0.6315217933776549,-1.023620126884452,60.0,357.0,649.08,Interpolated (Month),6173.0,2023-12-01,0.8847695060629317,4,0.07277056818293037,0.0746594930554349,-0.571949000030667
2022.0,4.0,Europe,Model Y,1.093666236298769,1.2029109464115808,-1.7348211052255849,75.0,448.0,955.99,Estimated (Region),12770.0,2022-04-01,0.9091830443153742,2,0.10924471011281178,0.5587512251947245,-1.897315268803736
2022.0,10.0,Middle East,Model Y,0.1353933114183169,0.0749220884296523,-1.1959285454263962,100.0,592.0,928.4,Estimated (Region),9259.0,2022-10-01,1.8071214278208987,4,-0.0604712229886646,1.093666236298769,-0.1619207259849708
2023.0,10.0,Asia,Cybertruck,-0.0457916780910339,-0.0192139224029706,1.3148984856122392,75.0,447.0,653.2,Interpolated (Month),9345.0,2023-10-01,2.3832550757025124,4,0.0265777556880633,0.1353933114183169,-0.06021140817554362
2025.0,4.0,Europe,Model 3,0.716811622775112,0.9139298258755236,-1.713681855643101,82.0,470.0,898.38,Interpolated (Month),3295.0,2025-04-01,0.7843180105085454,2,0.19711820310041162,-0.0457916780910339,-1.2283870718637966
2017.0,12.0,Middle East,Cybertruck,-1.054379649146593,-1.0382773214663528,-0.7331797306199825,75.0,430.0,372.36,Interpolated (Month),6599.0,2017-12-01,1.0155086963254665,4,0.016102327680240336,0.716811622775112,0.7730497871324908
2024.0,6.0,Middle East,Cybertruck,-0.2356166250243931,-0.2659394769792467,0.3152014984973308,82.0,462.0,623.35,Estimated (Region),5102.0,2024-06-01,0.8859783726008459,2,-0.030322851954853597,-1.054379649146593,-0.0742667132785724
2019.0,7.0,Asia,Model S,0.6883505865548493,0.7646268261509647,-0.6857176892412017,60.0,335.0,634.71,Official (Quarter),6644.0,2019-07-01,0.9002438353097283,3,0.0762762395961154,-0.2356166250243931,-0.472014173600217
2019.0,7.0,Asia,Model 3,-0.0511281223823331,-0.1877666799536521,-1.234456444385644,82.0,455.0,663.46,Estimated (Region),8075.0,2019-07-01,0.27229603460503987,3,-0.13663855757131899,0.6883505865548493,0.06311544016420899
2015.0,6.0,North America,Cybertruck,0.6756447668136606,0.7636878135740807,-0.9940556952071984,100.0,556.0,1049.26,Estimated (Region),3174.0,2015-06-01,0.8847133014361247,2,0.08804304676042007,-0.0511281223823331,-0.6716285283880589
2022.0,3.0,Middle East,Model 3,0.7793242559017605,0.7273010762198249,1.611179002790729,75.0,428.0,833.89,Interpolated (Month),10212.0,2022-03-01,1.0715290838731162,1,-0.052023179681935594,0.6756447668136606,1.2556308774744251
2019.0,1.0,North America,Cybertruck,1.4047047035630684,1.3918872275094896,0.1043080223659164,120.0,680.0,1575.9,Interpolated (Month),9231.0,2019-01-01,1.0092087029755372,1,-0.012817476053578858,0.7793242559017605,0.1465219696367645
2021.0,7.0,Europe,Model X,-0.9019098122523288,-0.8462492494935708,0.6216169863615882,82.0,452.0,432.09,Estimated (Region),7940.0,2021-07-01,1.0657732491840524,3,0.05566056275875797,1.4047047035630684,-0.5606424594622385
2016.0,9.0,Europe,Model Y,0.8741096711710281,0.682463225673613,-0.9004298589030344,75.0,417.0,835.79,Interpolated (Month),7175.0,2016-09-01,1.280815783602485,3,-0.19164644549741516,-0.9019098122523288,-0.7870744478783066
2017.0,6.0,Middle East,Model 3,-0.0485869584340954,0.0338402881909764,0.3759486966344804,82.0,478.0,697.71,Official (Quarter),3973.0,2017-06-01,-1.4357725962585401,2,0.0824272466250718,0.8741096711710281,-0.01826620369673184
2022.0,7.0,Middle East,Model Y,-0.4188345456923342,-0.4619583524037858,-1.361471867307853,60.0,334.0,414.53,Estimated (Region),3401.0,2022-07-01,0.906650011874321,3,-0.04312380671145161,-0.0485869584340954,0.5702314510167785
2015.0,12.0,Europe,Model 3,0.1547061574249238,0.0988669091401948,0.4252974698421646,60.0,331.0,522.86,Official (Quarter),13458.0,2015-12-01,1.564792090400521,4,-0.055839248284729,-0.4188345456923342,0.0657961373218237
2015.0,12.0,Asia,Model 3,0.7396820983092517,0.9406916843167183,-1.20944134264252,82.0,468.0,900.88,Official (Quarter),14323.0,2015-12-01,0.7863172499994276,4,0.20100958600746666,0.1547061574249238,-0.8946021101077778
2021.0,2.0,Middle East,Model X,-1.2665668388244444,-1.2993228178401102,0.8687579806221642,60.0,337.0,249.62,Estimated (Region),13580.0,2021-02-01,0.9747899609197069,1,-0.03275597901566574,0.7396820983092517,-1.1003400492201225
2016.0,12.0,Middle East,Cybertruck,-2.0738946251795745,-2.045603063318685,0.7794523426996738,82.0,479.0,126.53,Interpolated (Month),4613.0,2016-12-01,1.0138304260333824,4,0.028291561860889658,-1.2665668388244444,-1.616502024108481
2015.0,6.0,Asia,Model 3,-0.9357072927638906,-0.8901480874628988,-1.1354661463772238,120.0,671.0,628.06,Estimated (Region),3490.0,2015-06-01,1.0511816021880638,2,0.04555920530099189,-2.0738946251795745,1.0624639538516796
2015.0,3.0,Asia,Model 3,3.9357039960078577,4.259866390457506,-0.5590452181003268,60.0,341.0,1299.72,Official (Quarter),4127.0,2015-03-01,0.9239031545271462,1,0.32416239444964834,-0.9357072927638906,-2.2002364988265404
2020.0,8.0,Middle East,Cybertruck,-0.136765347437945,-0.1379990133787991,0.8345353690975745,100.0,593.0,834.71,Interpolated (Month),10515.0,2020-08-01,0.9910603278193898,3,-0.0012336659408541117,3.9357039960078577,-0.11413551970388344
2023.0,3.0,North America,Model X,0.9132435959738894,1.1033756132618746,-0.914997357104652,75.0,446.0,904.22,Interpolated (Month),6713.0,2023-03-01,0.8276815120773751,1,0.19013201728798523,-0.136765347437945,-0.8356154767088574
2018.0,1.0,Europe,Model X,0.0982923177740459,0.2157739749622552,1.6870424219796307,120.0,675.0,1043.79,Official (Quarter),14636.0,2018-01-01,0.4555337027611413,1,0.1174816571882093,0.9132435959738894,0.1658233098395179
2019.0,9.0,Europe,Model X,-0.7959432756108149,-0.8105667715719781,1.4887904467271251,120.0,702.0,714.99,Official (Quarter),8027.0,2019-09-01,0.9819589249472896,3,-0.014623495961163191,0.0982923177740459,-1.1849927448660764
2025.0,4.0,Europe,Model S,1.0303912539876492,0.8625188872911237,0.7973663544429166,82.0,458.0,960.22,Estimated (Region),9137.0,2025-04-01,1.1946303659781354,2,-0.1678723666965255,-0.7959432756108149,0.8215993178419971
2025.0,8.0,North America,Cybertruck,-0.4755025017380358,-0.5361403459776234,-0.535113148142024,100.0,582.0,702.85,Interpolated (Month),13593.0,2025-08-01,0.8868993078127375,3,-0.06063784423958757,1.0303912539876492,0.2544476406544486
2018.0,10.0,Europe,Model X,-0.4358603441455271,-0.326036281899824,1.278124611053466,120.0,660.0,812.49,Estimated (Region),12336.0,2018-10-01,1.3368461375088525,4,0.10982406224570312,-0.4755025017380358,-0.5570838328346317
2020.0,3.0,North America,Cybertruck,1.0705416443698057,1.0925769686277085,1.401969469608821,75.0,447.0,947.75,Interpolated (Month),3109.0,2020-03-01,0.9798317876995161,1,0.022035324257902777,-0.4358603441455271,1.5008667013512915
2018.0,10.0,Asia,Model 3,1.3447332343846576,1.2505658346884447,1.1441328530547312,120.0,660.0,1506.19,Interpolated (Month),6693.0,2018-10-01,1.0752998339505038,4,-0.0941673996962129,1.0705416443698057,1.538553472054035
2024.0,4.0,Middle East,Cybertruck,0.3615569028114759,0.2643678758160032,-1.5534418605831417,100.0,550.0,935.96,Interpolated (Month),3265.0,2024-04-01,1.3676279755832175,2,-0.09718902699547272,1.3447332343846576,-0.5616576278101373
2016.0,7.0,Europe,Model Y,0.7274845113577105,0.8547720335318305,0.0646881450536381,82.0,469.0,899.42,Estimated (Region),4769.0,2016-07-01,0.8510860004998281,3,0.12728752217411998,0.3615569028114759,0.04705962359498261
2024.0,10.0,Europe,Model S,-0.1263465752501703,-0.0713291204200337,1.2394704660761615,82.0,461.0,651.74,Interpolated (Month),6926.0,2024-10-01,1.7713182849607134,4,0.05501745483013659,0.7274845113577105,-0.15660284851245537
2016.0,3.0,Middle East,Model 3,-1.2447128288696,-1.1840590240275968,-0.7788942090086616,60.0,354.0,266.77,Estimated (Region),8084.0,2016-03-01,1.0512253220584296,1,0.060653804842003334,-0.1263465752501703,0.9694996142853207
2022.0,5.0,Asia,Model X,-0.816018470801893,-0.7586863266991359,-0.4551835137022629,120.0,693.0,697.61,Official (Quarter),4199.0,2022-05-01,1.0755676517226767,2,0.05733214410275711,-1.2447128288696,0.3714381547855531
2015.0,11.0,Asia,Model X,-0.6033230483343942,-0.4934152737294004,1.589917483442727,82.0,486.0,550.25,Interpolated (Month),12714.0,2015-11-01,1.2227490320157166,4,0.10990777460499379,-0.816018470801893,-0.9592338627108148
2022.0,2.0,Middle East,Model 3,0.6631930634672957,0.6542928483670923,-0.6718370886653858,60.0,345.0,648.53,Estimated (Region),7583.0,2022-02-01,1.0136028005233673,1,-0.008900215100203335,-0.6033230483343942,-0.4455576969829464
2020.0,8.0,North America,Model S,1.2636701044358738,1.1341282751548265,-0.1741131565417171,100.0,576.0,1286.93,Official (Quarter),10963.0,2020-08-01,1.1142214969143263,3,-0.1295418292810473,0.6631930634672957,-0.2200215907107313
2023.0,2.0,Asia,Model S,-0.5179399396736061,-0.4992841023349256,-0.9904268677354316,82.0,470.0,555.82,Official (Quarter),6818.0,2023-02-01,1.0373651739589456,1,0.01865583733868048,1.2636701044358738,0.5129816321260081
2025.0,5.0,Europe,Cybertruck,-0.9644224453789771,-0.9798237885553226,1.4277495029337894,60.0,359.0,329.94,Estimated (Region),5083.0,2025-05-01,0.9842815173950271,2,-0.01540134317634545,-0.5179399396736061,-1.3769536670080242
2018.0,5.0,Europe,Cybertruck,0.603221594288885,0.68880156056758,0.201058199101189,120.0,681.0,1256.04,Interpolated (Month),13936.0,2018-05-01,0.8757552665702787,2,0.08557996627869502,-0.9644224453789771,0.12128264740667129
2017.0,2.0,Europe,Model X,-1.1379839430436147,-1.1070599927231073,-0.7075860841326949,82.0,456.0,372.37,Official (Quarter),10819.0,2017-02-01,1.0279334006501688,1,0.030923950320507432,0.603221594288885,0.805221602064115
2018.0,5.0,Europe,Model X,0.5025915019386705,0.4209482230114135,0.3999766936852429,120.0,713.0,1272.7,Interpolated (Month),12719.0,2018-05-01,1.1939508815198001,2,-0.08164327892725703,-1.1379839430436147,0.2010248872197298
2015.0,11.0,Middle East,Model Y,0.8535262431903025,0.9423349563262652,0.631354828825204,82.0,476.0,948.26,Interpolated (Month),12032.0,2015-11-01,0.9057567454759532,4,0.08880871313596272,0.5025915019386705,0.5388779151672328
2020.0,3.0,Middle East,Cybertruck,-0.4945612313498189,-0.3661790695616158,-0.6621797653156497,120.0,712.0,851.84,Interpolated (Month),12169.0,2020-03-01,1.3505993992007799,1,0.1283821617882031,0.8535262431903025,0.32748844010944184
2020.0,2.0,Middle East,Model X,0.5475701038224785,0.5082763926616273,-0.9775790987561552,75.0,448.0,811.57,Interpolated (Month),4567.0,2020-02-01,1.0773077635085249,1,-0.03929371116085123,-0.4945612313498189,-0.5352930886005929
2020.0,8.0,Asia,Model 3,1.5853814602827716,1.6843896452088618,-1.2927870750433077,100.0,567.0,1374.49,Official (Quarter),10109.0,2020-08-01,0.9412201415463978,3,0.0990081849260902,0.5475701038224785,-2.0495606608668524
2025.0,12.0,Middle East,Cybertruck,0.5208878823659822,0.4162531601269934,1.095786095486422,82.0,476.0,854.8,Interpolated (Month),13057.0,2025-12-01,1.251372799685331,4,-0.10463472223898873,1.5853814602827716,0.5707816988040103
2020.0,3.0,Europe,Model X,-0.846512438180746,-0.8394414083111617,-1.4353879168166588,100.0,577.0,570.45,Official (Quarter),9033.0,2020-03-01,1.008423494242213,1,0.0070710298695843,0.5208878823659822,1.2150737251996515
2024.0,12.0,North America,Cybertruck,0.2416139644546545,0.348879007735565,-0.8696979000745441,120.0,700.0,1141.66,Estimated (Region),13826.0,2024-12-01,0.6925437160088098,4,0.10726504328091052,-0.846512438180746,-0.21013115751489855
2016.0,11.0,Asia,Model S,1.306107542371444,1.3801495702984394,1.2070396533511505,60.0,350.0,790.75,Official (Quarter),8159.0,2016-11-01,0.9463521711556344,4,0.07404202792699532,0.2416139644546545,1.576523595183351
2024.0,9.0,Europe,Model 3,1.161515313716717,1.2968122040999828,0.1266346803623225,100.0,589.0,1280.46,Official (Quarter),10149.0,2024-09-01,0.8956696351595758,3,0.13529689038326587,1.306107542371444,0.1470881204884592
2018.0,4.0,Middle East,Model Y,1.4616267760035937,1.659975318209877,1.7287990379990898,100.0,579.0,1361.29,Estimated (Region),12749.0,2018-04-01,0.8805111497560197,2,0.1983485422062834,1.161515313716717,2.526858964268724
2018.0,9.0,North America,Model 3,0.3958626161126853,0.3899608079742409,-1.3557227031706218,75.0,421.0,724.96,Official (Quarter),6803.0,2018-09-01,1.0151343622686162,3,-0.005901808138444431,1.4616267760035937,-0.5366799360004839
2021.0,7.0,Asia,Model X,-1.2236211680992266,-1.192744890363774,0.6866421351972036,120.0,680.0,520.91,Official (Quarter),4295.0,2021-07-01,1.025886740731319,3,0.03087627773545254,0.3958626161126853,-0.8401898515361493
2020.0,11.0,Middle East,Cybertruck,0.2314493086617035,0.254038737470279,-0.8442508778995663,120.0,699.0,1135.84,Estimated (Region),4395.0,2020-11-01,0.9110788022585794,4,0.022589428808575507,-1.2236211680992266,-0.19540128202689086
2017.0,1.0,Europe,Model 3,-1.905161339016589,-1.925878959765972,0.0067775060702167,100.0,589.0,214.25,Interpolated (Month),11485.0,2017-01-01,0.9892425115065899,1,-0.020717620749383103,0.2314493086617035,-0.012912242539927107
2021.0,4.0,Asia,Model Y,-2.222044483361835,-2.2092260048407253,-1.2448921191695386,120.0,697.0,123.16,Estimated (Region),11746.0,2021-04-01,1.00580224861242,2,0.012818478521109622,-1.905161339016589,2.766205665781297
2024.0,1.0,Asia,Model Y,-0.7270777326135721,-0.6690106256067121,-0.8300039650587607,82.0,489.0,517.92,Estimated (Region),9361.0,2024-01-01,1.0867954929029717,1,0.05806710700686002,-2.222044483361835,0.6034774009751983
2016.0,11.0,North America,Model Y,0.1689366755350551,0.0263281875759043,-0.3995448060122873,75.0,429.0,681.27,Estimated (Region),7428.0,2016-11-01,6.416570644979256,4,-0.1426084879591508,-0.7270777326135721,-0.06749777125501431
2017.0,6.0,Middle East,Cybertruck,0.7744960444001087,0.781294299390656,-1.4968220125796106,100.0,568.0,1105.04,Official (Quarter),14049.0,2017-06-01,0.9912987270022968,2,0.006798254990547314,0.1689366755350551,-1.1592827279139182
2016.0,5.0,North America,Cybertruck,1.5757250372794682,1.369585678808494,-1.5215562914872944,75.0,441.0,1066.54,Official (Quarter),8517.0,2016-05-01,1.1505122035521798,2,-0.2061393584709743,0.7744960444001087,-2.3975543441266263
2018.0,6.0,North America,Model 3,0.0990546669585172,-0.0288388013160318,-1.2080923989692731,75.0,428.0,662.03,Estimated (Region),10148.0,2018-06-01,-3.43477060204481,2,-0.127893468274549,1.5757250372794682,-0.11966719023501743
2017.0,11.0,Middle East,Model S,0.4855657034854776,0.6599269238283965,-1.595630397034454,82.0,462.0,820.03,Estimated (Region),5490.0,2017-11-01,0.7357870787701659,4,0.17436122034291884,0.0990546669585172,-0.7747833962388466
2020.0,6.0,Asia,Model Y,-1.1788966826102425,-1.088514494329648,-0.4004891659898735,82.0,471.0,373.24,Estimated (Region),13754.0,2020-06-01,1.083032599704844,2,0.09038218828059441,0.4855657034854776,0.4721353492068046
2019.0,2.0,Europe,Model 3,-0.3751265257826451,-0.4584370552404707,0.940728648577142,100.0,571.0,723.4,Estimated (Region),9784.0,2019-02-01,0.8182726974063528,1,-0.08331052945782558,-1.1788966826102425,-0.35289226964494613
2024.0,6.0,North America,Model Y,0.3923049865851525,0.4732981741726976,0.8964406507861853,60.0,353.0,607.12,Estimated (Region),8734.0,2024-06-01,0.8288749207006402,2,0.08099318758754509,-0.3751265257826451,0.3516781374810598
2019.0,10.0,Asia,Model 3,0.3193735812707294,0.3742323473114335,-0.9150132621148012,75.0,439.0,736.14,Interpolated (Month),13484.0,2019-10-01,0.8534098764181627,4,0.05485876604070411,0.3923049865851525,-0.2922310624318167
2024.0,6.0,Asia,Model 3,-0.9026721614368,-0.7988291143609278,1.1397281593066415,75.0,425.0,406.09,Interpolated (Month),6269.0,2024-06-01,1.129994069080654,2,0.10384304707587211,0.3193735812707294,-1.0288008810117115
2016.0,1.0,Middle East,Cybertruck,0.4220366047795341,0.6136805544168585,-1.1053460334078955,120.0,711.0,1235.33,Estimated (Region),8907.0,2016-01-01,0.6877138304969896,1,0.19164394963732445,-0.9026721614368,-0.46649648704599367
2015.0,5.0,Middle East,Model 3,1.218437386157242,1.4648954553622222,-1.2116715232843251,100.0,579.0,1278.17,Official (Quarter),7570.0,2015-05-01,0.8317572299764976,2,0.24645806920498026,0.4220366047795341,-1.476345883711717
2016.0,1.0,Asia,Model 3,0.4507517573946206,0.5153189869882575,-0.0016720305713439,100.0,577.0,1012.29,Interpolated (Month),11630.0,2016-01-01,0.8747043458053134,1,0.06456722959363692,1.218437386157242,-0.0007536707184507945
2023.0,10.0,North America,Cybertruck,0.301839550027889,0.1195251858316432,-1.418102152974294,75.0,414.0,689.93,Official (Quarter),7016.0,2023-10-01,2.525321738073213,4,-0.18231436419624578,0.4507517573946206,-0.4280393157473415
2017.0,3.0,Europe,Model Y,-0.163701685289265,-0.1450416077054292,-0.2291425035303662,60.0,331.0,460.65,Interpolated (Month),4988.0,2017-03-01,1.128653273216147,1,0.018660077583835782,0.301839550027889,0.037511013999322294
2020.0,11.0,Asia,Model X,-1.4985751072985505,-1.5206950328405178,1.1358214911888382,60.0,344.0,207.69,Estimated (Region),9520.0,2020-11-01,0.985454068656587,4,-0.02211992554196729,-0.163701685289265,-1.7021138130303128
2017.0,9.0,Asia,Cybertruck,0.6520119420950496,0.7650963324394067,-1.599531100773452,120.0,710.0,1329.97,Official (Quarter),10434.0,2017-09-01,0.8521958797217042,3,0.11308439034435702,-1.4985751072985505,-1.0429133794567311
2024.0,9.0,Middle East,Cybertruck,-1.0731842623635524,-1.1619922284708224,1.6400391407373305,100.0,571.0,488.12,Official (Quarter),14632.0,2024-09-01,0.923572667758595,3,-0.08880796610727004,0.6520119420950496,-1.7600641954995462
2023.0,3.0,Europe,Model 3,-0.6208570795772346,-0.6368494448484344,-0.9252849164815362,82.0,471.0,528.39,Official (Quarter),13469.0,2023-03-01,0.9748883108864044,1,-0.01599236527119985,-1.0731842623635524,0.574469691023592
2024.0,12.0,Asia,Cybertruck,-0.8848840137991358,-0.7835701599865625,0.5238538592924632,82.0,454.0,438.56,Official (Quarter),4624.0,2024-12-01,1.1292977438220857,4,0.1013138538125733,-0.6208570795772346,-0.4635499056548826
2023.0,6.0,Europe,Cybertruck,1.0425888409391904,1.1388233380392463,-1.3898851738755855,120.0,714.0,1502.08,Interpolated (Month),5580.0,2023-06-01,0.9154965534287817,2,0.09623449710005594,-0.8848840137991358,-1.4490787724695118
2022.0,10.0,Europe,Model S,0.2670256039370319,0.1721098901371483,0.0651483962848193,75.0,413.0,679.78,Estimated (Region),6174.0,2022-10-01,1.5514832048538791,4,-0.09491571379988359,1.0425888409391904,0.01739628986348296
2019.0,4.0,Asia,Cybertruck,-2.035523049561185,-2.03973423471316,-0.6582919843973974,82.0,490.0,140.53,Interpolated (Month),7933.0,2019-04-01,0.9979354245860528,2,-0.004211185151975272,0.2670256039370319,1.3399685075822745
2021.0,3.0,Europe,Model Y,-0.1415935589395967,-0.2274399613270019,0.0600846386786892,100.0,562.0,789.47,Estimated (Region),14286.0,2021-03-01,0.6225535658442207,1,-0.08584640238740521,-2.035523049561185,-0.00850759782811535
2025.0,5.0,Middle East,Model S,0.5666288334342615,0.7524196626514724,-1.7201079767747915,82.0,487.0,887.7,Official (Quarter),3797.0,2025-05-01,0.753075526279447,2,0.1857908292172109,-0.1415935589395967,-0.974662776260868
2024.0,2.0,Middle East,Model 3,1.659075214781666,1.8426132644138191,-1.3122408905815832,82.0,484.0,1194.34,Interpolated (Month),8775.0,2024-02-01,0.9003925277339513,1,0.18353804963215303,0.5666288334342615,-2.177106337386925
2017.0,6.0,North America,Model 3,-0.9196979598899928,-0.9338121722880056,-0.8155294117602001,60.0,336.0,317.67,Interpolated (Month),8796.0,2017-06-01,0.9848853840024054,2,-0.014114212398012804,1.659075214781666,0.750040736226142
2021.0,1.0,Middle East,Model S,-0.2600117989274754,-0.3103078212370166,0.4336436239177579,100.0,552.0,736.84,Official (Quarter),3286.0,2021-01-01,0.8379157118597905,1,-0.05029602230954122,-0.9196979598899928,-0.11275245874828582
2017.0,7.0,Middle East,Model X,-1.2597056961642026,-1.293219236090364,-1.5341421248306826,82.0,467.0,347.8,Estimated (Region),5810.0,2017-07-01,0.9740851829365924,3,-0.03351353992616146,-0.2600117989274754,1.932567573374664
2018.0,4.0,Asia,Cybertruck,-0.9118203516504558,-0.9579917461427692,-1.6901320029599374,100.0,577.0,548.21,Interpolated (Month),13213.0,2018-04-01,0.9518039746394303,2,-0.046171394492313333,-1.2597056961642026,1.5410967572746193
2016.0,10.0,Middle East,Model S,-0.6841320618883543,-0.6488218552037057,-0.7584458333045173,100.0,560.0,607.32,Official (Quarter),9198.0,2016-10-01,1.0544220364980808,4,0.03531020668464857,-0.9118203516504558,0.5188771117692504
2022.0,5.0,Europe,Cybertruck,0.7559455475779732,0.923789457932806,1.0533013282210877,75.0,447.0,864.74,Estimated (Region),4181.0,2022-05-01,0.8183093464495442,2,0.16784391035483281,-0.6841320618883543,0.7962384493266965
2025.0,7.0,North America,Cybertruck,-1.0861441984995648,-0.9826408262859746,0.7952316038620048,60.0,340.0,288.05,Interpolated (Month),4114.0,2025-07-01,1.105331846026381,3,0.10350337221359018,0.7559455475779732,-0.8637361929982206
2021.0,8.0,Asia,Model Y,-1.1776261006361235,-1.2284273682853668,-0.9457884626896336,120.0,694.0,550.48,Official (Quarter),8081.0,2021-08-01,0.9586452817962274,3,-0.05080126764924331,-1.0861441984995648,1.113785179343827
2017.0,9.0,Asia,Model S,0.4967468248577236,0.3146050486792983,-1.404764310869807,75.0,449.0,799.92,Estimated (Region),6919.0,2017-09-01,1.5789537610507223,3,-0.1821417761784253,-1.1776261006361235,-0.6978122110980247
2019.0,3.0,North America,Model 3,0.3630816011804185,0.4819840405088748,1.2723163001597435,60.0,343.0,584.01,Interpolated (Month),8701.0,2019-03-01,0.7533062729568388,1,0.11890243932845629,0.4967468248577236,0.46195463946994564
2023.0,12.0,Asia,Model 3,-0.1062713800590921,-0.087057581082841,-1.331229484573006,82.0,451.0,642.95,Estimated (Region),3613.0,2023-12-01,1.220702192012065,4,0.019213798976251098,0.3630816011804185,0.1414715945009272
2016.0,9.0,Asia,Cybertruck,0.5419795431363554,0.6981916863364203,0.9303034114561576,100.0,589.0,1065.06,Official (Quarter),10979.0,2016-09-01,0.7762618113948799,3,0.15621214320006482,-0.1062713800590921,0.5042054179192011
2017.0,4.0,North America,Cybertruck,0.0342549862784549,-0.0624085009396355,-1.599558934541213,120.0,662.0,998.66,Estimated (Region),5102.0,2017-04-01,-0.5488833374092412,2,-0.0966634872180904,0.5419795431363554,-0.05479286935428919
2021.0,4.0,North America,Model Y,-1.306463112811777,-1.244390582092395,-0.1988106551134315,60.0,344.0,246.7,Estimated (Region),13185.0,2021-04-01,1.0498818711846962,2,0.0620725307193819,0.0342549862784549,0.25973878733964234
2018.0,6.0,Europe,Cybertruck,-0.0587516142270463,0.0462822048346897,0.1948736353111333,60.0,354.0,514.59,Official (Quarter),10577.0,2018-06-01,-1.2694212481210587,2,0.105033819061736,-1.306463112811777,-0.01144914064482181
2015.0,2.0,Asia,Model S,0.6161815304248974,0.4362071773857788,1.1711967189176498,82.0,464.0,859.35,Interpolated (Month),5238.0,2015-02-01,1.412589160310745,1,-0.17997435303911863,-0.0587516142270463,0.7216697866912959
2017.0,3.0,Europe,Model X,2.1436751797106037,2.131594384949876,0.6295441428260738,120.0,664.0,1828.46,Official (Quarter),6296.0,2017-03-01,1.0056674922987339,1,-0.012080794760727542,0.6161815304248974,1.3495381535084419
2022.0,9.0,Middle East,Cybertruck,-0.2849152056202053,-0.3603102409560907,1.7152444901313246,120.0,671.0,885.82,Interpolated (Month),9906.0,2022-09-01,0.7907496741257669,3,-0.07539503533588543,2.1436751797106037,-0.4886992365946905
2025.0,2.0,North America,Cybertruck,0.6286332337712625,0.539029054554579,-0.4853940864168127,82.0,480.0,892.51,Official (Quarter),10335.0,2025-02-01,1.1662325591905747,1,-0.08960417921668351,-0.2849152056202053,-0.3051348541976486
2025.0,6.0,North America,Model X,-0.4584767032848429,-0.5107870064017549,-0.0978874013403626,82.0,454.0,552.84,Estimated (Region),3551.0,2025-06-01,0.8975888140040748,2,-0.05231030311691198,0.6286332337712625,0.04487909305964976
2021.0,1.0,Europe,Model Y,-0.9951705291526538,-0.9690251439211564,1.4103325227576973,120.0,679.0,611.71,Estimated (Region),11043.0,2021-01-01,1.0269811215895805,1,0.026145385231497453,-0.4584767032848429,-1.4035213629539747
2016.0,9.0,Asia,Model 3,-0.419088662087158,-0.3624230192540797,-0.6038963526568654,120.0,701.0,869.91,Official (Quarter),3835.0,2016-09-01,1.1563522177749763,3,0.05666564283307829,-0.9951705291526538,0.25308611447428025
2022.0,4.0,Europe,Model 3,-0.8482912529445124,-0.902355250962391,1.0412155086342536,100.0,578.0,570.83,Interpolated (Month),3069.0,2022-04-01,0.9400856835927783,2,-0.054063998017878645,-0.419088662087158,-0.8832540084046087
2015.0,4.0,Europe,Model X,-0.3720771290447598,-0.3795599987822131,0.1633166040811726,120.0,716.0,908.39,Interpolated (Month),7633.0,2015-04-01,0.9802854100498961,2,-0.007482869737453268,-0.8482912529445124,-0.060766373171862405
2025.0,4.0,North America,Model X,-0.4668625443140275,-0.5863775188409184,-0.909914215267403,100.0,571.0,692.48,Official (Quarter),11766.0,2025-04-01,0.7961808379640237,2,-0.11951497452689086,-0.3720771290447598,0.4248048656472415
2017.0,11.0,Asia,Model Y,0.7122375276682841,0.4859748439606318,1.2942448358708625,60.0,353.0,673.79,Official (Quarter),10527.0,2017-11-01,1.4655851769273505,4,-0.2262626837076523,-0.4668625443140275,0.9218097420981072
2019.0,5.0,Europe,Model Y,0.5005585707800803,0.5279956567761918,-0.7793817969760362,82.0,470.0,838.39,Interpolated (Month),7005.0,2019-05-01,0.9480353945264712,2,0.0274370859961115,0.7122375276682841,-0.3901262383863353
2023.0,9.0,Middle East,Cybertruck,-0.577657292457193,-0.4570285363751447,0.9624896846501312,120.0,694.0,796.26,Interpolated (Month),11347.0,2023-09-01,1.2639414095207222,3,0.12062875608204832,0.5005585707800803,-0.5559891852529723
2016.0,8.0,Europe,Model X,1.2034445188626393,1.3785062982888925,0.2176133265398422,120.0,691.0,1519.3,Estimated (Region),4377.0,2016-08-01,0.8730061809339912,3,0.17506177942625323,-0.577657292457193,0.2618855650558388
2015.0,12.0,Middle East,Model X,1.3706531066566827,1.5233489882732525,-0.0596825728997623,75.0,416.0,955.72,Interpolated (Month),4502.0,2015-12-01,0.8997630334269932,4,0.15269588161656977,1.2034445188626393,-0.08180410395832315
2025.0,6.0,Middle East,Cybertruck,1.197091608992045,0.9446824877684754,0.8349310062250267,100.0,597.0,1310.39,Official (Quarter),13347.0,2025-06-01,1.2671893726111185,2,-0.2524091212235695,1.3706531066566827,0.9994889016392643
2025.0,9.0,Asia,Model S,-0.4993894428514706,-0.5023358932097987,1.3052068670843695,60.0,331.0,395.07,Official (Quarter),13669.0,2025-09-01,0.9941345016389312,3,-0.0029464503583280788,1.197091608992045,-0.6518065301591767
2015.0,6.0,Europe,Cybertruck,-0.0368976042722018,0.011538739489981,-0.8994854989254482,82.0,454.0,665.81,Estimated (Region),4546.0,2015-06-01,-3.197715340071566,2,0.0484363437621828,-0.4993894428514706,0.033188859987935186
2017.0,7.0,Middle East,Model Y,1.0578358246286168,1.0111176275830198,-0.242613053063282,120.0,692.0,1462.02,Estimated (Region),11357.0,2017-07-01,1.0462045124831543,3,-0.04671819704559699,-0.0368976042722018,-0.2566447790528633
2022.0,12.0,Middle East,Model 3,-1.448005944728619,-1.488064345793798,0.539814039945237,120.0,700.0,443.52,Estimated (Region),12025.0,2022-12-01,0.9730801956391139,4,-0.040058401065178995,1.0578358246286168,-0.7816539388886755
2022.0,2.0,North America,Model 3,-0.7758680804197368,-0.6999980406438848,1.503480711725829,75.0,421.0,433.78,Estimated (Region),9923.0,2022-02-01,1.1083860744896712,1,0.07587003977585194,-1.448005944728619,-1.1665026937548186
2015.0,9.0,North America,Model Y,-0.5362363201009178,-0.4544462517887137,-0.1579129096420094,100.0,576.0,674.96,Estimated (Region),8289.0,2015-09-01,1.179977429652629,3,0.08179006831220414,-0.7758680804197368,0.08467863756285987
2021.0,10.0,Europe,Model X,-0.2074097051989542,-0.2337782962209691,0.6293060647054091,60.0,332.0,453.48,Official (Quarter),10124.0,2021-10-01,0.8872068474778723,4,-0.026368591022014914,-0.5362363201009178,-0.13052418536046287
2018.0,11.0,Middle East,Model X,-0.7207248227429778,-0.6530474117996838,0.1670060694041323,75.0,445.0,472.99,Estimated (Region),9647.0,2018-11-01,1.103633227420329,4,0.06767741094329394,-0.2074097051989542,-0.12036541976829469
2016.0,1.0,Asia,Model X,0.0583960437867134,-0.0471495465652702,0.6316595091758668,60.0,332.0,505.57,Official (Quarter),3367.0,2016-01-01,-1.2385282158731774,1,-0.1055455903519836,-0.7207248227429778,0.036886416356127806
2024.0,12.0,North America,Model S,-0.3494607699054439,-0.471583231316847,-0.2523295231695099,120.0,716.0,917.95,Interpolated (Month),5612.0,2024-12-01,0.7410373115464923,4,-0.1221224614114031,0.0583960437867134,0.08817926943669048
2020.0,5.0,Middle East,Cybertruck,-0.0493493076185667,-0.0527836220265743,0.0753156740224525,120.0,718.0,1047.71,Interpolated (Month),14589.0,2020-05-01,0.934935984380182,2,-0.0034343144080076007,-0.3494607699054439,-0.003716776365833701
2021.0,5.0,North America,Model 3,-0.3006704220992793,-0.2485677443068924,-0.9402609746313516,82.0,462.0,605.61,Interpolated (Month),6778.0,2021-05-01,1.209611580688678,2,0.05210267779238689,-0.0493493076185667,0.28270866412588824
2023.0,8.0,Europe,Cybertruck,-0.6086594926256934,-0.615486908724323,0.1568646373079904,100.0,555.0,626.62,Interpolated (Month),14185.0,2023-08-01,0.9889072927435933,3,-0.0068274160986295795,-0.3006704220992793,-0.09547715055479486
2024.0,5.0,Middle East,Cybertruck,1.3772601329221008,1.1916427954889726,-1.734456284055296,75.0,439.0,1010.27,Interpolated (Month),4333.0,2024-05-01,1.1557659209083397,2,-0.18561733743312825,-0.6086594926256934,-2.38879749232557
2020.0,10.0,Europe,Model 3,-0.5639350071367092,-0.4875464451238753,0.3734511130095485,120.0,694.0,801.88,Official (Quarter),3642.0,2020-10-01,1.1566795589975538,4,0.0763885620128339,1.3772601329221008,-0.2106021560802517
2024.0,2.0,Europe,Cybertruck,-0.567492636664242,-0.5136040441324069,-0.548881419583664,75.0,432.0,498.25,Estimated (Region),13086.0,2024-02-01,1.1049224458948042,1,0.05388859253183509,-0.5639350071367092,0.3114861640155456
2025.0,11.0,North America,Cybertruck,1.4791608072464342,1.368411913087389,-1.4404198644024917,120.0,687.0,1622.32,Interpolated (Month),11977.0,2025-11-01,1.0809324247325318,4,-0.1107488941590451,-0.567492636664242,-2.130612609403389
2016.0,10.0,Asia,Model X,0.1447956180267966,0.2361974985094826,0.0264062767201292,75.0,436.0,686.18,Interpolated (Month),3851.0,2016-10-01,0.6130277371289922,4,0.091401880482686,1.4791608072464342,0.003823513157477719
2018.0,3.0,Asia,Model X,0.9272199976891968,1.0982110440890125,-0.7279807804275866,120.0,688.0,1400.53,Official (Quarter),10432.0,2018-03-01,0.8443003762162526,1,0.17099104639981566,0.1447956180267966,-0.6749983375458466
2020.0,1.0,North America,Cybertruck,0.5938192876804054,0.6559361203766394,-1.633065820609105,100.0,580.0,1066.53,Official (Quarter),9114.0,2020-01-01,0.9053004846560875,1,0.062116832696234026,0.9272199976891968,-0.9697459823293154
2018.0,4.0,North America,Model 3,0.7894889116947114,0.6169670984359525,0.3733924632846244,100.0,592.0,1156.98,Interpolated (Month),3539.0,2018-04-01,1.279628871127993,2,-0.17252181325875882,0.5938192876804054,0.29478920947358556
2019.0,6.0,North America,Cybertruck,0.5150432052850354,0.5758852981972767,-1.2884474924305156,60.0,349.0,625.53,Official (Quarter),14789.0,2019-06-01,0.8943503279165167,2,0.0608420929122413,0.7894889116947114,-0.6636061263428792
2025.0,6.0,Asia,Model X,-0.0689162700199973,0.0451084391135847,-1.649194494963143,75.0,437.0,632.62,Official (Quarter),14189.0,2025-06-01,-1.5277910602595584,2,0.114024709133582,0.5150432052850354,0.11365633313037303
2023.0,10.0,Middle East,Model X,-1.3804109837054952,-1.3767913554330418,1.2267936759559848,100.0,588.0,396.02,Official (Quarter),6457.0,2023-10-01,1.0026290318123874,4,0.0036196282724534345,-0.0689162700199973,-1.6934794650300815
2023.0,10.0,Asia,Model S,-0.0813679733663622,-0.088466099948167,-0.6407288769405628,60.0,351.0,505.55,Official (Quarter),12915.0,2023-10-01,0.9197644455224809,4,-0.007098126581804795,-1.3804109837054952,0.05213481019395888
2025.0,11.0,Asia,Model 3,-0.3730935946240549,-0.4192332801555629,1.1191565197738444,60.0,335.0,424.81,Estimated (Region),8575.0,2025-11-01,0.8899426936850358,4,-0.04613968553150799,-0.0813679733663622,-0.4175501289093708
2021.0,8.0,Middle East,Cybertruck,0.0179915370097333,-0.1544317334742694,-0.8947512732483385,100.0,575.0,861.9,Interpolated (Month),7559.0,2021-08-01,-0.11650155447313525,3,-0.1724232704840027,-0.3730935946240549,-0.016097950647153473
2016.0,12.0,Asia,Model 3,-1.50797741390703,-1.4904118772360082,1.291809878223391,120.0,667.0,399.0,Interpolated (Month),12486.0,2016-12-01,1.0117856928942337,4,0.017565536671021897,0.0179915370097333,-1.9480201194228648
2020.0,12.0,Asia,Model X,1.2199620845261847,1.1024366006849906,-0.9027365824061806,60.0,353.0,779.58,Interpolated (Month),3676.0,2020-12-01,1.1066052086516092,4,-0.1175254838411941,-1.50797741390703,-1.101304402850288
2023.0,5.0,Asia,Model S,0.0772006570036727,0.20521008347231,-0.2247755841813808,75.0,447.0,685.65,Official (Quarter),10083.0,2023-05-01,0.37620303884379913,2,0.1280094264686373,1.2199620845261847,-0.01735282277718694
2023.0,4.0,Asia,Model X,-0.3964723029478421,-0.4138339578384798,-0.480631529940375,120.0,707.0,886.79,Official (Quarter),9288.0,2023-04-01,0.958046809446667,2,-0.017361654890637734,0.0772006570036727,0.19055708954480519
2024.0,12.0,North America,Model Y,0.3956084997178616,0.4409022402701989,0.1124722628879323,100.0,584.0,1005.56,Interpolated (Month),10648.0,2024-12-01,0.8972703324787376,4,0.045293740552337314,-0.3964723029478421,0.04449498318096782
2018.0,4.0,Europe,Model 3,0.0322220551198647,-0.1180449961200136,-1.4223035608114185,100.0,580.0,874.26,Estimated (Region),7091.0,2018-04-01,-0.2729641761951967,2,-0.1502670512398783,0.3956084997178616,-0.04582954373364536
2022.0,11.0,North America,Model Y,-0.5448762775249262,-0.5755788742067521,1.5220547813902487,82.0,453.0,528.52,Official (Quarter),11080.0,2022-11-01,0.9466578812084799,4,-0.030702596681825955,0.0322220551198647,-0.829331543472934
2025.0,3.0,North America,Model 3,-0.8490536021289837,-0.8793494428287325,-1.0117157238196273,60.0,354.0,349.45,Interpolated (Month),10494.0,2025-03-01,0.965547438567435,1,-0.030295840699748777,-0.5448762775249262,0.8590008796395866
2021.0,5.0,Middle East,Model S,1.3132228014265095,1.3766282731351245,-0.8404326814007149,100.0,597.0,1351.31,Interpolated (Month),5037.0,2021-05-01,0.953941472112718,2,0.06340547170861499,-0.8490536021289837,-1.10367536027944
2015.0,6.0,North America,Model S,-0.4378932753041172,-0.4466993980294205,-1.2856308145394728,120.0,717.0,881.8,Estimated (Region),10274.0,2015-06-01,0.9802862444763731,2,-0.00880612272530329,1.3132228014265095,0.5629690882105898
2016.0,4.0,Middle East,Model S,0.5358807496605849,0.7122768749896805,-0.0059594248695849,100.0,599.0,1080.99,Estimated (Region),13217.0,2016-04-01,0.7523489368770377,2,0.17639612532909565,-0.4378932753041172,-0.0031935410666590895
2017.0,1.0,Middle East,Model Y,-0.4643213803657898,-0.3765082079073401,1.368015255130493,100.0,571.0,693.34,Estimated (Region),13919.0,2017-01-01,1.2332304332660413,1,0.08781317245844972,0.5358807496605849,-0.6351987316236486
2018.0,6.0,Middle East,Model 3,1.7431877414683354,1.9569380456494485,0.2059609184795627,75.0,448.0,1127.75,Interpolated (Month),3584.0,2018-06-01,0.8907730857109604,2,0.21375030418111307,-0.4643213803657898,0.3590285483151328
2021.0,1.0,Europe,Model 3,0.4616787623720428,0.5538185026405023,1.3780697067023828,75.0,416.0,732.51,Estimated (Region),14882.0,2021-01-01,0.8336282738313102,1,0.09213974026845945,1.7431877414683354,0.6362255166527602
2019.0,7.0,North America,Model Y,0.7887265625102401,0.8221413464851108,-1.1557022896021942,100.0,585.0,1143.03,Official (Quarter),5110.0,2019-07-01,0.9593564000670585,3,0.03341478397487074,0.4616787623720428,-0.9115330941631526
2016.0,2.0,North America,Model 3,-0.3570842617501571,-0.4532724860676086,-0.3743458025893174,75.0,448.0,572.34,Estimated (Region),6097.0,2016-02-01,0.787791610402083,1,-0.0961882243174515,0.7887265625102401,0.13367299455687645
2021.0,3.0,Middle East,Cybertruck,-1.0955465051080444,-0.998604040093003,1.368718554798011,100.0,576.0,484.79,Official (Quarter),9523.0,2021-03-01,1.0970779819857457,1,0.09694246501504145,-0.3570842617501571,-1.4994948291854944
2024.0,3.0,Europe,Cybertruck,-0.3641995208052228,-0.4037395726369766,-1.1536266857777733,82.0,452.0,575.55,Official (Quarter),7628.0,2024-03-01,0.9020654537936356,1,-0.0395400518317538,-1.0955465051080444,0.42015028614838235
2018.0,5.0,North America,Model 3,1.175745831826848,1.2691113330819042,0.7025769672400531,82.0,481.0,1049.71,Official (Quarter),13474.0,2018-05-01,0.9264323792394733,2,0.09336550125505605,-0.3641995208052228,0.8260519407700405
2017.0,7.0,North America,Model X,-0.5962077892793285,-0.6051577703785987,0.5241307058753657,82.0,489.0,555.7,Interpolated (Month),3768.0,2017-07-01,0.9852104995798517,3,-0.008949981099270254,1.175745831826848,-0.3124908094433657
2023.0,10.0,Middle East,Model Y,1.222757364869246,1.2493920689673397,-1.170572480028207,100.0,565.0,1248.71,Interpolated (Month),13799.0,2023-10-01,0.9786818687586931,4,0.026634704098093653,-0.5962077892793285,-1.4313261210677484
2015.0,9.0,Middle East,Cybertruck,-0.9748412175667518,-1.0286524425532917,-1.696747990150279,120.0,668.0,609.82,Official (Quarter),13800.0,2015-09-01,0.9476876515716317,3,-0.053811224986539896,1.222757364869246,1.6540598766220371
2016.0,5.0,North America,Model X,0.0772006570036727,0.2467613899994279,-0.2302493928304101,120.0,678.0,1039.98,Estimated (Region),9073.0,2016-05-01,0.3128554957639511,2,0.1695607329957552,-0.9748412175667518,-0.017775404401204387
2020.0,1.0,Europe,Model Y,-0.411211053847621,-0.4175900081460159,-0.7389741246298246,75.0,421.0,524.4,Interpolated (Month),10742.0,2020-01-01,0.9847243607989673,1,-0.006378954298394857,0.0772006570036727,0.3038743285551534
2022.0,12.0,Middle East,Model X,0.4718434181649938,0.4723591615958136,1.3756084063818534,60.0,358.0,632.53,Interpolated (Month),12688.0,2022-12-01,0.9989081540642137,4,0.0005157434308197817,-0.411211053847621,0.6490717725237136
2025.0,11.0,Asia,Model Y,-0.3141385910249393,-0.4361355065394753,0.3262435517931485,120.0,705.0,918.54,Estimated (Region),5288.0,2025-11-01,0.7202774970501195,4,-0.12199691551453601,0.4718434181649938,-0.10248568969127148
2022.0,7.0,North America,Model 3,-0.3535266322226243,-0.2997439297470715,-0.5461139478177689,120.0,701.0,897.03,Interpolated (Month),3236.0,2022-07-01,1.1794288295377173,3,0.053782702475552835,-0.3141385910249393,0.19306582478181783
2017.0,10.0,North America,Model X,-0.7349553408531091,-0.6938944588941387,0.3500995759216773,82.0,458.0,482.96,Official (Quarter),11461.0,2017-10-01,1.0591745350213766,4,0.0410608819589704,-0.3535266322226243,-0.2573075531540453
2018.0,5.0,Asia,Model X,0.4550717361066247,0.4038112434832801,-1.5191655696493,60.0,340.0,597.36,Estimated (Region),9071.0,2018-05-01,1.1269417170784326,2,-0.05126049262334459,-0.7349553408531091,-0.6913293132137165
2018.0,3.0,Europe,Model X,-0.6864191094417683,-0.7976553486398228,-0.3714615284051423,82.0,479.0,518.83,Estimated (Region),5321.0,2018-03-01,0.860545987201444,1,-0.11123623919805448,0.4550717361066247,0.2549782915197359
2023.0,6.0,Asia,Model X,0.8636908989832534,0.831766225398172,-0.6987284845745039,82.0,469.0,937.13,Estimated (Region),3854.0,2023-06-01,1.0383817863845082,2,-0.03192467358508133,-0.6864191094417683,-0.6034854329873596
2022.0,9.0,Asia,Cybertruck,-0.2180825937815527,-0.3295575790631391,0.8680154154608412,100.0,573.0,779.05,Official (Quarter),12395.0,2022-09-01,0.661743524155974,3,-0.11147498528158639,0.8636908989832534,-0.18929905324607232
2016.0,3.0,Asia,Model 3,1.4346904381522736,1.379680064009997,-1.310936182717813,60.0,335.0,782.29,Estimated (Region),11173.0,2016-03-01,1.039871833751363,1,-0.0550103741422765,-0.2180825937815527,-1.8807876063730882
2015.0,8.0,North America,Model 3,1.7236207790669047,1.9531819953419125,0.4368569329993871,82.0,455.0,1140.12,Estimated (Region),14277.0,2015-08-01,0.8824680870382372,3,0.2295612162750078,1.4346904381522736,0.7529756871971822
2023.0,9.0,North America,Model 3,-0.2737340842479592,-0.231430764778759,0.5671085284553135,82.0,463.0,614.29,Estimated (Region),6840.0,2023-09-01,1.1827903887784361,3,0.042303319469200185,1.7236207790669047,-0.15523693370592295
2019.0,9.0,Middle East,Model S,0.2667714875422081,0.1307933367542514,-1.1794907174375906,75.0,442.0,727.44,Interpolated (Month),10395.0,2019-09-01,2.0396412704375537,3,-0.1359781507879567,-0.2737340842479592,-0.3146544932330523
2020.0,1.0,Europe,Model X,0.5958522188389955,0.6106287635419855,0.0348955758870621,82.0,460.0,846.42,Estimated (Region),11937.0,2020-01-01,0.9758010994810041,1,0.014776544702989947,0.2667714875422081,0.020792606319970503
2017.0,9.0,Middle East,Model X,0.0439114092817583,-0.0504360905843642,0.3415744904819103,82.0,489.0,740.47,Estimated (Region),14149.0,2017-09-01,-0.870634673960463,3,-0.09434749986612251,0.5958522188389955,0.01499901725175922
2019.0,8.0,North America,Model Y,-0.2856775548046766,-0.2342478025094111,-0.3252346104707311,75.0,434.0,572.75,Official (Quarter),4289.0,2019-08-01,1.21955276311802,3,0.0514297522952655,0.0439114092817583,0.09291222825712993
2025.0,7.0,Middle East,Model Y,-0.0846714864990713,0.0373615853542915,-0.8751329402613365,60.0,330.0,474.66,Official (Quarter),10430.0,2025-07-01,-2.2662712434751002,3,0.1220330718533628,-0.2856775548046766,0.07409880693623032
2021.0,12.0,Europe,Model X,0.07567595863473,0.0408828825176066,-1.1430066122824658,75.0,422.0,646.93,Estimated (Region),6158.0,2021-12-01,1.8510426362950176,4,-0.03479307611712341,-0.0846714864990713,-0.08649812111031076
2017.0,5.0,Europe,Model Y,-1.5232243975964563,-1.481960764044052,1.107964362944747,75.0,432.0,254.53,Estimated (Region),14604.0,2017-05-01,1.0278439446937866,2,0.041263633552404366,0.07567595863473,-1.687678349304854
2017.0,2.0,Europe,Cybertruck,1.1635482448753067,1.357143762164781,-0.7350435989967974,60.0,341.0,741.73,Interpolated (Month),3697.0,2017-02-01,0.8573507665977332,1,0.19359551728947433,-1.5232243975964563,-0.8552586895195524
2023.0,5.0,Middle East,Model S,0.3409734748307502,0.4836273125184218,0.7011047597381524,82.0,473.0,799.18,Estimated (Region),10314.0,2023-05-01,0.7050335371986713,2,0.1426538376876716,1.1635482448753067,0.23905812614829608
2023.0,11.0,Europe,Cybertruck,1.3843753919771664,1.259955960457285,0.4920110349113908,100.0,580.0,1337.19,Interpolated (Month),4841.0,2023-11-01,1.098749032049283,4,-0.12441943151988144,0.3409734748307502,0.6811279693125479
2022.0,2.0,Asia,Model X,0.0736430274761398,0.156381429474341,-0.2178966672920156,120.0,697.0,1067.66,Official (Quarter),7086.0,2022-02-01,0.4709192627518673,1,0.0827384019982012,1.3843753919771664,-0.016046570256345195
2017.0,7.0,Europe,Model S,-1.931589444078261,-1.8941872852961368,-0.309669072882275,120.0,699.0,243.36,Interpolated (Month),6122.0,2017-07-01,1.0197457553814573,3,0.03740215878212427,0.0736430274761398,0.5981535123369041
2016.0,1.0,Europe,Model X,-0.6378828780304274,-0.6730014290584692,1.0999517170507114,60.0,332.0,369.12,Interpolated (Month),13737.0,2016-01-01,0.9478180141798916,1,-0.03511855102804173,-1.931589444078261,-0.7016403669668182
2019.0,7.0,Europe,Cybertruck,-1.3552534606179416,-1.279603553725546,-1.3749926170290514,120.0,699.0,481.16,Official (Quarter),13883.0,2019-07-01,1.0591198005602143,3,0.0756499068923957,-0.6378828780304274,1.863463502552742
2025.0,10.0,Europe,Model 3,-0.5705420334021273,-0.4579675489520287,1.7383122221943526,75.0,419.0,482.5,Official (Quarter),4444.0,2025-10-01,1.2458132343824444,4,0.1125744844500986,-1.3552534606179416,-0.9917801899385363
2024.0,12.0,Middle East,Model S,-0.9570530699290876,-1.0227836139477664,0.4583714414150692,60.0,352.0,325.04,Interpolated (Month),13315.0,2024-12-01,0.9357336751172906,4,-0.06573054401867884,-0.5705420334021273,-0.4386857951741129
2021.0,11.0,Asia,Model S,-1.5006080384571403,-1.550039175868143,-0.6025071494266795,82.0,456.0,274.76,Interpolated (Month),11519.0,2021-11-01,0.9681097496240264,4,-0.0494311374110028,-0.9570530699290876,0.9041270716575727
2019.0,11.0,North America,Model 3,-0.0386764190359682,0.0533247991613198,-1.018326740694298,75.0,439.0,643.35,Official (Quarter),3253.0,2019-11-01,-0.7252989161564983,4,0.09200121819728799,-1.5006080384571403,0.0393852317386244
2016.0,6.0,Europe,Model X,0.9627962929645252,1.1090096887231788,0.5490290052002094,82.0,456.0,937.83,Estimated (Region),7059.0,2016-06-01,0.8681585947846934,2,0.14621339575865366,-0.0386764190359682,0.5286030909367626
2024.0,12.0,North America,Model 3,-0.2002944461438885,-0.2748600964596449,-1.3839903794891792,82.0,475.0,650.8,Estimated (Region),11158.0,2024-12-01,0.7287141666753212,4,-0.07456565031575638,0.9627962929645252,0.2772055865282552
2022.0,10.0,Asia,Cybertruck,-0.2755128990117256,-0.1997390903089234,1.0866968792179388,120.0,711.0,942.57,Official (Quarter),14899.0,2022-10-01,1.3793639421587822,4,0.0757738087028022,-0.2002944461438885,-0.29939900754032933
2015.0,2.0,Europe,Cybertruck,-1.168223794027644,-1.2070648321612554,0.7986203650868374,82.0,466.0,372.22,Interpolated (Month),10587.0,2015-02-01,0.967821912213227,1,-0.03884103813361128,-0.2755128990117256,-0.9329673128894875
2025.0,1.0,North America,Model 3,-1.7692090677858696,-1.765542562263026,-1.1092864996722658,82.0,462.0,205.13,Interpolated (Month),8460.0,2025-01-01,1.0020767018599337,1,0.003666505522843533,-1.168223794027644,1.9625597339926197
2018.0,4.0,North America,Model X,-0.8411759938894466,-0.8380328894458356,1.4967026922445965,100.0,566.0,561.36,Interpolated (Month),8584.0,2018-04-01,1.0037505740922523,2,0.003143104443610989,-1.7692090677858696,-1.258990374705859
2015.0,7.0,Middle East,Model S,-0.7903527149246918,-0.8725416016463233,0.8078442769100189,120.0,716.0,731.61,Estimated (Region),5174.0,2015-07-01,0.905805194197553,3,-0.0821888867216315,-0.8411759938894466,-0.638481917492208
2022.0,8.0,North America,Model S,0.8276063709182775,0.8916282771745283,1.1413633931625675,82.0,455.0,899.47,Official (Quarter),9057.0,2022-08-01,0.9281966399056688,3,0.06402190625625082,-0.7903527149246918,0.9445996157142437
2021.0,6.0,Middle East,Model 3,-0.7590963983613677,-0.8147923281679561,1.5219827118130114,120.0,691.0,718.81,Interpolated (Month),7377.0,2021-06-01,0.9316440178912587,2,-0.05569592980658844,0.8276063709182775,-1.1553315949055243
2023.0,4.0,Europe,Cybertruck,-0.983735291385584,-0.9258305653844916,1.5789226481457876,100.0,591.0,536.42,Estimated (Region),13834.0,2023-04-01,1.0625435454024408,2,0.05790472600109242,-0.7590963983613677,-1.5532419313489945
2020.0,10.0,Middle East,Model Y,0.4845492379061825,0.6686127901645736,-0.3562687644920492,60.0,350.0,621.02,Interpolated (Month),8871.0,2020-10-01,0.7247082990843094,4,0.18406355225839116,-0.983735291385584,-0.17262975832439964
2024.0,8.0,Asia,Model 3,-1.4126837658481146,-1.345099680963206,0.8855909487068545,82.0,473.0,309.55,Interpolated (Month),7347.0,2024-08-01,1.0502446665042047,3,0.06758408488490852,0.4845492379061825,-1.2510599564202038
2020.0,7.0,North America,Model X,-1.980125675489602,-1.9406684078518956,1.282008912750748,100.0,583.0,186.27,Interpolated (Month),3563.0,2020-07-01,1.0203317926329214,3,0.039457267637706295,-1.4126837658481146,-2.5385387643442647
2018.0,2.0,Europe,Model 3,1.2400372797172627,1.1979811303829395,-0.4162395993213097,82.0,488.0,1083.51,Estimated (Region),6014.0,2018-02-01,1.0351058528950952,1,-0.04205614933432322,-1.980125675489602,-0.5161526204530003
2015.0,8.0,Middle East,Model X,0.0942264554568655,-0.0039549680286053,-0.1608677623087197,100.0,557.0,859.98,Official (Quarter),5116.0,2015-08-01,-23.82483367130884,3,-0.0981814234854708,1.2400372797172627,-0.015157999039628204
2016.0,11.0,Europe,Model S,-0.983735291385584,-0.8805232085498376,0.5911072006436142,60.0,350.0,317.68,Official (Quarter),7343.0,2016-11-01,1.1172167659336656,4,0.10321208283574645,0.0942264554568655,-0.5814930142652627
2022.0,11.0,North America,Model X,-0.1436264900981869,-0.0675730701124976,0.1952901477644058,82.0,468.0,656.86,Official (Quarter),9789.0,2022-11-01,2.12549895778116,4,0.0760534199856893,-0.983735291385584,-0.02804883847415789
2020.0,4.0,North America,Model S,0.315307718953549,0.1974632297130168,-0.4432716551639307,60.0,345.0,577.69,Official (Quarter),11705.0,2020-04-01,1.5967920681323884,2,-0.11784448924053217,-0.1436264900981869,-0.13976697446650313
2022.0,12.0,North America,Cybertruck,-1.342547640876753,-1.3516727690013943,-0.5767300982911131,60.0,335.0,233.11,Estimated (Region),10287.0,2022-12-01,0.9932490109041828,4,-0.00912512812464139,0.315307718953549,0.7742876328833518
2019.0,4.0,Europe,Model S,0.532323120133052,0.5242396064686556,1.0275466435060436,100.0,578.0,1041.87,Interpolated (Month),7104.0,2019-04-01,1.01541950200758,2,-0.008083513664396413,-1.342547640876753,0.5469868353533821
2023.0,9.0,Europe,Model X,-1.1240075413283073,-1.1629312410477064,0.5903696057979628,60.0,352.0,290.35,Official (Quarter),8377.0,2023-09-01,0.9665296637105285,3,-0.03892369971939913,0.532323120133052,-0.6635798890879302
2024.0,5.0,Middle East,Model Y,-0.30880214673364,-0.2628876861043737,1.2442494245943148,75.0,430.0,561.6,Interpolated (Month),5600.0,2024-05-01,1.17465428415326,2,0.045914460629266296,-1.1240075413283073,-0.3842268933868207
2016.0,5.0,Asia,Model X,0.0040151352944257,-0.1302521596195059,0.1714669277193091,60.0,343.0,511.31,Estimated (Region),13132.0,2016-05-01,-0.03082586351086047,2,-0.1342672949139316,-0.30880214673364,0.0006884629133125385
2024.0,5.0,Europe,Model S,-0.0678998044407022,-0.1748552570214968,-0.4698638380696239,82.0,466.0,674.88,Official (Quarter),14918.0,2024-05-01,0.38832006310427697,2,-0.10695545258079459,0.0040151352944257,0.03190366271868523
2017.0,2.0,Middle East,Model Y,0.1958730133863752,0.302397885179806,-0.1415367135675307,75.0,427.0,684.89,Official (Quarter),6634.0,2017-02-01,0.6477327487588379,1,0.10652487179343079,-0.0678998044407022,-0.027723222591276492
2023.0,5.0,Asia,Model X,0.1709696066936453,0.1385401905135446,1.7122116035085715,82.0,470.0,746.95,Estimated (Region),9646.0,2023-05-01,1.234079483071955,2,-0.0324294161801007,0.1958730133863752,0.2927361444281562
2021.0,11.0,Asia,Model Y,-1.1763555186620047,-1.2173939705069796,-1.0807076815926715,100.0,571.0,453.35,Interpolated (Month),10899.0,2021-11-01,0.9662899169544231,4,-0.0410384518449749,0.1709696066936453,1.2712964453019597
2015.0,8.0,Europe,Cybertruck,-1.2454751780540712,-1.241338791217522,1.5608028653337445,75.0,418.0,314.82,Official (Quarter),10034.0,2015-08-01,1.0033321981604169,3,0.004136386836549155,-1.1763555186620047,-1.9439412266088498
2017.0,3.0,Asia,Model X,2.0773508006615984,1.793315104127408,0.4302648033242681,82.0,491.0,1332.84,Estimated (Region),5281.0,2017-03-01,1.158385827387762,1,-0.28403569653419036,-1.2454751780540712,0.8938109336821735
2018.0,11.0,North America,Model Y,-1.981396257463721,-1.961796190831786,-1.4307590618317847,82.0,466.0,148.54,Interpolated (Month),7962.0,2018-11-01,1.0099908781164595,4,0.01960006663193492,2.0773508006615984,2.8349006504458027
2022.0,3.0,North America,Cybertruck,-0.516923474094311,-0.5098479938248708,-0.1194923695012658,82.0,461.0,545.46,Interpolated (Month),9060.0,2022-03-01,1.0138776269694818,1,0.007075480269440271,-1.981396257463721,0.061768410770355414
2020.0,11.0,Europe,Model 3,-1.2508116223453705,-1.1540106215673085,0.217360337472162,82.0,479.0,359.25,Interpolated (Month),6905.0,2020-11-01,1.0838822442089766,4,0.09680100077806197,-0.516923474094311,-0.27187683634709214
2016.0,6.0,Asia,Model Y,1.2123385926814714,0.970035827344344,-1.1615776997574818,75.0,417.0,919.05,Interpolated (Month),11711.0,2016-06-01,1.2497874392953885,2,-0.24230276533712736,-1.2508116223453705,-1.4082254738141662
2018.0,12.0,North America,Model S,0.9854126521038412,0.7620445415645336,-0.840627020743471,120.0,687.0,1422.09,Estimated (Region),5723.0,2018-12-01,1.2931168696264348,4,-0.2233681105393076,1.2123385926814714,-0.8283645019409744
2015.0,11.0,Europe,Model Y,-0.6284805714219478,-0.6950682246152436,-1.086345013627294,100.0,588.0,657.0,Interpolated (Month),7201.0,2015-11-01,0.9041998312753319,4,-0.06658765319329585,0.9854126521038412,0.6827467349258655
2017.0,3.0,North America,Model 3,1.7083737953774782,1.986986448109737,0.1593691793748624,82.0,490.0,1223.41,Interpolated (Month),3907.0,2017-03-01,0.859781301982553,1,0.27861265273225877,-0.6284805714219478,0.2722621298348278
2016.0,1.0,Middle East,Model X,-0.0196176894241851,0.1258635207256103,-1.0020648618802637,100.0,581.0,857.99,Estimated (Region),10578.0,2016-01-01,-0.15586477567994295,1,0.1454812101497954,1.7083737953774782,0.019658197243255952
2017.0,5.0,Europe,Model S,-1.0985959018459297,-1.043911396927657,0.2205706643643884,82.0,489.0,410.69,Estimated (Region),8955.0,2017-05-01,1.0523842397728533,2,0.0546845049182727,-0.0196176894241851,-0.24231802793815116
2021.0,4.0,Europe,Model Y,-0.7486776261735929,-0.8359201111478466,-0.3051823689256061,82.0,477.0,499.13,Interpolated (Month),11544.0,2021-04-01,0.8956329871589567,2,-0.08724248497425369,-1.0985959018459297,0.22848321151725642
2020.0,4.0,Asia,Model 3,0.4438906147343787,0.3796316696285166,1.0751702201441484,120.0,674.0,1179.74,Official (Quarter),3759.0,2020-04-01,1.16926655557673,2,-0.06425894510586211,-0.7486776261735929,0.4772579699638833
2020.0,12.0,Europe,Model S,1.129496647968921,1.312071158474348,-0.1806993218380298,100.0,567.0,1221.91,Estimated (Region),4658.0,2020-12-01,0.8608501457209674,4,0.18257451050542706,0.4438906147343787,-0.20409927830631192
2025.0,6.0,North America,Model S,-1.229974077969821,-1.2080038447381394,0.6754286060107183,82.0,472.0,359.81,Official (Quarter),8210.0,2025-06-01,1.01818722128028,2,0.02197023323168157,1.129496647968921,-0.8307596769124747
2023.0,9.0,Middle East,Model X,-0.1019514013470879,-0.1121761675144885,0.235857367243673,82.0,457.0,652.66,Official (Quarter),8629.0,2023-09-01,0.908850815695054,3,-0.010224766167400604,-1.229974077969821,-0.02404598910852721
2015.0,3.0,Middle East,Model X,0.2090870659172114,0.0303189910276613,1.6142615925701973,100.0,591.0,952.54,Estimated (Region),11351.0,2015-03-01,6.896240898203123,1,-0.1787680748895501,-0.1019514013470879,0.3375212200133475
2017.0,9.0,Europe,Cybertruck,-0.248068328370758,-0.1178102429757926,1.730847802118884,100.0,591.0,793.06,Estimated (Region),13138.0,2017-09-01,2.105660103100972,3,0.13025808539496542,0.2090870659172114,-0.4293685209358321
2017.0,7.0,Asia,Model S,-0.1077960784280347,-0.1534927208973854,0.0242079060986222,100.0,597.0,850.55,Estimated (Region),13515.0,2017-07-01,0.7022878856913332,3,-0.04569664246935069,-0.248068328370758,-0.0026095173443855778
2022.0,2.0,Europe,Model Y,0.7635690394226864,0.8233151122062159,0.1904923020467008,120.0,660.0,1279.77,Interpolated (Month),11358.0,2022-02-01,0.927432313706195,1,0.0597460727835295,-0.1077960784280347,0.14545402409121558
2024.0,1.0,Middle East,Model 3,0.0533137158902379,0.0537943054497618,1.5021436968101942,82.0,487.0,740.14,Interpolated (Month),12429.0,2024-01-01,0.9910661629422335,1,0.000480589559523896,0.7635690394226864,0.08008486227805035
2021.0,8.0,Asia,Cybertruck,-1.2909620127275268,-1.2519026827074673,1.2311655656206422,60.0,337.0,244.76,Official (Quarter),8898.0,2021-08-01,1.0311999730966201,3,0.03905933002005946,0.0533137158902379,-1.589387976594448
2015.0,10.0,Middle East,Cybertruck,0.2195058381049862,0.1188209263989802,-1.650109530078267,75.0,445.0,719.97,Official (Quarter),3255.0,2015-10-01,1.8473668297108155,4,-0.10068491170600599,-1.2909620127275268,-0.36220867536485496
2015.0,12.0,Europe,Cybertruck,-0.0473163764599765,-0.0699206015547076,-0.1645298908954859,60.0,334.0,487.77,Official (Quarter),12537.0,2015-12-01,0.6767158091875827,4,-0.022604225094731097,0.2195058381049862,0.007784958256529671
2024.0,4.0,Europe,Model Y,1.371415455841154,1.556449181608414,-1.3263282562893337,60.0,350.0,804.25,Official (Quarter),7906.0,2024-04-01,0.8811180423018703,2,0.18503372576726007,-0.0473163764599765,-1.8189470701940396
2023.0,1.0,North America,Cybertruck,-0.9844976405700552,-1.0263049111110816,0.0460156631389229,60.0,339.0,307.54,Official (Quarter),5011.0,2023-01-01,0.9592642789794646,1,-0.0418072705410264,1.371415455841154,-0.04530231178953605
2020.0,8.0,Middle East,Model 3,0.6901294013186158,0.8690919753293118,-1.3088650521774965,120.0,692.0,1311.82,Estimated (Region),13553.0,2020-08-01,0.794080972910969,3,0.17896257401069604,-0.9844976405700552,-0.9032862548661145
2024.0,3.0,Middle East,Cybertruck,0.9208670878186026,1.0878819057432885,1.7393848163162635,100.0,581.0,1180.53,Estimated (Region),12541.0,2024-03-01,0.8464770697600913,1,0.16701481792468587,0.6901294013186158,1.6017422303970525
2017.0,12.0,North America,Model S,0.5363889824502325,0.3444186979953659,-1.6135399354935929,82.0,473.0,853.74,Estimated (Region),8258.0,2017-12-01,1.5573747464124306,4,-0.19197028445486658,0.9208670878186026,-0.865485044142222
2019.0,10.0,Europe,Model 3,-0.7842539214489213,-0.7460096569112017,-0.8540702335401941,82.0,483.0,495.27,Estimated (Region),12813.0,2019-10-01,1.0512651065350376,4,0.03824426453771956,0.5363889824502325,0.6698079298466932
2015.0,4.0,Europe,Cybertruck,-0.6132335877325213,-0.5234636761896891,-0.7543701744538822,75.0,416.0,468.56,Official (Quarter),11360.0,2015-04-01,1.1714921505084568,2,0.0897699115428322,-0.7842539214489213,0.46260512855876224
2023.0,7.0,North America,Cybertruck,-0.3075315647595212,-0.325566775611382,0.3740763787210241,75.0,433.0,565.84,Interpolated (Month),10816.0,2023-07-01,0.9446036506090265,3,-0.018035210851860772,-0.6132335877325213,-0.1150402940876518
2018.0,10.0,North America,Model X,-0.4457708835436543,-0.5253417013434571,-0.2782720858169368,120.0,673.0,824.56,Official (Quarter),3002.0,2018-10-01,0.8485351199108765,4,-0.07957081779980285,-0.3075315647595212,0.1240455935601515
2018.0,6.0,Middle East,Model Y,-0.3990134668960798,-0.2626529329601527,1.1950746124351332,120.0,677.0,848.15,Interpolated (Month),3926.0,2018-06-01,1.5191662335505483,2,0.13636053393592712,-0.4457708835436543,-0.47685086430723145
2022.0,9.0,Asia,Model S,0.7816113034551744,0.6357473499736329,1.255961476442652,60.0,337.0,657.05,Estimated (Region),5717.0,2022-09-01,1.2294369822974347,3,-0.14586395348154146,-0.3990134668960798,0.9816736866918266
2024.0,7.0,Europe,Model Y,-1.4970504089296075,-1.435479641488293,-0.1578751352429062,60.0,351.0,212.23,Interpolated (Month),4146.0,2024-07-01,1.0428921216726406,3,0.0615707674413144,0.7816113034551744,0.2363470357752098
2019.0,11.0,Middle East,Cybertruck,0.2563527153544334,0.109196047485919,1.6402459058692649,82.0,451.0,739.48,Estimated (Region),12632.0,2019-11-01,2.347637311574766,4,-0.1471566678685144,-1.4970504089296075,0.4204814918185784
2022.0,10.0,Asia,Model 3,0.1473367819750343,0.1991065017225639,0.8788402659618143,60.0,350.0,551.35,Interpolated (Month),5380.0,2022-10-01,0.7399898079688738,4,0.051769719747529586,0.2563527153544334,0.129485496656897
2017.0,10.0,Middle East,Cybertruck,-1.795637172847542,-1.816718747703205,0.4360234110612753,100.0,563.0,241.19,Estimated (Region),8854.0,2017-10-01,0.988395796056866,4,-0.021081574855662977,0.1473367819750343,-0.78293984513341
2023.0,6.0,Asia,Model Y,-0.9011474630678572,-0.8255909728021223,-0.8885040834808221,82.0,480.0,459.07,Official (Quarter),3820.0,2023-06-01,1.0915180673660834,2,0.07555649026573485,-1.795637172847542,0.8006732007541745
2016.0,2.0,Middle East,Cybertruck,0.4484647098412066,0.3765798787536435,0.5877000492507966,60.0,354.0,620.58,Estimated (Region),12147.0,2016-02-01,1.1908886670352077,1,-0.0718848310875631,-0.9011474630678572,0.2635627320609213
2025.0,3.0,North America,Model Y,-0.1520123311273714,-0.1415203105421141,0.9752683662415736,100.0,567.0,793.01,Estimated (Region),5144.0,2025-03-01,1.074137913809446,1,0.010492020585257278,0.4484647098412066,-0.1482528178271646
2024.0,10.0,Middle East,Model 3,0.8558132907437164,0.7183804567394266,1.6469444002997538,75.0,417.0,831.29,Official (Quarter),4213.0,2024-10-01,1.1913092605944038,4,-0.13743283400428974,-0.1520123311273714,1.4094769068924689
2022.0,6.0,Asia,Model Y,0.3183571156914342,0.3293944967652216,0.0653561554798887,60.0,357.0,598.42,Interpolated (Month),9588.0,2022-06-01,0.9664919080853547,2,0.011037381073787378,0.8558132907437164,0.020806597151258287
2024.0,12.0,Europe,Model X,0.2502539218786628,0.2871389308054407,-0.5350594687327717,60.0,331.0,541.53,Interpolated (Month),9499.0,2024-12-01,0.87154298853411,4,0.036885008926777874,0.3183571156914342,-0.13390073048868986
2019.0,12.0,Europe,Model X,-1.014991607948908,-1.0702037490804095,-0.4590986313567086,75.0,416.0,369.91,Official (Quarter),10538.0,2019-12-01,0.9484096919124575,4,-0.05521214113150141,0.2502539218786628,0.46598125804788865
2024.0,12.0,Middle East,Model 3,-1.0686101672567243,-1.0873407286085428,1.4473171387009427,100.0,578.0,495.66,Official (Quarter),11858.0,2024-12-01,0.9827739724457965,4,-0.018730561351818498,-1.014991607948908,-1.546617809660738
2016.0,11.0,North America,Model S,-1.8131712040903825,-1.758265214792175,0.749272585942287,120.0,696.0,290.96,Official (Quarter),6712.0,2016-11-01,1.0312273648117969,4,0.05490598929820756,-1.0686101672567243,-1.358559476844891
2017.0,2.0,Europe,Model Y,-0.8643005858184102,-0.8227739350714703,-0.3602574428184329,100.0,585.0,572.22,Official (Quarter),5390.0,2017-02-01,1.050471519547265,1,0.04152665074693984,-1.8131712040903825,0.311370718873414
2015.0,4.0,Middle East,Model 3,0.1181133965703003,0.1678843335411702,-0.1747637708631171,120.0,677.0,1054.8,Estimated (Region),6943.0,2015-04-01,0.7035403130175658,2,0.049770936970869886,-0.8643005858184102,-0.020641942574076443
2017.0,3.0,North America,Model X,-1.2612303945331451,-1.3033136212918672,-1.245120256658861,82.0,476.0,354.07,Interpolated (Month),12375.0,2017-03-01,0.967710590857626,1,-0.042083226758722114,0.1181133965703003,1.5703835125470662
2025.0,4.0,North America,Model 3,-0.168275780396093,-0.0105280560667934,1.3724219370048507,100.0,567.0,787.56,Estimated (Region),14978.0,2025-04-01,15.983556634624371,2,0.1577477243292996,-1.2612303945331451,-0.23094537248220884
2024.0,7.0,North America,Cybertruck,1.47687375969302,1.665609393671181,1.6546001775285748,120.0,686.0,1619.03,Interpolated (Month),3725.0,2024-07-01,0.8866867377817991,3,0.18873563397816118,-0.168275780396093,2.4436355849753646
2019.0,10.0,Middle East,Cybertruck,0.2883713811022289,0.2197647784140123,0.1580689447951969,120.0,693.0,1149.38,Estimated (Region),7278.0,2019-10-01,1.3121819755801332,4,-0.06860660268821658,1.47687375969302,0.0455825599199629
2020.0,2.0,North America,Model X,-0.1212642473536948,0.0005053417115937,-0.3570441337368044,82.0,459.0,650.29,Official (Quarter),8097.0,2020-02-01,-239.96484867885303,1,0.1217695890652885,0.2883713811022289,0.04329668814964553
2024.0,2.0,Europe,Model X,-1.6917035673646184,-1.687369765237431,1.0029917929941012,120.0,692.0,338.91,Interpolated (Month),9564.0,2024-02-01,1.0025683772558158,1,0.0043338021271872584,-0.1212642473536948,-1.696764794245556
2020.0,1.0,North America,Model S,-0.6467769518492595,-0.5816824559564984,-0.6511849300187104,60.0,353.0,390.61,Official (Quarter),8311.0,2020-01-01,1.1119072704122082,1,0.06509449589276117,-1.6917035673646184,0.4211714041276749
2017.0,1.0,North America,Model X,0.7567078967624445,0.8629883935795657,-1.2379972972700255,60.0,352.0,681.12,Interpolated (Month),12227.0,2017-01-01,0.8768459719646017,1,0.10628049681712115,-0.6467769518492595,-0.9368023310147918
2022.0,3.0,Europe,Model 3,0.618976810767959,0.5603915906786904,0.8423318062598993,100.0,589.0,1091.83,Estimated (Region),12159.0,2022-03-01,1.1045433605067414,1,-0.058585220089268586,0.7567078967624445,0.5213838550471668
2016.0,10.0,Middle East,Model Y,-0.3047362844164596,-0.2981006577375244,1.3066084961037343,75.0,431.0,563.94,Interpolated (Month),11427.0,2016-10-01,1.02225968479673,4,0.006635626678935191,0.618976810767959,-0.39817101828963014
2019.0,12.0,Middle East,Model S,1.2697688979116444,1.1846002011623424,1.49500831163218,75.0,414.0,926.47,Official (Quarter),9592.0,2019-12-01,1.0718965746128808,4,-0.08516869674930194,-0.3047362844164596,1.8983150562299413
2025.0,1.0,Asia,Model S,0.7976206363290721,0.6338693248198649,1.173446780822141,75.0,447.0,875.74,Interpolated (Month),4643.0,2025-01-01,1.258336071958905,1,-0.1637513115092072,1.2697688979116444,0.9359653680176573
2015.0,9.0,Europe,Model 3,0.9706739012040624,0.7373954614213281,-0.9627148727089482,75.0,421.0,867.81,Interpolated (Month),11062.0,2015-09-01,1.3163545912434702,3,-0.23327843978273433,0.7976206363290721,-0.934482201239567
2019.0,3.0,Asia,Cybertruck,-2.0055373149719795,-2.005225522512672,1.6011220660610033,82.0,456.0,138.85,Estimated (Region),9957.0,2019-03-01,1.0001554899714804,1,0.00031179245930745836,0.9706739012040624,-3.211110049310373
2017.0,3.0,Asia,Model S,-0.4165474981389203,-0.276972874757634,-1.049856932219632,120.0,717.0,890.84,Official (Quarter),14937.0,2017-03-01,1.5039288540562736,1,0.1395746233812863,-2.0055373149719795,0.4373152785198897
2015.0,3.0,Europe,Cybertruck,-1.1420498053607953,-1.1587056844517285,-0.7135340608967871,120.0,708.0,576.45,Interpolated (Month),12721.0,2015-03-01,0.9856254445676476,1,-0.016655879090933245,-0.4165474981389203,0.8148914353654735
2017.0,7.0,Asia,Model 3,0.3529169453874675,0.1946461919823648,-0.3686080701781311,100.0,577.0,978.97,Official (Quarter),9037.0,2017-07-01,1.8131202146479302,3,-0.1582707534051027,-1.1420498053607953,-0.13008803417243528
2021.0,12.0,Europe,Model 3,0.982109138971132,0.8146292458700387,1.0626688821671757,75.0,442.0,914.08,Official (Quarter),4526.0,2021-12-01,1.2055903270723134,4,-0.16747989310109324,0.3529169453874675,1.0436568208766202
2015.0,3.0,Europe,Model Y,0.0787253553726153,0.2164782343949182,0.8422925407660947,100.0,584.0,896.32,Official (Quarter),11429.0,2015-03-01,0.36366406808823903,1,0.1377528790223029,0.982109138971132,0.06630977959951387
2019.0,8.0,North America,Model X,-0.0610386617804603,-0.0149883658069925,-1.2267027519380942,60.0,354.0,514.11,Interpolated (Month),5820.0,2019-08-01,4.072402726652429,3,0.0460502959734678,0.0787253553726153,0.07487629438070922
2025.0,9.0,Asia,Cybertruck,-0.165988732842679,-0.1295479001868429,0.1998439509826396,120.0,684.0,951.0,Official (Quarter),8148.0,2025-09-01,1.2812923451733191,3,0.036440832655836114,-0.0610386617804603,-0.0331718441898828
2018.0,3.0,North America,Model 3,0.4700646034012274,0.4171921727038774,0.1781092575827101,75.0,414.0,731.04,Official (Quarter),8113.0,2018-03-01,1.1267339949229556,1,-0.05287243069735004,-0.165988732842679,0.08372285752770367
2022.0,8.0,Europe,Cybertruck,-0.0117400811846481,-0.1236790715813178,-1.5822513013098936,100.0,582.0,862.17,Interpolated (Month),12287.0,2022-08-01,0.0949237493016683,3,-0.1119389903966697,0.4700646034012274,0.018575758731893252
2015.0,2.0,Europe,Model S,-0.7959432756108149,-0.8206611567734813,1.6460398028475398,60.0,358.0,364.62,Interpolated (Month),6021.0,2015-02-01,0.9698805274763491,1,-0.024717881162666377,-0.0117400811846481,-1.3101543124642507
2020.0,5.0,North America,Model 3,-0.8460042053910984,-0.761738117574009,-0.247049556831669,75.0,434.0,429.2,Official (Quarter),4075.0,2020-05-01,1.1106234358935074,2,0.08426608781708944,-0.7959432756108149,0.20900496401959914
2022.0,6.0,Europe,Cybertruck,-0.906992140148804,-0.900946732097065,-1.656479983674437,75.0,438.0,417.39,Interpolated (Month),6528.0,2022-06-01,1.0067100615789655,2,0.006045408051739032,-0.8460042053910984,1.5024143255065336
2025.0,4.0,North America,Cybertruck,-0.5476715578679877,-0.4096084012425017,0.7304420479892183,60.0,331.0,385.63,Official (Quarter),3421.0,2025-04-01,1.3370613400669682,2,0.13806315662548602,-0.906992140148804,-0.4000423343545386
2024.0,2.0,Europe,Model 3,-1.063527839360249,-1.001186324679434,-0.0561471873626196,75.0,447.0,384.67,Estimated (Region),6524.0,2024-02-01,1.0622676450367776,1,0.06234151468081506,-0.5476715578679877,0.0597140968619219
2025.0,2.0,Asia,Cybertruck,0.5003044543852565,0.3512265391777751,0.182154597507749,120.0,668.0,1191.48,Official (Quarter),10334.0,2025-02-01,1.4244494608991518,1,-0.14907791520748143,-1.063527839360249,0.09113275651988037
2016.0,7.0,North America,Model 3,0.0345091026732786,0.1988717485783429,-0.4548579580257791,120.0,679.0,1024.41,Official (Quarter),4786.0,2016-07-01,0.1735244091731018,3,0.16436264590506428,0.5003044543852565,-0.01569673997526946
2023.0,12.0,Middle East,Model S,-0.1362571146482974,0.014121024076412,-0.6434506218022794,100.0,572.0,805.32,Interpolated (Month),4375.0,2023-12-01,-9.649237471091322,4,0.1503781387247094,0.0345091026732786,0.08767472514543144
2025.0,12.0,Middle East,Model Y,1.8804105946731733,1.928767668342928,-1.3079654250409534,100.0,598.0,1553.78,Estimated (Region),4474.0,2025-12-01,0.9749285129238505,4,0.048357073669754724,-0.1362571146482974,-2.459512042713209
2023.0,7.0,Europe,Model Y,2.5662707443025394,2.5313789895582475,0.6945812204193005,82.0,468.0,1405.47,Official (Quarter),5427.0,2023-07-01,1.013783694534962,3,-0.03489175474429196,1.8804105946731733,1.7824834655040045
2020.0,12.0,Asia,Model 3,0.1028664128808738,0.2270421258848634,1.7285023101535009,82.0,451.0,698.62,Official (Quarter),4354.0,2020-12-01,0.4530719243398864,4,0.1241757130039896,2.5662707443025394,0.1778048323017942
2018.0,12.0,Europe,Cybertruck,-0.8391430627308565,-0.7244123676428693,-0.2490123344903463,120.0,688.0,683.18,Estimated (Region),13775.0,2018-12-01,1.1583776039899814,4,0.11473069508798717,0.1028664128808738,0.20895697302198968
2024.0,8.0,Asia,Cybertruck,0.5989016155768808,0.6186103704454996,-0.2966374022231525,75.0,415.0,764.37,Interpolated (Month),11569.0,2024-08-01,0.9681402772888769,3,0.019708754868618783,-0.8391430627308565,-0.17765661943197505
2019.0,4.0,North America,Model Y,1.217675036972771,1.219578419651272,1.7104158284564566,75.0,435.0,960.09,Official (Quarter),7451.0,2019-04-01,0.998439310955465,2,0.0019033826785010977,0.5989016155768808,2.0827306571545283
2018.0,7.0,North America,Model 3,-1.286133801225875,-1.295097261244132,0.1950297032232186,100.0,553.0,403.22,Estimated (Region),3050.0,2018-07-01,0.9930789290607823,3,-0.008963460018257097,1.217675036972771,-0.25083429355843245
2016.0,1.0,North America,Model S,-0.4401803228575312,-0.4058523509349657,-0.7202464722111557,120.0,701.0,861.18,Estimated (Region),13321.0,2016-01-01,1.084582414869555,1,0.03432797192256554,-1.286133801225875,0.3170383246749044
2023.0,1.0,Europe,Model X,-0.8350772004136762,-0.7356805185654776,0.7649241099918608,60.0,332.0,330.47,Estimated (Region),12853.0,2023-01-01,1.1351084870943908,1,0.09939668184819861,-0.4401803228575312,-0.638770684300926
2022.0,12.0,Middle East,Model S,1.4021635396148306,1.3662991347894002,0.9620547820288744,100.0,576.0,1334.02,Official (Quarter),6800.0,2022-12-01,1.0262493065480558,4,-0.03586440482543041,-0.8350772004136762,1.348958138472981
2020.0,12.0,Middle East,Model 3,0.5206337659711584,0.6411466722907161,-0.5138834388143197,60.0,342.0,614.11,Interpolated (Month),7724.0,2020-12-01,0.8120353555154797,4,0.12051290631955769,1.4021635396148306,-0.26754507002010863
2020.0,5.0,Middle East,Model S,-0.9001309974885623,-0.9819365668533117,0.0979082439072844,60.0,331.0,316.77,Estimated (Region),4326.0,2020-05-01,0.9166895580364205,2,-0.08180556936474936,0.5206337659711584,-0.08813024525061737
2016.0,6.0,Asia,Model S,0.8941848663621063,1.061354800446315,1.2102052474023326,82.0,488.0,983.88,Interpolated (Month),6026.0,2016-06-01,0.8424938258027275,2,0.16716993408420866,-0.9001309974885623,1.0821472174191744
2025.0,2.0,North America,Model X,0.9526316371715744,0.8104036892740606,-0.6028998043647282,75.0,418.0,857.17,Official (Quarter),10446.0,2025-02-01,1.1755025918316315,1,-0.1422279478975138,0.8941848663621063,-0.5743414276823929
2019.0,11.0,Asia,Cybertruck,0.904603638549881,0.7280053356524879,1.1738980854851138,75.0,418.0,845.32,Official (Quarter),6614.0,2019-11-01,1.2425783084942827,4,-0.1765983028973931,0.9526316371715744,1.061912479416573
2022.0,6.0,North America,Model S,-0.2981292581510416,-0.1776722947521489,-1.0334022051575436,120.0,664.0,871.4,Official (Quarter),12457.0,2022-06-01,1.6779726888028825,2,0.12045696339889267,0.904603638549881,0.30808743279526896
2017.0,10.0,Asia,Model S,0.2769361433351591,0.4608562575289843,-0.1171339547151362,75.0,444.0,733.4,Estimated (Region),3748.0,2017-10-01,0.6009165305035311,4,0.1839201141938252,-0.2981292581510416,-0.03243862567240499
2018.0,10.0,Middle East,Model 3,0.3412275912255739,0.1920639073959337,-1.489596167656375,60.0,357.0,603.24,Interpolated (Month),5281.0,2018-10-01,1.7766356826331973,4,-0.14916368382964018,0.2769361433351591,-0.508291312188231
2018.0,4.0,Europe,Cybertruck,-1.868822694556789,-1.8373770243946532,1.5560760951301416,120.0,677.0,260.78,Interpolated (Month),3013.0,2018-04-01,1.017114435276285,2,0.03144567016213573,0.3412275912255739,-2.9080303210365175
2024.0,9.0,Asia,Model S,0.2098494151016827,0.1462870442728378,-0.3754984187935398,75.0,440.0,709.37,Official (Quarter),10217.0,2024-09-01,1.4345044439499075,3,-0.06356237082884489,-1.868822694556789,-0.07879812355543102
2018.0,10.0,Asia,Model X,-0.7753598476300892,-0.8720720953578813,-1.083958268041837,100.0,577.0,594.69,Estimated (Region),6496.0,2018-10-01,0.8891006279840851,4,-0.09671224772779208,0.2098494151016827,0.8404577175462942
2024.0,1.0,Asia,Model X,-1.708983482212635,-1.6469922244314184,-0.4278413101617396,82.0,482.0,231.14,Interpolated (Month),9362.0,2024-01-01,1.0376390713092878,1,0.061991257781216724,-0.7753598476300892,0.7311737320746258
2024.0,9.0,Europe,Model Y,-0.0330858583498452,0.06036739348795,-1.3879074852698932,75.0,441.0,647.74,Interpolated (Month),7457.0,2024-09-01,-0.5480749861504208,3,0.0934532518377952,-1.708983482212635,0.045920110460329545
2025.0,5.0,Europe,Model X,-1.126294588881721,-1.1810072331527235,-1.5453089330498555,75.0,424.0,349.16,Estimated (Region),8539.0,2025-05-01,0.9536728965453108,2,-0.05471264427100242,-0.0330858583498452,1.740473089444638
2025.0,1.0,Middle East,Model X,0.4604081803979239,0.5127367024018264,-1.1342946429734495,60.0,337.0,593.15,Interpolated (Month),8616.0,2025-01-01,0.8979427028360197,1,0.05232852200390253,-1.126294588881721,-0.5222385326065186
2024.0,9.0,Middle East,Model X,-1.494255128586546,-1.52820713345559,0.7688645762562308,100.0,580.0,351.65,Estimated (Region),11156.0,2024-09-01,0.9777831132143249,3,-0.03395200486904404,0.4604081803979239,-1.1488798362593944
2019.0,11.0,Middle East,Model X,-0.0173306418707712,-0.1694559347044137,1.175153587223736,75.0,431.0,637.06,Official (Quarter),9324.0,2019-11-01,0.10227226270358414,4,-0.1521252928336425,-1.494255128586546,-0.020366165963326653
2023.0,9.0,Europe,Model 3,0.2705832334645647,0.3319767813516526,-1.0578815068712792,82.0,467.0,769.64,Interpolated (Month),14358.0,2023-09-01,0.8150667416042701,3,0.061393547887087896,-0.0173306418707712,-0.28624499875159687
2024.0,6.0,Asia,Model S,-0.0158059435018285,-0.1553707460511534,-1.286403698626392,82.0,460.0,680.34,Estimated (Region),13314.0,2024-06-01,0.10173049884580355,2,-0.1395648025493249,0.2705832334645647,0.020332824181031967
2024.0,11.0,Asia,Model X,0.5844169810719257,0.6970179206153152,1.187809004986525,82.0,484.0,887.32,Estimated (Region),3198.0,2024-11-01,0.8384533077083767,4,0.11260093954338946,-0.0158059435018285,0.694175752784273
2021.0,8.0,North America,Cybertruck,-0.0902620471851943,-0.0048939806054893,0.4201815239214835,120.0,708.0,1016.02,Interpolated (Month),8181.0,2021-08-01,18.44348281314243,3,0.085368066579705,0.5844169810719257,-0.03792644453854779
2017.0,9.0,Asia,Model 3,-1.541266661628944,-1.4946374338319863,1.0715607769035007,120.0,711.0,411.35,Official (Quarter),14971.0,2017-09-01,1.0311976849645794,3,0.04662922779695777,-0.0902620471851943,-1.6515609013505763
2021.0,7.0,North America,Cybertruck,0.7241809982250015,0.6582836518188494,-1.2973110563675123,82.0,475.0,910.0,Official (Quarter),9301.0,2021-07-01,1.1001047895144844,3,-0.06589734640615208,-1.541266661628944,-0.9394880158085562
2019.0,12.0,Europe,Cybertruck,1.366841360734326,1.2944646726577729,1.1984822608595178,82.0,477.0,1094.79,Interpolated (Month),10808.0,2019-12-01,1.0559124475200627,4,-0.07237668807655306,0.7241809982250015,1.6381351242491746
2015.0,7.0,North America,Model Y,0.5673911826187329,0.6282352493585608,0.2508587740034129,75.0,425.0,774.88,Interpolated (Month),14838.0,2015-07-01,0.9031508231956886,3,0.060844066739827896,1.366841360734326,0.1423350564520819
2020.0,7.0,Middle East,Model X,-0.6020524663602753,-0.6337976539735614,0.8662410127661135,82.0,473.0,535.89,Official (Quarter),12801.0,2020-07-01,0.9499127404239173,3,-0.03174518761328604,0.5673911826187329,-0.5215225381982614
2018.0,7.0,Middle East,Model 3,0.7096963637200463,0.494660710296809,-0.5004665686906555,60.0,353.0,673.26,Estimated (Region),9766.0,2018-07-01,1.4347134287140177,3,-0.21503565342323727,-0.6020524663602753,-0.355179303963207
2016.0,9.0,Europe,Model 3,-1.0035563701818384,-1.00024731210255,1.123651176235588,60.0,343.0,307.31,Official (Quarter),7293.0,2016-09-01,1.0033082399115203,3,0.003309058079288496,0.7096963637200463,-1.12764729577354
2018.0,11.0,Europe,Model 3,-0.6615157027490385,-0.6215904904740691,-1.066938416087898,82.0,456.0,500.62,Interpolated (Month),14256.0,2018-11-01,1.0642307321087225,4,0.03992521227496937,-1.0035563701818384,0.7057965161083319
2017.0,10.0,Middle East,Model Y,0.6022051287095899,0.731996139104245,-1.2578353182097084,120.0,694.0,1279.6,Official (Quarter),9066.0,2017-10-01,0.8226889412921189,4,0.12979101039465513,-0.6615157027490385,-0.7574748796979454
2023.0,11.0,North America,Model Y,-1.8258770238315711,-1.7951214584348725,0.6033968031729812,60.0,337.0,138.36,Official (Quarter),6897.0,2023-11-01,1.0171328604269005,4,0.03075556539669866,0.6022051287095899,-1.101728359166967
2017.0,1.0,Middle East,Model X,0.1773225165642397,0.109665553774361,-1.380498732729946,75.0,426.0,678.62,Official (Quarter),6244.0,2017-01-01,1.616939052066287,1,-0.06765696278987869,-1.8258770238315711,-0.24479350940141778
2022.0,4.0,North America,Model Y,-1.119687562616303,-1.0786548622723655,-0.337075890526528,75.0,446.0,369.02,Official (Quarter),10655.0,2022-04-01,1.038040620572085,2,0.04103270034393747,0.1773225165642397,0.3774196822803679
2016.0,6.0,North America,Model X,-1.044469109748466,-1.101660670406024,-1.3926645743990922,100.0,583.0,508.26,Official (Quarter),12172.0,2016-06-01,0.9480860466440364,2,-0.05719156065755793,-1.119687562616303,1.454595128200846
2023.0,1.0,Asia,Cybertruck,-0.7252989178498057,-0.618069193310754,1.166375015684722,82.0,473.0,501.47,Interpolated (Month),10393.0,2023-01-01,1.173491456457592,1,0.10722972453905166,-1.044469109748466,-0.845970536683179
2016.0,3.0,Middle East,Cybertruck,0.3346205649601558,0.1460522911286167,0.49855594658763,82.0,475.0,800.78,Official (Quarter),9560.0,2016-03-01,2.2911011006700464,1,-0.1885682738315391,-0.7252989178498057,0.166827072511398
2018.0,1.0,Europe,Cybertruck,-0.8548982792099304,-0.9098673515774632,0.4011332861420026,120.0,675.0,664.0,Estimated (Region),9931.0,2018-01-01,0.9395856195167006,1,-0.05496907236753279,0.3346205649601558,-0.3429281560566227
2021.0,11.0,Middle East,Model X,-1.7346492380898362,-1.6869002589489892,-0.7277779915481891,120.0,699.0,324.62,Official (Quarter),8119.0,2021-11-01,1.028305751266288,4,0.04774897914084697,-0.8548982792099304,1.2624395385376175
2023.0,11.0,Europe,Model Y,0.4067896210901076,0.4758804587591286,1.7100912668431063,60.0,332.0,573.85,Interpolated (Month),11006.0,2023-11-01,0.8548147199631242,4,0.06909083766902102,-1.7346492380898362,0.6956473784686092
2024.0,1.0,Middle East,Model S,1.1089132199881953,0.9491427975086744,0.4477732373087159,100.0,598.0,1281.45,Estimated (Region),8572.0,2024-01-01,1.1683312804974013,1,-0.1597704224795209,0.4067896210901076,0.4965416624085464
2022.0,4.0,Europe,Cybertruck,1.002438450557034,1.1951640926522875,-1.6805785592077351,82.0,489.0,1017.14,Estimated (Region),12717.0,2022-04-01,0.8387454548876547,2,0.19272564209525345,1.1089132199881953,-1.6846765669315746
2015.0,12.0,North America,Model S,-0.150233516363605,-0.2009128560300284,0.8518246121609094,82.0,457.0,639.64,Estimated (Region),12815.0,2015-12-01,0.7477546202476516,4,-0.050679339666423406,1.002438450557034,-0.12797260680999747
2025.0,11.0,North America,Model Y,0.3978955472712756,0.5129714555460474,-1.310353164689545,60.0,335.0,577.27,Estimated (Region),5538.0,2025-11-01,0.775668008364567,4,0.11507590827477182,-0.150233516363605,-0.5213836895827944
2016.0,11.0,Europe,Cybertruck,0.1300568671270177,0.1599027266376561,-1.582826863864654,120.0,667.0,1043.92,Estimated (Region),9703.0,2016-11-01,0.8133499025425006,4,0.029845859510638395,0.3978955472712756,-0.20585750311871945
2019.0,9.0,Asia,Cybertruck,-0.0643421749131694,-0.1166364772546876,-1.7103308688173715,82.0,478.0,693.27,Official (Quarter),12905.0,2019-09-01,0.5516471041273968,3,-0.0522943023415182,0.1300568671270177,0.1100464079208403
2015.0,5.0,North America,Cybertruck,0.8913895860190447,0.7038257617977244,-0.0210532795008156,100.0,550.0,1107.97,Interpolated (Month),8623.0,2015-05-01,1.2664918427285774,2,-0.18756382422132034,-0.0643421749131694,-0.018766674098575256
2025.0,1.0,Europe,Model X,-0.7641787262578431,-0.7009370532207688,0.8666749213242358,120.0,683.0,708.44,Estimated (Region),5525.0,2025-01-01,1.0902244684404714,1,0.06324167303707429,0.8913895860190447,-0.6622945374571709
2017.0,8.0,North America,Model 3,0.9592386634369924,0.876369322800163,-1.23802612510092,82.0,479.0,984.13,Estimated (Region),5475.0,2017-08-01,1.0945598373663359,3,-0.08286934063682938,-0.7641787262578431,-1.1875625255418851
2016.0,2.0,Europe,Model 3,-0.3072774483646974,-0.1971568057224923,1.068099449069864,75.0,434.0,567.22,Official (Quarter),13419.0,2016-02-01,1.5585434509281166,1,0.11012064264220509,0.9592386634369924,-0.32820287330992687
2025.0,5.0,Europe,Model S,-0.5217516855959627,-0.5593809072555028,1.6358705369836375,82.0,479.0,565.39,Interpolated (Month),7815.0,2025-05-01,0.9327305934624033,2,-0.03762922165954008,-0.3072774483646974,-0.8535182100879856
2016.0,3.0,Asia,Model S,0.2024800396517933,0.1322018556195775,0.3884808505686163,120.0,702.0,1128.71,Estimated (Region),6271.0,2016-03-01,1.5315975611904227,1,-0.07027818403221578,-0.5217516855959627,0.07865961802709581
2024.0,6.0,Asia,Model Y,0.4100931342228167,0.5446631300158831,1.2096291878160053,75.0,437.0,756.18,Official (Quarter),14448.0,2024-06-01,0.7529298599867735,2,0.1345699957930664,0.2024800396517933,0.49606062487886576
2018.0,2.0,North America,Model 3,0.2273834463445231,0.0537943054497618,-0.2765752200466846,82.0,457.0,741.51,Estimated (Region),13551.0,2018-02-01,4.226905514318337,1,-0.1735891408947613,0.4100931342228167,-0.06288862670770998
2016.0,9.0,Middle East,Model 3,-0.1151654538779242,-0.1253223435908648,1.2730027007539786,60.0,346.0,491.44,Estimated (Region),7564.0,2016-09-01,0.9189538798755678,3,-0.010156889712940598,0.2273834463445231,-0.14660593382015527
2016.0,12.0,Asia,Model X,0.2931995926038807,0.206149096049194,1.31658690184585,60.0,358.0,594.78,Official (Quarter),4785.0,2016-12-01,1.4222696010945084,4,-0.08705049655468666,-0.1151654538779242,0.38602274324880864
2018.0,2.0,Middle East,Model 3,-0.471944872210503,-0.6016364732152837,1.1699606014101465,82.0,490.0,592.78,Official (Quarter),4625.0,2018-02-01,0.784435274823551,1,-0.12969160100478067,0.2931995926038807,-0.5521569065238349
2019.0,9.0,Asia,Model Y,-0.69124732094342,-0.706571128682073,-0.9197365530974336,100.0,550.0,594.16,Estimated (Region),13552.0,2019-09-01,0.9783124343514635,3,-0.01532380773865294,-0.471944872210503,0.6357654283023365
2024.0,1.0,Middle East,Model Y,1.3190674785074563,1.5231142351290314,-0.2924504083014761,120.0,661.0,1498.45,Official (Quarter),13341.0,2024-01-01,0.8660331891624077,1,0.20404675662157512,-0.69124732094342,-0.38576182266670417
2025.0,10.0,Europe,Cybertruck,1.646877627830125,1.7217153951400015,0.2045722122809438,100.0,582.0,1431.98,Estimated (Region),10354.0,2025-10-01,0.9565330207761829,4,0.07483776730987657,1.3190674785074563,0.3369053996812015
2021.0,12.0,Asia,Model X,0.4591375984238051,0.4324511270782427,-0.3309703547556498,120.0,668.0,1175.25,Interpolated (Month),9081.0,2021-12-01,1.0617097971876348,4,-0.0266864713455624,1.646877627830125,-0.15196093383198384
2022.0,11.0,Europe,Model S,0.173510770641883,0.2911297342571978,0.766231303013467,82.0,480.0,763.56,Estimated (Region),4202.0,2022-11-01,0.5959912376679305,4,0.11761896361531479,0.4591375984238051,0.13294938387580083
2019.0,9.0,Europe,Model Y,-0.8505783004979264,-0.7300464431041734,0.5835731961487449,82.0,462.0,455.65,Interpolated (Month),10029.0,2019-09-01,1.1651016295364016,3,0.12053185739375294,0.173510770641883,-0.4963746973963425
2025.0,12.0,Asia,Model 3,-0.385291181575596,-0.4366050128279173,-0.7012688129142107,82.0,463.0,583.8,Official (Quarter),13617.0,2025-12-01,0.8824708151655005,4,-0.05131383125232131,-0.8505783004979264,0.27019268952983183
2019.0,7.0,North America,Cybertruck,-0.0147894779225334,0.1317323493311355,-0.998403727356632,75.0,417.0,616.99,Interpolated (Month),12107.0,2019-07-01,-0.11226914267927539,3,0.1465218272536689,-0.385291181575596,0.014765869883515964
2016.0,2.0,Middle East,Model Y,0.3463099191220494,0.3728238284461075,0.8342227362418371,82.0,487.0,824.37,Estimated (Region),7849.0,2016-02-01,0.9288835441807316,1,0.026513909324058116,-0.0147894779225334,0.28889960831768535
2019.0,6.0,Europe,Model Y,-0.337009066559079,-0.376038701618898,0.639604061745203,60.0,349.0,450.0,Official (Quarter),11583.0,2019-06-01,0.8962084623423304,2,-0.039029635059819046,0.3463099191220494,-0.21555236781614637
2023.0,4.0,Middle East,Cybertruck,1.1739670170630816,1.2773276931296391,-0.7834281309642096,82.0,455.0,992.49,Interpolated (Month),9672.0,2023-04-01,0.9190805330358816,2,0.10336067606655752,-0.337009066559079,-0.9197187859913584
2020.0,8.0,Asia,Model X,0.4357588901000179,0.2338499670672726,-1.0342928857258773,75.0,448.0,782.01,Interpolated (Month),10360.0,2020-08-01,1.8634122363363914,3,-0.2019089230327453,1.1739670170630816,-0.4507023199222529
2023.0,9.0,Middle East,Model Y,1.637983554011293,1.801296711030922,1.553518867717152,82.0,475.0,1166.22,Interpolated (Month),6055.0,2023-09-01,0.9093357823730432,3,0.1633131570196289,0.4357588901000179,2.544638356166941
2015.0,1.0,Middle East,Model Y,0.1082028571721731,0.0420566482387116,0.0344248869929704,82.0,488.0,757.47,Estimated (Region),5991.0,2015-01-01,2.572788410479567,1,-0.06614620893346149,1.637983554011293,0.003724871130468576
2017.0,7.0,Asia,Model Y,-0.2991457237303366,-0.3133596121118897,0.3892219246352381,60.0,334.0,438.12,Official (Quarter),11083.0,2017-07-01,0.954640330686656,3,-0.014213888381553075,0.1082028571721731,-0.11643407433672283
2017.0,9.0,North America,Model Y,1.0672381312370964,1.2806142371487337,0.4790817527551013,100.0,566.0,1198.96,Estimated (Region),6234.0,2017-09-01,0.8333798737184778,3,0.21337610591163725,-0.2991457237303366,0.511294314520147
2020.0,9.0,Asia,Cybertruck,-1.269362119167506,-1.2986185584074472,0.0363131099165759,100.0,557.0,411.65,Estimated (Region),10339.0,2020-09-01,0.9774711064688466,3,-0.029256439239941257,1.0672381312370964,-0.04609448615726736
2018.0,12.0,Asia,Model X,0.995831424291616,1.0160474436116609,-1.202181202541151,82.0,480.0,996.55,Interpolated (Month),10203.0,2018-12-01,0.9801032722958442,4,0.02021601932004491,-1.269362119167506,-1.197169819183162
2018.0,4.0,North America,Model Y,1.2898440931027224,1.0263765819573851,-1.4511050490330957,120.0,675.0,1518.55,Interpolated (Month),3334.0,2018-04-01,1.2566967288389248,2,-0.2634675111453373,0.995831424291616,-1.871699275966875
2024.0,4.0,Asia,Model Y,0.7041058030339233,0.7566452192474504,0.5069915663453105,75.0,439.0,835.83,Interpolated (Month),6511.0,2024-04-01,0.9305626800024163,2,0.05253941621352709,1.2898440931027224,0.3569757039529915
2019.0,12.0,Middle East,Model 3,1.796552184381328,1.6402560540953128,-0.4665978436418775,82.0,485.0,1236.17,Interpolated (Month),5339.0,2019-12-01,1.0952876411556491,4,-0.15629613028601508,0.7041058030339233,-0.8382673752224323
2020.0,4.0,Asia,Model Y,0.7556914311831494,0.9183901356157228,-0.6586433857153726,82.0,479.0,926.58,Official (Quarter),3193.0,2020-04-01,0.82284358452577,2,0.1626987044325734,1.796552184381328,-0.49773116279056506
2018.0,6.0,Asia,Cybertruck,-0.4658460787347324,-0.5880207908504654,-0.35099376846988,75.0,431.0,522.95,Interpolated (Month),8799.0,2018-06-01,0.792227223906438,2,-0.12217471211573305,0.7556914311831494,0.16350907070202014
2021.0,2.0,North America,Model Y,0.6276167681919673,0.8165072710238067,0.1085491927284121,60.0,348.0,646.86,Interpolated (Month),8789.0,2021-02-01,0.7686603542489067,1,0.1888905028318394,-0.4658460787347324,0.068127293530053
2024.0,10.0,Middle East,Model X,0.3605404372321807,0.205444836616531,0.2590334521883394,100.0,589.0,1001.98,Official (Quarter),7400.0,2024-10-01,1.754925765815864,4,-0.1550956006156497,0.6276167681919673,0.09339203410974506
2021.0,12.0,Asia,Model S,1.106117939645134,1.1341282751548265,-0.0936606448933133,82.0,471.0,1008.53,Interpolated (Month),11786.0,2021-12-01,0.9753023215069135,4,0.028010335509692563,0.3605404372321807,-0.10359971955522625
2023.0,9.0,Europe,Cybertruck,0.1480991311595056,0.2894864622476508,-0.4933103081868202,82.0,463.0,729.57,Interpolated (Month),5566.0,2023-09-01,0.5115925974901351,3,0.1413873310881452,1.106117939645134,-0.07305882803449601
2019.0,12.0,Asia,Model S,1.7106608429308925,1.8517686370384383,0.3758945201936612,75.0,418.0,1044.21,Estimated (Region),12569.0,2019-12-01,0.9237983669854017,4,0.14110779410754581,0.1480991311595056,0.6430280367675919
2025.0,11.0,Europe,Model 3,-0.5385233676543318,-0.5762831336394152,-0.628151493133816,60.0,358.0,419.02,Interpolated (Month),12468.0,2025-11-01,0.9344770586176656,4,-0.03775976598508335,1.7106608429308925,0.3382742574795195
2015.0,11.0,Middle East,Cybertruck,0.5353725168709373,0.3894913016857989,1.3297388541442228,100.0,593.0,1069.98,Interpolated (Month),3350.0,2015-11-01,1.3745429347298244,4,-0.14588121518513847,-0.5385233676543318,0.7119056371242688
2017.0,7.0,North America,Model 3,2.4224408648322835,2.604856723699422,-0.1542368641713637,100.0,581.0,1695.5,Estimated (Region),5980.0,2017-07-01,0.9299708666478703,3,0.18241585886713851,0.5353725168709373,-0.37362968263229773
2018.0,2.0,Middle East,Model S,-1.2096447663839192,-1.2716219468220316,-1.6772762814755862,100.0,583.0,451.42,Estimated (Region),10229.0,2018-02-01,0.9512613158391907,1,-0.0619771804381124,2.4224408648322835,2.028908475666824
2020.0,6.0,Middle East,Model X,1.22301148126407,1.1090096887231788,-1.1339442357186085,120.0,682.0,1507.39,Interpolated (Month),13930.0,2020-06-01,1.1027960293765722,2,-0.11400179254089116,-1.2096447663839192,-1.3868268193970692
2016.0,4.0,North America,Model Y,1.6748304312607405,1.4864927446305547,-0.6099238544717013,75.0,420.0,1040.32,Interpolated (Month),7259.0,2016-04-01,1.1266993648710975,2,-0.1883376866301858,1.22301148126407,-1.0215190322210526
2023.0,1.0,Middle East,Cybertruck,1.5462475354799106,1.4747550874195043,-0.4269575880353459,82.0,477.0,1145.3,Official (Quarter),8937.0,2023-01-01,1.0484775056348523,1,-0.07149244806040622,1.6748304312607405,-0.6601821182541006
2022.0,3.0,Asia,Model 3,-0.0961067242661411,0.0535595523055408,-0.4191765588516026,60.0,347.0,496.77,Interpolated (Month),12504.0,2022-03-01,-1.7943899851492737,1,0.1496662765716819,1.5462475354799106,0.04028568596038084
2023.0,3.0,Middle East,Model 3,0.0744053766606112,0.1892468696652817,0.9678635899541636,82.0,483.0,740.08,Estimated (Region),11496.0,2023-03-01,0.393165693003065,1,0.1148414930046705,-0.0961067242661411,0.07201425496663089
2018.0,11.0,Europe,Cybertruck,-0.5174317068839586,-0.4847294073932233,1.0984163865397831,100.0,569.0,673.07,Estimated (Region),4587.0,2018-11-01,1.0674650619334232,4,0.032702299490735276,0.0744053766606112,-0.56835546575659
2019.0,12.0,Europe,Model 3,-0.3786841553101779,-0.4112516732520487,-1.2082146687347923,75.0,442.0,559.04,Interpolated (Month),11486.0,2019-12-01,0.9208087892157687,4,-0.032567517941870794,-0.5174317068839586,0.4575317512632012
2016.0,6.0,North America,Cybertruck,1.0321700687514157,1.0888209183201725,-0.4061528406975548,100.0,560.0,1174.66,Official (Quarter),4456.0,2016-06-01,0.9479704617944359,2,0.05665084956875677,-0.3786841553101779,-0.4192188055063779
2019.0,1.0,Middle East,Cybertruck,-0.6805744323608215,-0.713378969864482,1.2294597532821807,82.0,473.0,513.96,Estimated (Region),9176.0,2019-01-01,0.9540152725417568,1,-0.032804537503660525,1.0321700687514157,-0.8367388737004958
2018.0,3.0,North America,Cybertruck,-2.1079462220859604,-2.1005352990664,-0.3622008362459922,82.0,472.0,115.19,Estimated (Region),4936.0,2018-03-01,1.0035281116308088,1,0.007410923019560478,-0.6805744323608215,0.7634998844011148
2017.0,9.0,Europe,Model X,-0.5281045954665571,-0.6509346335016948,1.3238763668096811,75.0,421.0,495.35,Official (Quarter),9688.0,2017-09-01,0.8113020390782174,3,-0.1228300380351377,-2.1079462220859604,-0.6991451931417619
2024.0,9.0,North America,Model S,0.2075623675482688,0.3944211177144399,1.6858207183875744,75.0,436.0,702.33,Estimated (Region),8314.0,2024-09-01,0.5262455741493627,3,0.1868587501661711,-0.5281045954665571,0.3499129395704483
2024.0,3.0,Asia,Model S,-0.2000403297490647,-0.2908233102666733,1.6392155594305615,100.0,551.0,755.01,Estimated (Region),12429.0,2024-03-01,0.6878414579822908,1,-0.09078298051760861,0.2075623675482688,-0.32790922103828707
2021.0,2.0,Europe,Model Y,1.5937673013119562,1.606451601327488,1.190272293433324,60.0,331.0,804.03,Official (Quarter),7401.0,2021-02-01,0.9921041505358454,1,0.01268430001553189,-0.2000403297490647,1.8970170609316217
2019.0,7.0,North America,Model S,0.1287862851528988,0.014121024076412,-1.367424317356049,82.0,484.0,757.15,Official (Quarter),9945.0,2019-07-01,9.120180268513643,3,-0.11466526107648681,1.5937673013119562,-0.17610549806002412
2025.0,10.0,North America,Model S,-2.309460523181213,-2.2895115801643087,-0.8879747448618069,75.0,414.0,51.79,Estimated (Region),14270.0,2025-10-01,1.0087131872097685,4,0.01994894301690442,0.1287862851528988,2.050742618840253
2019.0,11.0,Asia,Model S,0.7165575063802883,0.7756602239293519,1.05472432959784,120.0,687.0,1313.06,Interpolated (Month),7339.0,2019-11-01,0.9238033410432469,4,0.0591027175490636,-2.309460523181213,0.7557706355352494
2019.0,1.0,Middle East,Model 3,1.6445905802767111,1.511611331062202,0.4595846954704834,120.0,687.0,1689.4,Estimated (Region),8784.0,2019-01-01,1.0879718526064934,1,-0.1329792492145092,0.7165575063802883,0.7558286610100979
2020.0,9.0,Middle East,Model X,-0.7377506211961706,-0.6197124653203011,-0.2620489754651406,75.0,412.0,433.77,Estimated (Region),8308.0,2020-09-01,1.1904724569560836,3,0.11803815587586952,1.6445905802767111,0.19332679443322756
2015.0,10.0,Asia,Model X,-0.0516363551719807,-0.1443373482727662,1.7013102101462565,82.0,489.0,712.89,Interpolated (Month),3473.0,2015-10-01,0.35774770556543145,4,-0.0927009931007855,-0.7377506211961706,-0.08784945826882923
2015.0,9.0,Asia,Cybertruck,0.234244589004765,0.3357328316591887,-1.2475204220966314,60.0,356.0,579.07,Interpolated (Month),8849.0,2015-09-01,0.6977112957560042,3,0.10148824265442372,-0.0516363551719807,-0.29222490854907635
2020.0,9.0,North America,Cybertruck,0.7927924248274204,0.8951495743378434,-0.3052787930496334,75.0,436.0,852.95,Estimated (Region),11391.0,2020-09-01,0.8856535796421082,3,0.10235714951042296,0.234244589004765,-0.24202271459020713
2019.0,5.0,Middle East,Model Y,0.1793554477228298,0.2277463853175265,-1.4730937255638394,120.0,666.0,1061.74,Estimated (Region),3591.0,2019-05-01,0.7875226975513595,2,0.048390937594696704,0.7927924248274204,-0.2642073846861938
2021.0,10.0,North America,Model X,1.1099296855674905,1.310662639609022,-1.6722676943734096,120.0,693.0,1485.45,Official (Quarter),12448.0,2021-10-01,0.8468462074257254,4,0.20073295404153146,0.1793554477228298,-1.856099556200551
2025.0,8.0,North America,Model X,-1.111809954376766,-1.1868760617582488,-0.5856175197433341,120.0,673.0,559.97,Estimated (Region),13667.0,2025-08-01,0.9367532046519844,3,-0.07506610738148267,1.1099296855674905,0.6510953879080712
2019.0,4.0,Asia,Model Y,-2.008840828104689,-2.0247100334830157,-0.3910246908881913,100.0,567.0,171.55,Estimated (Region),6787.0,2019-04-01,0.9921622330526867,2,-0.0158692053783267,-1.111809954376766,0.7855063638532143
2017.0,10.0,Europe,Model Y,-1.1295981020144303,-1.049545472388961,1.3479098312076825,120.0,671.0,551.26,Estimated (Region),11849.0,2017-10-01,1.0762736172290417,4,0.08005262962546933,-2.008840828104689,-1.5225963870187893
2015.0,7.0,Europe,Model Y,0.5287654906055193,0.7089903309705865,0.202096001013399,120.0,694.0,1249.51,Estimated (Region),6359.0,2015-07-01,0.745800707721437,3,0.18022484036506725,-1.1295981020144303,0.10686139112526344
2016.0,6.0,North America,Model S,-0.3517478174588578,-0.4758087879128251,-1.6928771083053105,60.0,358.0,458.49,Estimated (Region),11850.0,2016-06-01,0.7392629694836637,2,-0.1240609704539673,0.5287654906055193,0.5954658280724554
2022.0,10.0,Asia,Model X,1.5116877057838771,1.4900140417938696,0.1320259817712054,120.0,706.0,1680.74,Interpolated (Month),10935.0,2022-10-01,1.0145459461334432,4,-0.021673663990007475,-0.3517478174588578,0.19958205348757746
2019.0,1.0,Europe,Model S,1.6872821346071052,1.501516945860699,1.0663747495318512,60.0,335.0,832.24,Official (Quarter),4019.0,2019-01-01,1.123718343145253,1,-0.18576518874640624,1.5116877057838771,1.799275063681219
2019.0,8.0,Middle East,Model X,-0.501168257615237,-0.5077352155268818,0.0672846379604333,75.0,412.0,491.31,Interpolated (Month),8072.0,2019-08-01,0.9870661760090242,3,-0.006566957911644855,1.6872821346071052,-0.03372092477090239
2016.0,4.0,Europe,Model X,-1.209898882778743,-1.2054215601517082,-1.5257567052612844,100.0,578.0,447.46,Official (Quarter),14491.0,2016-04-01,1.0037143210102126,2,0.004477322627034708,-0.501168257615237,1.8460113330878036
2017.0,8.0,Middle East,Model X,-0.8556606283944018,-0.7572778078338099,0.8743336807424597,75.0,446.0,438.53,Estimated (Region),12104.0,2017-08-01,1.1299164184436032,3,0.09838282056059189,-1.209898882778743,-0.7481329066904834
2016.0,8.0,North America,Model Y,0.9183259238703648,1.1353020408759311,0.213943742479569,100.0,596.0,1210.12,Interpolated (Month),3627.0,2016-08-01,0.80888247427252,3,0.2169761170055663,-0.8556606283944018,0.1964700849688336
2020.0,12.0,North America,Model S,-2.423558784457088,-2.407592411707474,0.3664618551122766,100.0,593.0,34.25,Interpolated (Month),14986.0,2020-12-01,1.0066316759730483,4,0.01596637274961399,0.9183259238703648,-0.8881418481257985
2025.0,9.0,Middle East,Cybertruck,-0.7003955111570759,-0.8169051064659452,-0.909971870929192,75.0,421.0,452.53,Official (Quarter),8064.0,2025-09-01,0.8573768306910121,3,-0.11650959530886928,-2.423558784457088,0.6373402136780121
2022.0,2.0,Europe,Model 3,0.2596562284871425,0.1735184090024743,-1.4579019557138806,60.0,342.0,561.43,Estimated (Region),9651.0,2022-02-01,1.49641891013097,1,-0.08613781948466817,-0.7003955111570759,-0.37855332332469527
2015.0,9.0,Middle East,Model X,-1.7186399052159385,-1.6505135215947335,0.0939871618740331,82.0,458.0,217.02,Interpolated (Month),6267.0,2015-09-01,1.0412758712545298,3,0.06812638362120493,0.2596562284871425,-0.1615300869747033
2016.0,10.0,Europe,Model 3,0.0909229423241565,-0.0652255386702875,1.157527356757873,100.0,579.0,892.82,Estimated (Region),4379.0,2016-10-01,-1.3939776378661792,4,-0.156148480994444,-1.7186399052159385,0.1052457930971294
2025.0,7.0,Asia,Model S,-0.3985052341064323,-0.3952884594450204,-0.7051814454108206,100.0,566.0,709.25,Interpolated (Month),14531.0,2025-07-01,1.0081377904781945,3,0.003216774661411903,0.0909229423241565,0.2810184969909514
2023.0,2.0,Europe,Cybertruck,-0.7883197837661017,-0.708683906980062,0.2850992786644201,100.0,588.0,601.52,Estimated (Region),6992.0,2023-02-01,1.1123715044206304,1,0.07963587678603967,-0.3985052341064323,-0.22474940170860722
2018.0,10.0,North America,Model S,-1.1997342269857918,-1.233591937458229,0.8817667878291975,120.0,690.0,538.3,Interpolated (Month),6850.0,2018-10-01,0.9725535572628663,4,-0.03385771047243713,-0.7883197837661017,-1.057885795578007
2020.0,4.0,Asia,Model S,0.2965031057365897,0.2312676824808415,0.8550737075153728,75.0,418.0,695.28,Interpolated (Month),4563.0,2020-04-01,1.2820775585933948,2,-0.06523542325574821,-1.1997342269857918,0.25353200991200836
2015.0,10.0,North America,Cybertruck,-0.945363715767194,-0.9007119789528439,1.5244325804074972,60.0,351.0,326.54,Estimated (Region),5579.0,2015-10-01,1.0495738236614347,4,0.044651736814350085,0.2965031057365897,-1.4411432486506033
2025.0,6.0,Asia,Model S,0.3404652420411026,0.4531094037696911,1.3865664613428226,100.0,571.0,964.59,Estimated (Region),5808.0,2025-06-01,0.751397431191157,2,0.11264416172858849,-0.945363715767194,0.47207768586715926
2023.0,12.0,North America,Model S,-0.2607741481119467,-0.3546761654947866,0.9554904861215158,75.0,430.0,573.79,Estimated (Region),7213.0,2023-12-01,0.7352457635492844,4,-0.09390201738283988,0.3404652420411026,-0.24916721754740812
2022.0,8.0,Europe,Model Y,-2.168680040448842,-2.1639186480060717,-0.3485284918968127,60.0,330.0,68.71,Interpolated (Month),12269.0,2022-08-01,1.002200356490831,3,0.004761392442770518,-0.2607741481119467,0.7558467839043537
2025.0,12.0,Middle East,Model S,-0.1342241834897073,-0.135651481936589,-0.1130259888126358,120.0,699.0,984.96,Interpolated (Month),4241.0,2025-12-01,0.9894781949558878,4,-0.0014272984468816918,-2.168680040448842,0.015170821061492833
2022.0,2.0,North America,Model X,0.8306557676561628,0.5974825874656092,0.2301255992112916,82.0,464.0,918.09,Interpolated (Month),6872.0,2022-02-01,1.3902593733812785,1,-0.23317318019055355,-0.1342241834897073,0.1911551562701899
2018.0,11.0,Asia,Model S,-0.6048477467033369,-0.6514041397901368,0.5014208365406861,60.0,348.0,393.69,Interpolated (Month),11352.0,2018-11-01,0.9285291722250967,4,-0.04655639308679993,0.8306557676561628,-0.3032832631317362
2019.0,2.0,Middle East,Model Y,-0.87573582358548,-0.8213654162061443,-0.3059791105277484,75.0,431.0,418.67,Estimated (Region),3088.0,2019-02-01,1.0661951505463554,1,0.05437040737933563,-0.6048477467033369,0.26795686835797033
2023.0,6.0,Europe,Model Y,-0.1291418555932318,-0.0964477068516812,-1.2507396955570658,60.0,330.0,465.99,Estimated (Region),5943.0,2023-06-01,1.3389831630919766,2,0.03269414874155059,-0.87573582358548,0.1615228451483533
2017.0,1.0,Europe,Cybertruck,-0.9357072927638906,-0.9662081061905043,-0.0773754055956232,120.0,673.0,629.93,Interpolated (Month),10685.0,2017-01-01,0.9684324596003752,1,-0.030500813426613704,-0.1291418555932318,0.07240073129638858
2018.0,10.0,Europe,Model Y,0.3015854336330652,0.2953552908531759,1.6986242515573748,82.0,481.0,801.51,Interpolated (Month),5983.0,2018-10-01,1.0210937232981088,4,-0.006230142779889314,-0.9357072927638906,0.5122803314855717
2021.0,1.0,Asia,Model X,0.2225552348428714,0.0929980805346697,0.6678240230333137,120.0,690.0,1117.59,Official (Quarter),10807.0,2021-01-01,2.393116433837608,1,-0.1295571543082017,0.3015854336330652,0.1486277322798903
2019.0,5.0,Asia,Model Y,0.7473055901539649,0.5695469633033096,0.5052932094803568,82.0,485.0,935.78,Interpolated (Month),9928.0,2019-05-01,1.3121053017641862,2,-0.17775862685065535,0.2225552348428714,0.37760844011150907
2024.0,12.0,Europe,Model 3,-1.0269350785056257,-0.9206659962116294,1.088061230869767,120.0,666.0,587.51,Estimated (Region),4461.0,2024-12-01,1.1154263139197864,4,0.10626908229399634,0.7473055901539649,-1.1173682455421718
2025.0,7.0,Middle East,Model S,1.919036286686387,2.1550696993719765,-0.827501908149724,120.0,712.0,1866.22,Interpolated (Month),10730.0,2025-07-01,0.8904752766212742,3,0.23603341268558942,-1.0269350785056257,-1.588006189041546
2024.0,8.0,Middle East,Cybertruck,-0.6388993436097226,-0.5281587390741092,0.2876028266681577,100.0,567.0,630.05,Estimated (Region),5791.0,2024-08-01,1.2096729569025928,3,0.11074060453561341,1.919036286686387,-0.18374925717858676
2025.0,1.0,North America,Model S,-1.009655163657609,-1.0704385022246306,-1.0249899458835192,120.0,701.0,625.54,Estimated (Region),14004.0,2025-01-01,0.9432164123014082,1,-0.06078333856702156,-0.6388993436097226,1.0348863915584283
2024.0,4.0,Asia,Model S,-0.8299948725172006,-0.9108063641543472,1.2733352148724024,75.0,431.0,430.31,Estimated (Region),9865.0,2024-04-01,0.9112747837327889,2,-0.08081149163714663,-1.009655163657609,-1.056861699339682
2015.0,6.0,Middle East,Model Y,3.149213754028277,2.8210643695269675,-0.1783583031567508,82.0,472.0,1579.9,Interpolated (Month),5909.0,2015-06-01,1.1163211261841337,2,-0.3281493845013097,-0.8299948725172006,-0.5616884214463848
2022.0,6.0,Europe,Model Y,0.8146464347822651,0.7550019472379035,-1.7067949862486622,120.0,660.0,1299.67,Estimated (Region),8526.0,2022-06-01,1.078999117502365,2,-0.05964448754436158,3.149213754028277,-1.3904344504517179
2016.0,3.0,North America,Model 3,1.4179187560939046,1.314653443060779,-0.4600042228720571,100.0,569.0,1323.1,Estimated (Region),11345.0,2016-03-01,1.078549456191818,1,-0.10326531303312558,0.8146464347822651,-0.6522486154926905
2024.0,8.0,Asia,Model X,0.9107024320256516,0.6876277948464751,1.7024051706886894,82.0,478.0,968.38,Estimated (Region),11173.0,2024-08-01,1.3244118967427456,3,-0.22307463717917653,1.4179187560939046,1.550384529239234
2018.0,4.0,Europe,Model X,2.93524774958666,3.23282138449061,-0.3203865645647442,60.0,334.0,1075.8,Interpolated (Month),11576.0,2018-04-01,0.9079523427023982,2,0.29757363490395017,0.9107024320256516,-0.9404139426364664
2025.0,1.0,Middle East,Model S,-0.2005485625387123,-0.0668688106798346,1.4210569728821063,60.0,350.0,479.48,Official (Quarter),14114.0,2025-01-01,2.9991345815754284,1,0.1336797518588777,2.93524774958666,-0.2849909331971203
2025.0,4.0,Europe,Model Y,0.6205015091369016,0.7026519960766193,1.2836327148806297,82.0,466.0,864.24,Official (Quarter),3518.0,2025-04-01,0.8830851013041743,2,0.08215048693971772,-0.2005485625387123,0.7964960367609288
2018.0,4.0,Asia,Model S,-0.8759899399803037,-0.8307555419749845,0.4698175813749807,120.0,695.0,675.02,Official (Quarter),3194.0,2018-04-01,1.0544497095954146,2,0.045234398005319254,0.6205015091369016,-0.4115554749103608
2024.0,7.0,Middle East,Cybertruck,0.4687940214271085,0.4293993362033697,-0.8235341051491611,82.0,491.0,866.64,Estimated (Region),12566.0,2024-07-01,1.0917437031273867,3,-0.039394685223738846,-0.8759899399803037,-0.38606786493525047
2021.0,2.0,Europe,Model X,0.4799751427993546,0.685515016548486,0.8771602992648458,82.0,477.0,845.08,Interpolated (Month),7263.0,2021-02-01,0.7001672191164995,1,0.2055398737491314,0.4687940214271085,0.421015139897569
2022.0,10.0,Europe,Model Y,1.4621350087932412,1.5862628309244815,0.4402442031295184,75.0,449.0,1055.78,Estimated (Region),9403.0,2022-10-01,0.9217482628279842,4,0.1241278221312403,0.4799751427993546,0.6436964618139519
2016.0,7.0,Europe,Model 3,2.1152141434903404,2.2163402700136587,1.0657296025576892,75.0,422.0,1154.97,Estimated (Region),12900.0,2016-07-01,0.954372472543354,3,0.10112612652331832,1.4621350087932412,2.2542463284663636
2021.0,4.0,Europe,Cybertruck,0.3859520767145581,0.2561515157682681,-1.4581002713091735,60.0,358.0,614.38,Interpolated (Month),6127.0,2021-04-01,1.5067335266667574,2,-0.12980056094629,2.1152141434903404,-0.5627568277698362
2017.0,4.0,Middle East,Model S,-1.0841112673409747,-1.1291267882798817,0.5718825166577954,120.0,704.0,597.27,Estimated (Region),13181.0,2017-04-01,0.960132448006584,2,-0.04501552093890693,0.3859520767145581,-0.6199842799040287
2020.0,10.0,Europe,Cybertruck,0.3923049865851525,0.2329109544903886,-0.0205100239979196,60.0,334.0,574.45,Official (Quarter),14739.0,2020-10-01,1.6843560984219037,4,-0.1593940320947639,-1.0841112673409747,-0.008046184689365004
2022.0,9.0,North America,Cybertruck,-2.0827886989984066,-2.06555708057747,-1.6515891930536748,82.0,463.0,119.87,Interpolated (Month),12838.0,2022-09-01,1.0083423588643308,3,0.017231618420936456,0.3923049865851525,3.4399113066800915
2020.0,12.0,Europe,Model X,-2.11531559753585,-2.092788445307107,1.0743893835521552,60.0,333.0,79.82,Official (Quarter),7767.0,2020-12-01,1.0107641803352165,4,0.02252715222874313,-2.0827886989984066,-2.2726726208548005
2021.0,6.0,Middle East,Model Y,-1.5117891598293864,-1.474213910284759,-0.7274827547973022,100.0,578.0,344.46,Estimated (Region),3790.0,2021-06-01,1.0254883292597405,2,0.03757524954462754,-2.11531559753585,1.099800542665381
2015.0,11.0,North America,Model Y,1.4969489548840984,1.408085194460739,-0.7356370546879754,100.0,564.0,1337.78,Interpolated (Month),5803.0,2015-11-01,1.0631096476072188,4,-0.0888637604233593,-1.5117891598293864,-1.101211120189181
2019.0,5.0,Middle East,Model X,0.676407115998132,0.6866887822695911,-0.109300737216842,60.0,333.0,628.57,Interpolated (Month),10794.0,2019-05-01,0.9850271818370515,2,0.0102816662714591,1.4969489548840984,-0.07393179643731379
2022.0,11.0,North America,Model S,-1.3428017572715767,-1.2641098462069595,-1.1275886930694534,60.0,338.0,235.15,Interpolated (Month),9202.0,2022-11-01,1.0622508489279925,4,0.07869191106461715,0.676407115998132,1.5141280785332225
2015.0,7.0,North America,Model S,-0.6376287616356037,-0.7300464431041734,1.363336199957337,82.0,475.0,528.18,Official (Quarter),11149.0,2015-07-01,0.8734084901837097,3,-0.09241768146856977,-1.3428017572715767,-0.8693023728717866
2016.0,3.0,North America,Model Y,-2.1691882732384897,-2.1467816684779377,0.5898551781259617,100.0,580.0,120.58,Estimated (Region),8561.0,2016-03-01,1.0104373002106164,1,0.022406604760552007,-0.6376287616356037,-1.2795069352998365
2017.0,5.0,Middle East,Model S,0.4349965409155465,0.5296389287857388,-0.3275646944575335,60.0,332.0,579.37,Official (Quarter),12405.0,2017-05-01,0.821307719794745,2,0.0946423878701923,-2.1691882732384897,-0.14248950901508498
2021.0,1.0,Asia,Model S,-0.9379943403173046,-0.8410846803207087,-0.3531041645040012,60.0,337.0,314.98,Interpolated (Month),8380.0,2021-01-01,1.1152198610485258,1,0.09690965999659584,0.4349965409155465,0.3312097078472236
2022.0,1.0,Asia,Model X,0.746035008179846,0.8702657410504169,0.8933282391126882,120.0,696.0,1342.38,Official (Quarter),10521.0,2022-01-01,0.857249657190201,1,0.12423073287057085,-0.9379943403173046,0.6664541401737218
2021.0,7.0,Middle East,Model Y,1.5853814602827716,1.3083151081668118,1.1476349374768742,75.0,442.0,1071.47,Official (Quarter),6108.0,2021-07-01,1.21177341023309,3,-0.27706635211595976,0.746035008179846,1.819439153048614
2016.0,2.0,Middle East,Model S,0.3905261718213861,0.2007497737321109,1.5039712818826072,120.0,701.0,1204.91,Official (Quarter),11118.0,2016-02-01,1.94533804228602,1,-0.1897763980892752,1.5853814602827716,0.5873401472429174
2023.0,3.0,Asia,Model 3,0.9119730139997704,0.9453867472011384,0.6629774682220282,60.0,333.0,674.87,Interpolated (Month),12853.0,2023-03-01,0.9646560169155206,1,0.03341373320136798,0.3905261718213861,0.6046175599083801
2016.0,1.0,Middle East,Model 3,1.116028479043261,1.31254066476279,-0.2677449572246864,100.0,563.0,1208.82,Interpolated (Month),10108.0,2016-01-01,0.8502810686211816,1,0.1965121857195289,0.9119730139997704,-0.29881099738296973
2016.0,7.0,North America,Model S,-0.1166901522468668,-0.0264912698738217,-1.612149241168705,75.0,440.0,624.56,Official (Quarter),5429.0,2016-07-01,4.404853100763522,3,0.0901988823730451,1.116028479043261,0.18812194039664698
2019.0,3.0,Asia,Model S,-0.8406677610997991,-0.9396810008935308,-1.6589954604357864,120.0,706.0,700.42,Interpolated (Month),4613.0,2019-03-01,0.8946310080765907,1,-0.09901323979373167,-0.1166901522468668,1.3946639993992829
2025.0,1.0,Asia,Model 3,1.5215982451820045,1.506916268177782,-0.8342739632521513,82.0,481.0,1147.91,Official (Quarter),11659.0,2025-01-01,1.0097430609213454,1,-0.01468197700422258,-0.8406677610997991,-1.2694297984855096
2022.0,1.0,North America,Cybertruck,1.963252539385724,1.9555295267841224,1.1078739031995253,75.0,444.0,1175.36,Interpolated (Month),10387.0,2022-01-01,1.0039493203737517,1,-0.0077230126016016865,1.5215982451820045,2.175036253775642
2017.0,8.0,Europe,Cybertruck,0.0787253553726153,0.2491089214416379,-1.5034116570968936,60.0,349.0,535.65,Interpolated (Month),3889.0,2017-08-01,0.3160278440331144,3,0.1703835660690226,1.963252539385724,-0.1183566169762854
2020.0,11.0,Europe,Model X,-0.2498471431345244,-0.3732216638882459,1.6602653433309582,100.0,564.0,756.24,Estimated (Region),8085.0,2020-11-01,0.6694336564807137,4,-0.12337452075372149,0.0787253553726153,-0.4148125528765002
2022.0,3.0,North America,Model 3,-0.8355854332033237,-0.851413818666433,0.252743517706048,60.0,358.0,356.25,Estimated (Region),9200.0,2022-03-01,0.9814092922664783,1,-0.015828385463109274,-0.2498471431345244,-0.21118880173174004
2019.0,1.0,Asia,Model S,-1.3697380951228968,-1.3605933884817925,-0.2418993157328537,120.0,664.0,451.39,Estimated (Region),4273.0,2019-01-01,1.0067211164764724,1,0.009144706641104339,-0.8355854332033237,0.3313387079434512
2016.0,3.0,Europe,Model 3,1.4268128299127367,1.5904883875204598,0.7635040908045111,100.0,597.0,1391.34,Interpolated (Month),3218.0,2016-03-01,0.897091007459105,1,0.16367555760772312,-1.3697380951228968,1.0893774324507355
2019.0,4.0,Europe,Cybertruck,0.2337363562151175,0.3176568395541713,-0.4405832114172132,120.0,665.0,1081.49,Estimated (Region),8494.0,2019-04-01,0.7358140203849051,2,0.08392048333905378,1.4268128299127367,-0.10298031444621417
2018.0,8.0,Europe,Model X,1.3729401542100963,1.1885910046140995,0.0675008466921433,82.0,459.0,1055.13,Interpolated (Month),6399.0,2018-08-01,1.155098893463231,3,-0.1843491495959968,0.2337363562151175,0.09267462286682329
2023.0,3.0,Asia,Model Y,-0.0958526078713174,0.0350140539120814,1.3536858350495402,82.0,490.0,701.56,Estimated (Region),13412.0,2023-03-01,-2.7375467037321264,1,0.13086666178339879,1.3729401542100963,-0.12975431752796043
2025.0,6.0,North America,Cybertruck,-0.408924006294207,-0.5288629985067722,0.2440409919968078,75.0,433.0,539.93,Interpolated (Month),13199.0,2025-06-01,0.7732134928115426,2,-0.11993899221256521,-0.0958526078713174,-0.09979422014734715
2016.0,10.0,North America,Model Y,-0.2884728351477381,-0.2088944629335425,-1.5675053687756686,120.0,714.0,941.09,Official (Quarter),13227.0,2016-10-01,1.3809501271439282,4,0.07957837221419559,-0.408924006294207,0.45218271784001784
2023.0,5.0,Middle East,Model X,-0.8853922465887833,-0.8988339537990759,-1.012199335534465,100.0,582.0,562.04,Interpolated (Month),13454.0,2023-05-01,0.9850453944763892,2,-0.013441707210292586,-0.2884728351477381,0.8961934436845337
2022.0,4.0,Europe,Model X,-0.6340711321080709,-0.6457700643288327,-0.3158834585663592,75.0,416.0,463.44,Estimated (Region),11113.0,2022-04-01,0.9818837495464878,2,-0.011698932220761793,-0.8853922465887833,0.20029258218738427
2023.0,1.0,Middle East,Model S,-0.7326682932996952,-0.7316897151137204,-0.3723104583218357,60.0,357.0,376.94,Interpolated (Month),4507.0,2023-01-01,1.0013374223605462,1,0.0009785781859747988,-0.6340711321080709,0.27278006807628663
2015.0,9.0,North America,Model X,-0.5634267743470617,-0.6828610611157514,-0.0925796012347607,82.0,474.0,547.83,Official (Quarter),3788.0,2015-09-01,0.8250972363638048,3,-0.11943428676868972,-0.7326682932996952,0.052161826094038466
2015.0,4.0,Europe,Model S,0.1524191098715098,0.2124874309431611,-1.1681201262758854,82.0,453.0,714.97,Estimated (Region),10709.0,2015-04-01,0.7173088271384901,2,0.060068321071651304,-0.5634267743470617,-0.17804382986996609
2022.0,8.0,Middle East,Model S,0.2784608417041018,0.1258635207256103,0.5780079336913593,100.0,564.0,932.12,Official (Quarter),5387.0,2022-08-01,2.21240308628552,3,-0.1525973209784915,0.1524191098715098,0.16095257572734456
2021.0,11.0,Middle East,Model 3,0.0522972503109428,0.1413572282441967,0.0158055874559407,120.0,664.0,1008.75,Official (Quarter),11682.0,2021-11-01,0.36996516528039536,4,0.08905997793325389,0.2784608417041018,0.0008265887634948285
2018.0,2.0,North America,Model X,-1.519666768068923,-1.5063750910430365,0.8099979146904827,120.0,717.0,423.96,Official (Quarter),5645.0,2018-02-01,1.008823617108992,1,0.013291677025886628,0.0522972503109428,-1.2309269131602532
2020.0,7.0,Middle East,Cybertruck,2.5616966491957114,2.663779762898894,-0.7459032417074717,60.0,347.0,1041.16,Interpolated (Month),10041.0,2020-07-01,0.961677344679543,3,0.10208311370318279,-1.519666768068923,-1.910777834906249
2023.0,9.0,Asia,Model 3,0.831418116840634,1.0000842298046326,-0.4844164253242275,82.0,488.0,965.8,Official (Quarter),11383.0,2023-09-01,0.8313480925532166,3,0.16866611296399858,2.5616966491957114,-0.40275259210974085
2015.0,12.0,Asia,Model S,-1.0182951210816171,-1.095791841800499,0.6326023780587516,82.0,477.0,423.22,Official (Quarter),6279.0,2015-12-01,0.929277881288524,4,-0.07749672071888192,0.831418116840634,-0.6441759151618555
2022.0,4.0,Middle East,Model 3,-1.0523467179880028,-0.955644214700559,-0.15510269316134,120.0,704.0,610.47,Estimated (Region),7406.0,2022-04-01,1.101190905359841,2,0.09670250328744379,-1.0182951210816171,0.1632218100994364
2023.0,1.0,Europe,Cybertruck,-0.00513305491923,0.0404133762291646,-0.1334450396543183,60.0,331.0,491.63,Estimated (Region),3173.0,2023-01-01,-0.127013761238926,1,0.0455464311483946,-1.0523467179880028,0.000684980717244441
2020.0,7.0,North America,Model 3,1.4420598136021632,1.6803988417571047,-0.0817805963752788,75.0,424.0,991.97,Estimated (Region),12195.0,2020-07-01,0.858165203264647,3,0.23833902815494157,-0.00513305491923,-0.1179325115652083
2021.0,7.0,North America,Model Y,-2.4001800761333003,-2.3749617246607544,-1.0649711651451157,82.0,455.0,32.56,Official (Quarter),13773.0,2021-07-01,1.0106184243774068,3,0.02521835147254592,1.4420598136021632,2.5561225722377734
2025.0,6.0,North America,Model Y,1.5429440223472015,1.315827208781884,-1.0838861984646,60.0,345.0,827.69,Estimated (Region),13189.0,2025-06-01,1.1726038282606794,2,-0.22711681356531743,-2.4001800761333003,-1.672375730825587
2018.0,9.0,Europe,Cybertruck,0.8532721267954787,0.8383393134363601,1.219194560325819,60.0,341.0,679.27,Official (Quarter),5019.0,2018-09-01,1.0178123739633644,3,-0.014932813359118557,1.5429440223472015,1.0403047354666901
2020.0,3.0,Middle East,Model S,0.2370398693478266,0.1197599389758642,1.0153663879214505,75.0,429.0,698.52,Estimated (Region),6619.0,2020-03-01,1.9792918347728816,1,-0.11727993037196238,0.8532721267954787,0.24068231593307524
2020.0,10.0,Asia,Model Y,0.8868154909122168,0.7902149188710542,-0.473498132888629,75.0,414.0,832.89,Official (Quarter),14872.0,2020-10-01,1.1222459482025113,4,-0.09660057204116257,0.2370398693478266,-0.4199054791636476
2016.0,7.0,Asia,Cybertruck,0.1628378820592845,0.0892420302271336,1.5378260900475051,120.0,675.0,1069.5,Estimated (Region),8155.0,2016-07-01,1.8246770232012768,3,-0.07359585183215091,0.8868154909122168,0.2504163434788463
2023.0,8.0,Middle East,Model S,1.1762540646164954,1.3458756112421728,-0.9347826926982176,100.0,550.0,1200.46,Interpolated (Month),10815.0,2023-08-01,0.8739693733887297,3,0.1696215466256774,0.1628378820592845,-1.0995419418194308
2025.0,8.0,Europe,Model Y,0.3125124386104875,0.252395465460732,0.9592987419890237,75.0,422.0,705.92,Estimated (Region),6943.0,2025-08-01,1.2381856307918042,3,-0.060116973149755504,1.1762540646164954,0.29979278921496266
2020.0,10.0,North America,Model X,0.4774339788511168,0.4019332183295121,0.1867009452524759,60.0,331.0,585.92,Interpolated (Month),3526.0,2020-10-01,1.1878440424391792,4,-0.0755007605216047,0.3125124386104875,0.0891373751471541
2016.0,3.0,Middle East,Model X,-0.6846402946780019,-0.6349714196946664,-1.402616637468149,120.0,697.0,755.69,Interpolated (Month),8421.0,2016-03-01,1.0782222214146573,1,0.0496688749833355,0.4774339788511168,0.9602878679964617
2017.0,6.0,Middle East,Model Y,0.0967676194051033,-0.0102933029225724,0.4109213287939003,100.0,587.0,907.18,Official (Quarter),11855.0,2017-06-01,-9.401027069056674,2,-0.1070609223276757,-0.6846402946780019,0.03976387875016746
2021.0,11.0,Asia,Model 3,0.007064532032311,0.0211636184030422,-1.2345732468039243,75.0,412.0,614.91,Estimated (Region),12697.0,2021-11-01,0.33380549099748924,4,0.0140990863707312,0.0967676194051033,-0.008721682248280517
2018.0,2.0,Asia,Model 3,0.6128780172921884,0.8240193716388788,-1.6453469736018298,82.0,475.0,878.8,Interpolated (Month),10914.0,2018-02-01,0.7437665161599845,1,0.21114135434669046,0.007064532032311,-1.008396990938792
2015.0,5.0,Middle East,Cybertruck,-0.5896007630139104,-0.4502206951927356,0.1974646608706898,120.0,706.0,805.05,Official (Quarter),14337.0,2015-05-01,1.3095816547515822,2,0.1393800678211748,0.6128780172921884,-0.11642531471764177
2021.0,6.0,Asia,Model S,-1.1362051282798484,-1.1195019093668206,1.1311831926041884,60.0,333.0,272.28,Interpolated (Month),14316.0,2021-06-01,1.0149202236934773,2,0.01670321891302784,-0.5896007630139104,-1.2852561444608503
2020.0,7.0,Asia,Cybertruck,0.5325772365278758,0.4681336049998355,-0.4239977650529637,100.0,576.0,1038.36,Estimated (Region),3002.0,2020-07-01,1.1376607678657527,3,-0.06444363152804033,-1.1362051282798484,-0.22581155800590297
2018.0,1.0,Middle East,Model 3,-0.3286232255298944,-0.3490420900334824,-1.3301683221771394,120.0,696.0,900.87,Official (Quarter),14261.0,2018-01-01,0.941500280090492,1,-0.020418864503587986,0.5325772365278758,0.4371242045315394
2019.0,5.0,Asia,Model S,-0.6449981370854931,-0.7077448944031779,-0.0232223252598609,100.0,565.0,625.79,Official (Quarter),5181.0,2019-05-01,0.9113426916762185,2,-0.06274675731768475,-0.3286232255298944,0.01497835653140367
2020.0,10.0,North America,Model S,0.1082028571721731,0.0312580036045454,-1.5712688918021331,100.0,583.0,904.93,Interpolated (Month),13353.0,2020-10-01,3.4616048593851567,4,-0.0769448535676277,-0.6449981370854931,-0.1700157834787449
2017.0,3.0,Europe,Cybertruck,1.415123475750843,1.3780367920004504,-1.0072026771898994,100.0,552.0,1282.65,Interpolated (Month),13123.0,2017-03-01,1.0269126949045788,1,-0.0370866837503927,0.1082028571721731,-1.4253161533305247
2020.0,9.0,Middle East,Cybertruck,-0.5941748581207383,-0.5445914591695795,-0.2248531211058561,100.0,590.0,671.18,Estimated (Region),13866.0,2020-09-01,1.091046963951227,3,0.04958339895115882,1.415123475750843,0.13360207133107724
2018.0,7.0,Europe,Model S,0.695465845609915,0.5498276991887452,1.0397224258065327,60.0,350.0,664.6,Estimated (Region),9563.0,2018-07-01,1.2648796098051347,3,-0.1456381464211698,-0.5941748581207383,0.7230914360631324
2024.0,9.0,North America,Model 3,2.460812440450673,2.440060016456276,0.639490241516325,100.0,555.0,1632.2,Interpolated (Month),6940.0,2024-09-01,1.0085048826071648,3,-0.02075242399439725,0.695465845609915,1.5736655418701782
2017.0,8.0,Middle East,Model 3,0.4362671228896654,0.4850358313837478,0.847457692811924,75.0,418.0,729.77,Estimated (Region),5339.0,2017-08-01,0.8994533901651116,3,0.04876870849408238,2.460812440450673,0.36971792941377196
2024.0,9.0,North America,Model Y,-1.4101426018998768,-1.39040703779786,-0.7912017046744452,120.0,696.0,456.54,Interpolated (Month),14726.0,2024-09-01,1.0141940910578777,3,0.019735564102016934,0.4362671228896654,1.11570723045724
2015.0,10.0,Europe,Model S,2.6953618728730167,2.340289930162349,-0.8225305984150839,120.0,695.0,2140.15,Estimated (Region),3617.0,2015-10-01,1.1517213479126647,4,-0.35507194271066744,-1.4101426018998768,-2.2170176142394435
2023.0,8.0,North America,Model S,0.1023581800912263,0.0054351577402348,-1.3118522118960716,82.0,465.0,720.17,Official (Quarter),6065.0,2023-08-01,18.832605231215314,3,-0.0969230223509915,2.6953618728730167,-0.13427880495833167
2021.0,9.0,Europe,Model X,-0.6607533535645671,-0.6370841979926555,1.2525046218931193,82.0,455.0,499.73,Estimated (Region),12427.0,2021-09-01,1.037152319342544,3,0.023669155571911626,0.1023581800912263,-0.8275966292709986
2024.0,5.0,Asia,Model S,0.0530595994954141,0.0669404815261381,-1.386857754600071,100.0,579.0,879.88,Interpolated (Month),12340.0,2024-05-01,0.7926384496456906,2,0.013880882030724004,-0.6607533535645671,-0.07358611701618906
2018.0,10.0,North America,Model Y,-0.142355908124068,-0.0023116960190582,1.2010379971778062,60.0,352.0,494.31,Interpolated (Month),5013.0,2018-10-01,61.58072123257137,4,0.1400442121050098,0.0530595994954141,-0.17097485477975843
2022.0,9.0,North America,Model X,1.0009137521880913,0.974496137084543,0.6937496866074576,120.0,683.0,1420.06,Interpolated (Month),4918.0,2022-09-01,1.027108999305614,3,-0.026417615103548342,-0.142355908124068,0.6943836019015829
2023.0,1.0,Europe,Model S,0.7546749656038544,0.6441984631655892,-1.6106283245732242,82.0,479.0,926.29,Interpolated (Month),8905.0,2023-01-01,1.1714945141212911,1,-0.11047650243826523,1.0009137521880913,-1.2155008754478915
2024.0,8.0,North America,Cybertruck,-0.4178180801130391,-0.3795599987822131,-0.7868089396839684,100.0,563.0,699.08,Estimated (Region),4362.0,2024-08-01,1.1007958727304614,3,0.03825808133082603,0.7546749656038544,0.32874300059453165
2020.0,2.0,Middle East,Model 3,-0.1166901522468668,-0.1387032728114621,0.7515808005401347,82.0,475.0,674.24,Interpolated (Month),6587.0,2020-02-01,0.8412934308008903,1,-0.022013120564595312,-0.4178180801130391,-0.08770207804085034
2017.0,2.0,Asia,Model 3,-0.9989822750750104,-1.0239573796688717,-1.6677601150909205,75.0,417.0,374.74,Estimated (Region),7963.0,2017-02-01,0.9756092342418219,1,-0.02497510459386132,-0.1166901522468668,1.666062794052889
2023.0,7.0,Asia,Model 3,0.6230426730851394,0.7179109504509846,-1.4391196298228257,75.0,420.0,779.56,Estimated (Region),3105.0,2023-07-01,0.8678550907932941,3,0.09486827736584524,-0.9989822750750104,-0.8966329410541096
2020.0,4.0,Europe,Model S,1.242070210875853,1.369585678808494,1.0279646470540176,75.0,431.0,957.47,Official (Quarter),13736.0,2020-04-01,0.9068948588571865,2,0.1275154679326409,0.6230426730851394,1.2768042659393055
2021.0,6.0,Asia,Cybertruck,-1.3478840851680522,-1.284768122898408,1.057281059979263,120.0,689.0,477.27,Official (Quarter),6581.0,2021-06-01,1.0491263451705635,2,0.06311596226964422,1.242070210875853,-1.4250923142956575
2024.0,3.0,Europe,Model 3,0.9739774143367712,0.8902197583092023,-0.7109947266202139,75.0,445.0,918.15,Official (Quarter),12563.0,2024-03-01,1.0940864940884374,1,-0.0837576560275689,-1.3478840851680522,-0.6924928054406354
2017.0,7.0,Europe,Model X,-0.2648400104291271,-0.1624133403777836,0.6487285672549536,82.0,455.0,606.06,Official (Quarter),6470.0,2017-07-01,1.6306542911628603,3,0.10242667005134348,0.9739774143367712,-0.1718092805174746
2025.0,8.0,Asia,Model 3,-0.0912785127644894,-0.1293131470426219,0.8665680595372988,82.0,488.0,700.01,Estimated (Region),12059.0,2025-08-01,0.7058718688085427,3,-0.0380346342781325,-0.2648400104291271,-0.07909904368377413
2019.0,3.0,North America,Cybertruck,0.554939479272368,0.5779980764952658,-1.5450037556676253,75.0,448.0,813.52,Official (Quarter),9151.0,2019-03-01,0.9601061004169507,1,0.023058597222897825,-0.0912785127644894,-0.8573835796440448
2015.0,8.0,Asia,Model 3,0.1508944115025672,0.2249293475868744,1.4745743498434836,100.0,585.0,922.78,Interpolated (Month),4830.0,2015-08-01,0.6708524837750987,3,0.07403493608430722,0.554939479272368,0.2225050287364131
2022.0,3.0,Middle East,Model X,0.3224229780086147,0.4052197623486062,1.57231461346052,120.0,674.0,1131.41,Estimated (Region),11953.0,2022-03-01,0.7956743672615791,1,0.08279678433999149,0.1508944115025672,0.5069503600384048
2016.0,8.0,North America,Model 3,0.3930673357696239,0.2171824938275812,-0.0386372622834704,120.0,662.0,1138.87,Official (Quarter),3751.0,2016-08-01,1.8098481550804721,3,-0.17588484194204268,0.3224229780086147,-0.015187045747195885
2023.0,5.0,Asia,Cybertruck,-0.3629289388311039,-0.2753296027480869,0.4424540054770703,120.0,684.0,871.48,Interpolated (Month),6048.0,2023-05-01,1.3181617058561121,2,0.08759933608301701,0.3930673357696239,-0.16057936268936457
2018.0,1.0,Asia,Model 3,-0.4592390524693143,-0.3664138227058368,-0.5931962570792467,75.0,420.0,511.24,Estimated (Region),4016.0,2018-01-01,1.253334410470642,1,0.09282522976347751,-0.3629289388311039,0.272418887029417
2019.0,5.0,North America,Model 3,-0.7860327362126878,-0.810332018427757,-0.3749168918599737,120.0,718.0,735.48,Official (Quarter),14455.0,2019-05-01,0.9700131777314984,2,-0.024299282215069273,-0.4592390524693143,0.2946969503610515
2020.0,3.0,North America,Model 3,0.1191298621495954,0.2469961431436489,1.045178341319145,120.0,690.0,1075.47,Official (Quarter),5794.0,2020-03-01,0.4823146654573931,1,0.1278662809940535,-0.7860327362126878,0.12451195172309253
2025.0,1.0,Europe,Model 3,1.23647965018973,1.123094877376439,0.9207126903364196,60.0,352.0,780.81,Official (Quarter),5949.0,2025-01-01,1.100957430309146,1,-0.11338477281329085,0.1191298621495954,1.1384425052724212
2015.0,2.0,North America,Model Y,-0.313376241840468,-0.4596108209615758,0.0419976599500774,120.0,685.0,892.79,Estimated (Region),5665.0,2015-02-01,0.6818295556767727,1,-0.14623457912110782,1.23647965018973,-0.013161068841249192
2015.0,8.0,Middle East,Model Y,-2.3214039937379307,-2.2916243584622977,-0.4741566997151036,75.0,434.0,51.23,Estimated (Region),10587.0,2015-08-01,1.0129949898488666,3,0.029779635275632987,-0.313376241840468,1.1007092563762382
2022.0,1.0,North America,Model 3,0.1183675129651241,0.0253891749990202,1.3138094894486128,60.0,330.0,514.21,Interpolated (Month),11789.0,2022-01-01,4.662125215557104,1,-0.0929783379661039,-2.3214039937379307,0.15551236177601174
2023.0,12.0,North America,Model X,0.3640980667597136,0.1739879152909163,-0.4239107845287124,75.0,446.0,759.65,Estimated (Region),6295.0,2023-12-01,2.0926629654187408,4,-0.1901101514687973,0.1183675129651241,-0.1543450971254977
2016.0,5.0,Asia,Model 3,-2.428895228748387,-2.409235683717021,-0.986270192739351,120.0,660.0,36.04,Interpolated (Month),5894.0,2016-05-01,1.0081600754812974,2,0.019659545031366132,0.3640980667597136,2.395546965401362
2024.0,8.0,Europe,Model X,0.1247204228357184,-0.0466800402768282,-1.6831288281787848,60.0,333.0,520.13,Official (Quarter),6019.0,2024-08-01,-2.6718148077012085,3,-0.17140046311254659,-2.428895228748387,-0.20992053913744527
2025.0,7.0,North America,Model Y,0.6418472863020986,0.5484191803234192,-0.9194557302619936,60.0,345.0,644.18,Estimated (Region),4370.0,2025-07-01,1.1703589322378953,3,-0.09342810597867945,0.1247204228357184,-0.590150165343575
2023.0,5.0,North America,Model X,-0.1705628279495069,-0.1955135337129453,0.9239742114800618,82.0,474.0,657.75,Interpolated (Month),3852.0,2023-05-01,0.8723837409635731,2,-0.024950705763438413,0.6418472863020986,-0.15759565446245508
2016.0,11.0,North America,Cybertruck,-0.1949580018525893,-0.1102981423607205,-1.487953478326942,82.0,454.0,623.46,Interpolated (Month),7257.0,2016-11-01,1.767554717422131,4,0.0846598594918688,-0.1705628279495069,0.29008843698423065
2025.0,10.0,Europe,Model X,0.0162127222459669,-0.1067768451974054,0.5648539932667181,60.0,349.0,522.77,Estimated (Region),13175.0,2025-10-01,-0.15183743456732934,4,-0.1229895674433723,-0.1949580018525893,0.009157820902358558
2021.0,9.0,North America,Model X,-1.5743017929560348,-1.5967550515681237,-1.6949035060045834,120.0,667.0,372.89,Official (Quarter),6711.0,2021-09-01,0.9859381947218278,3,-0.02245325861208891,0.0162127222459669,2.668289628390485
2018.0,11.0,Asia,Model X,-0.5136199609616019,-0.616191168156986,1.3395268967961205,82.0,465.0,551.09,Interpolated (Month),11206.0,2018-11-01,0.8335399588699521,4,-0.10257120719538415,-1.5743017929560348,-0.6880077524394391
2017.0,9.0,North America,Model X,0.5389301463984701,0.6632134678474906,-0.7888447809830169,120.0,701.0,1266.32,Estimated (Region),6168.0,2017-09-01,0.8126043461505821,3,0.12428332144902043,-0.5136199609616019,-0.42513223330084643
2024.0,10.0,Asia,Model S,0.2210305364739288,0.0561418368919719,0.7515504816145384,82.0,472.0,764.07,Interpolated (Month),13810.0,2024-10-01,3.9370022199173085,4,-0.1648886995819569,0.5389301463984701,0.166115606138501
2016.0,4.0,Asia,Model 3,-0.3019410040733981,-0.2910580634108943,0.4345874868637772,60.0,332.0,434.95,Official (Quarter),12063.0,2016-04-01,1.037390960878964,2,0.010882940662503782,0.2210305364739288,-0.13121978214138358
2016.0,6.0,Asia,Model 3,-0.5730831973503651,-0.4978755834695996,-0.1326865694828467,60.0,355.0,408.27,Estimated (Region),11741.0,2016-06-01,1.1510570439238212,2,0.07520761388076547,-0.3019410040733981,0.07604044348468117
2017.0,4.0,Europe,Model Y,-0.1100831259814487,-0.1077158577742894,-1.022877561723129,60.0,347.0,493.9,Estimated (Region),5233.0,2017-04-01,1.0219769703001367,2,0.0023672682071593093,-0.5730831973503651,0.11260155949076428
2021.0,4.0,Asia,Model 3,0.525716093867634,0.4242347670305075,-1.3109257450549028,120.0,690.0,1241.07,Official (Quarter),10023.0,2021-04-01,1.239210302228315,2,-0.10148132683712646,-0.1100831259814487,-0.6891747620407812
2023.0,1.0,Asia,Model X,0.122941608071952,0.255682009479826,-0.3733139650559129,60.0,356.0,555.68,Estimated (Region),5882.0,2023-01-01,0.48083792959102356,1,0.13274040140787402,0.525716093867634,-0.04589581917969043
2023.0,9.0,Middle East,Model 3,0.5587512251947245,0.6437289568771472,-1.5888578449004596,120.0,714.0,1298.16,Estimated (Region),8813.0,2023-09-01,0.867991441468369,3,0.08497773168242262,0.122941608071952,-0.8877762674983813
2023.0,11.0,Middle East,Model X,0.1544520410301,0.0692880129683482,-0.2036462752302404,75.0,442.0,698.14,Interpolated (Month),10316.0,2023-11-01,2.229130760333046,4,-0.08516402806175179,0.5587512251947245,-0.03145358285748812
2016.0,4.0,Europe,Model 3,1.2674818503582304,1.5205319505426005,0.5676796177259698,100.0,577.0,1290.46,Estimated (Region),11767.0,2016-04-01,0.8335779132466967,2,0.25305010018437013,0.1544520410301,0.719523612285965
2016.0,3.0,Europe,Model X,0.5928028221011102,0.4596824918078793,-1.708692155740476,75.0,436.0,801.48,Estimated (Region),13776.0,2016-03-01,1.289591908905827,1,-0.13312033029323095,1.2674818503582304,-1.012917532024984
2017.0,11.0,Asia,Cybertruck,-0.628226455027124,-0.6323891351082354,-0.5130350059291933,120.0,665.0,743.14,Interpolated (Month),8833.0,2017-11-01,0.9934175338410915,4,-0.004162680081111314,0.5928028221011102,0.32230216307971665
2023.0,1.0,Middle East,Model Y,-0.4020628636339651,-0.3598407346676487,0.7964528104224935,100.0,583.0,729.33,Estimated (Region),8646.0,2023-01-01,1.1173356012773623,1,0.042222128966316386,-0.628226455027124,-0.32022409770778726
2017.0,8.0,Asia,Model S,1.2395290469276152,1.198685389815603,1.7344125125184884,82.0,473.0,1050.06,Estimated (Region),6853.0,2017-08-01,1.0340737089640306,3,-0.04084365711201232,-0.4020628636339651,2.1498546886213723
2025.0,4.0,Asia,Model S,-0.3535266322226243,-0.3290880727746971,0.4823194163835204,120.0,704.0,900.87,Interpolated (Month),5172.0,2025-04-01,1.0742614560347756,2,0.02443855944792722,1.2395290469276152,-0.17051275892964762
2023.0,6.0,North America,Model 3,-0.18962155756129,-0.036585655075325,0.5390242567850346,82.0,485.0,667.55,Official (Quarter),9302.0,2023-06-01,5.182948266769706,2,0.15303590248596502,-0.3535266322226243,-0.10221061913489501
2019.0,7.0,Asia,Cybertruck,0.5241913954986913,0.5977173406098302,0.6401587489741426,60.0,348.0,625.62,Estimated (Region),6193.0,2019-07-01,0.8769887702502944,3,0.07352594511113886,-0.18962155756129,0.3355657079654522
2022.0,9.0,Europe,Model X,-0.3710606634654647,-0.3880111119741693,0.1855880915736256,60.0,336.0,426.48,Official (Quarter),11922.0,2022-09-01,0.9563145281523971,3,-0.01695044850870464,0.5241913954986913,-0.06886444039059893
2022.0,2.0,Asia,Cybertruck,-0.8721781940579472,-0.9589307587196532,-1.5531237603801653,60.0,337.0,328.07,Interpolated (Month),3890.0,2022-02-01,0.9095319824994075,1,-0.086752564661706,-0.3710606634654647,1.3546006764768606
2020.0,11.0,Middle East,Model Y,-0.6264476402633576,-0.7157265013066921,0.5082460740207989,75.0,425.0,475.38,Official (Quarter),11495.0,2020-11-01,0.8752612053901325,4,-0.08927886104333449,-0.8721781940579472,-0.3183895537434453
2023.0,12.0,Asia,Model X,-0.352764283038153,-0.4657144027113219,0.0354880375151056,75.0,429.0,549.16,Official (Quarter),14418.0,2023-12-01,0.7574691291152053,4,-0.11295011967316892,-0.6264476402633576,-0.012518912110447302
2024.0,5.0,Europe,Model X,-0.393168789815133,-0.3124205995350057,-0.6580012209306141,82.0,488.0,613.05,Estimated (Region),10880.0,2024-05-01,1.2584598787669878,2,0.08074819028012725,-0.352764283038153,0.25870554373016946
2019.0,1.0,Middle East,Model Y,-0.0031001237606398,0.1432352533979647,0.3885827420398823,60.0,346.0,514.33,Official (Quarter),5996.0,2019-01-01,-0.02164358066255113,1,0.1463353771586045,-0.393168789815133,-0.0012046545915724053
2023.0,3.0,Middle East,Model X,-1.3285712391614453,-1.3577763507511404,1.2643762208745124,82.0,487.0,342.9,Official (Quarter),5329.0,2023-03-01,0.9784904844059639,1,-0.029205111589695187,-0.0031001237606398,-1.679813882533516
2025.0,10.0,North America,Model Y,-0.997203460311244,-1.0246616391015344,-1.2703262185237707,60.0,344.0,309.5,Interpolated (Month),11960.0,2025-10-01,0.9732026868748918,4,-0.027458178790290444,-1.3285712391614453,1.2667737008360016
2021.0,1.0,Middle East,Model X,-0.5771490596675455,-0.5668930078705751,-1.0386245158335952,75.0,424.0,486.6,Interpolated (Month),10101.0,2021-01-01,1.0180916886512594,1,0.010256051796970422,-0.997203460311244,0.5994411626610191
2021.0,9.0,Asia,Model 3,-0.6208570795772346,-0.6683063661740491,-1.681895195829117,82.0,460.0,516.05,Interpolated (Month),6383.0,2021-09-01,0.9290006963895101,3,-0.04744928659681458,-0.5771490596675455,1.0442165394374467
2015.0,1.0,Asia,Model Y,0.6413390535124511,0.7580537381127765,-1.477387084240887,60.0,340.0,634.75,Official (Quarter),4390.0,2015-01-01,0.8460337589114801,1,0.11671468460032541,-0.6208570795772346,-0.9475060342785704
2018.0,8.0,Asia,Model Y,-0.2114755675161346,-0.2077206972124375,0.6130973682690598,82.0,460.0,627.21,Interpolated (Month),12096.0,2018-08-01,1.018076534279379,3,0.0037548703036971165,0.6413390535124511,-0.129655113897348
2019.0,7.0,Europe,Model X,-0.4465332327281256,-0.4560895237982607,-0.3242793157986676,60.0,359.0,439.69,Official (Quarter),6506.0,2019-07-01,0.9790473348509491,3,-0.009556291070135059,-0.2114755675161346,0.14480149119044378
2018.0,5.0,Europe,Model Y,1.635696506457879,1.548937080993342,0.4950558502917553,82.0,470.0,1153.31,Official (Quarter),5279.0,2018-05-01,1.0560122335046027,2,-0.08675942546453697,-0.4465332327281256,0.809761124823759
2024.0,7.0,North America,Model X,1.0822309985316991,1.0514951683890326,1.6720161636415334,82.0,490.0,1042.3,Estimated (Region),6949.0,2024-07-01,1.029230595695229,3,-0.030735830142666565,1.635696506457879,1.8095077223389175
2017.0,2.0,Asia,Cybertruck,0.7467973573643173,0.7535934283725774,1.660762871929676,75.0,417.0,804.46,Interpolated (Month),3203.0,2017-02-01,0.9909817804237804,1,0.006796071008260074,1.0822309985316991,1.2402533239658562
2016.0,9.0,Europe,Cybertruck,0.5752687908582699,0.5524099837751762,0.8703271092796584,75.0,436.0,796.96,Interpolated (Month),10451.0,2016-09-01,1.041380148358066,3,-0.022858807083093624,0.7467973573643173,0.5006720238064823
2020.0,1.0,Middle East,Model 3,0.7470514737591412,0.5303431882184018,-0.8768327882209914,100.0,572.0,1103.56,Estimated (Region),10542.0,2020-01-01,1.4086189666520168,1,-0.2167082855407394,0.5752687908582699,-0.6550392266808286
2016.0,4.0,Asia,Model Y,-0.1352406490690023,-0.2103029817988686,-0.4820107925392181,75.0,415.0,584.53,Interpolated (Month),14243.0,2016-04-01,0.6430752807791613,2,-0.07506233272986632,0.7470514737591412,0.06518745244126806
2023.0,8.0,Asia,Model 3,-0.1931791870888228,-0.3328441230822331,-0.7450254839598835,120.0,709.0,974.38,Official (Quarter),3958.0,2023-08-01,0.5803893585379472,3,-0.1396649359934103,-0.1352406490690023,0.1439234173518271
2019.0,3.0,Middle East,Model X,-0.617045333654878,-0.6741751947795742,-0.6339806793533586,120.0,665.0,747.53,Estimated (Region),6638.0,2019-03-01,0.9152596215834148,1,-0.0571298611246962,-0.1931791870888228,0.3911948198223394
2018.0,9.0,Asia,Model S,0.2012094576776744,0.0850164736311555,0.7713701123862373,82.0,471.0,756.94,Official (Quarter),10251.0,2018-09-01,2.366711404081789,3,-0.1161929840465189,-0.617045333654878,0.15520696198200157
2019.0,5.0,North America,Cybertruck,-1.126294588881721,-1.2009612504115093,0.705895647013918,75.0,412.0,339.28,Official (Quarter),7910.0,2019-05-01,0.9378275847749429,2,-0.07466666152978818,0.2012094576776744,-0.7950464475469373
2019.0,8.0,Europe,Model S,-0.5603773776091764,-0.4276843933475191,1.4513152606271025,100.0,575.0,665.59,Official (Quarter),12541.0,2019-08-01,1.3102591217394184,3,0.13269298426165727,-1.126294588881721,-0.813284239834394
2016.0,8.0,North America,Model X,-2.4443963288326374,-2.4268421695335967,1.3957138303046632,60.0,330.0,15.0,Official (Quarter),10965.0,2016-08-01,1.0072333337204267,3,0.017554159299040695,-0.5603773776091764,-3.4116777628976576
2024.0,7.0,Asia,Model 3,-1.2096447663839192,-1.142507717500479,-0.2143135667244269,75.0,417.0,322.88,Official (Quarter),9773.0,2024-07-01,1.058762884359608,3,0.06713704888344019,-2.4443963288326374,0.2592432843532738
2022.0,7.0,Asia,Model Y,-0.4528861425987199,-0.4389525442701273,-0.3590108876480191,120.0,679.0,829.06,Estimated (Region),10324.0,2022-07-01,1.0317428353257658,3,0.013933598328592589,-1.2096447663839192,0.1625910560578538
2018.0,9.0,Asia,Model 3,1.2690065487271731,1.2421147214964885,1.14825672396738,75.0,443.0,991.17,Official (Quarter),11512.0,2018-09-01,1.0216500350292006,3,-0.026891827230684617,-0.4528861425987199,1.4571453023346153
2019.0,4.0,Europe,Model X,0.7297715589111244,0.7939709691785902,0.0432034585319853,60.0,343.0,658.25,Interpolated (Month),14603.0,2019-04-01,0.9191413631484739,2,0.06419941026746578,1.2690065487271731,0.03152865528323903
2019.0,9.0,North America,Cybertruck,-1.623600373551847,-1.5584902890600996,-0.5680504360339622,60.0,358.0,189.72,Interpolated (Month),9396.0,2019-09-01,1.0417776645442007,3,0.06511008449174738,0.7297715589111244,0.9222869001410305
2018.0,7.0,Middle East,Cybertruck,1.5104171238097583,1.5578577004737402,0.0522981421477073,100.0,564.0,1342.26,Official (Quarter),3077.0,2018-07-01,0.9695475545362358,3,0.047440576663981826,-1.623600373551847,0.07899200944333395
2024.0,11.0,Middle East,Model Y,-1.1992259941961445,-1.245094841525058,0.5378711435492446,82.0,453.0,353.54,Official (Quarter),6760.0,2024-11-01,0.9631603587139347,4,-0.0458688473289135,1.5104171238097583,-0.64502905687226
2018.0,6.0,Middle East,Cybertruck,0.1536896918456287,0.0326665224698714,-1.2933372889881434,75.0,417.0,658.46,Official (Quarter),9222.0,2018-06-01,4.7048072529721505,2,-0.1210231693757573,-1.1992259941961445,-0.19877260939704858
2016.0,2.0,North America,Model Y,1.1996327729402827,1.057598750138779,-1.4792936973324766,100.0,558.0,1225.62,Estimated (Region),9237.0,2016-02-01,1.1342985917701454,1,-0.1420340228015038,0.1536896918456287,-1.774609200124042
2019.0,5.0,Middle East,Model S,2.152061020739788,2.09755517903783,-0.7167930968825933,60.0,346.0,954.49,Interpolated (Month),4600.0,2019-05-01,1.0259854149472054,2,-0.054505841701957713,1.1996327729402827,-1.5425824837363873
2024.0,7.0,Europe,Model S,-1.8706015093205557,-1.8329167146544545,0.2313577404662584,60.0,343.0,131.76,Estimated (Region),6711.0,2024-07-01,1.0205600147376066,3,0.037684794666101196,2.152061020739788,-0.43277813850917635
2018.0,12.0,Europe,Model S,1.0377606294375386,1.1834264354412374,1.2050748875662038,75.0,427.0,897.08,Official (Quarter),3615.0,2018-12-01,0.8769118200833601,4,0.14566580600369883,-1.8706015093205557,1.2505792738400747
2016.0,9.0,Middle East,Model S,0.2022259232569695,0.1127173446492341,1.421326861023069,60.0,350.0,562.69,Official (Quarter),9725.0,2016-09-01,1.794097650954055,3,-0.08950857860773541,1.0377606294375386,0.2874291367203205
2015.0,12.0,North America,Model X,0.2139152774188631,0.2648373821044452,-0.831090973096119,60.0,349.0,563.5,Estimated (Region),9479.0,2015-12-01,0.8077231232201967,4,0.05092210468558209,0.2022259232569695,-0.1777830560701692
2016.0,6.0,Middle East,Model Y,-0.192925070693999,-0.0924569033999241,-1.0251201681541129,100.0,577.0,793.06,Estimated (Region),11796.0,2016-06-01,2.0866486287075605,2,0.1004681672940749,0.2139152774188631,0.19777138091097637
2020.0,6.0,Europe,Model X,0.835992211947462,1.0456263397835075,-1.4646262957858611,100.0,576.0,1141.52,Interpolated (Month),6640.0,2020-06-01,0.7995133444329172,2,0.20963412783604551,-0.192925070693999,-1.2244161766904398
2024.0,7.0,Asia,Model S,-0.9217308910485832,-0.8795841959729535,0.8987468772577646,75.0,440.0,415.47,Estimated (Region),9118.0,2024-07-01,1.0479166124955317,3,0.042146695075629736,0.835992211947462,-0.828402760001931
2015.0,1.0,Europe,Model Y,0.2319575414513511,0.250517440306964,-1.0918556026122934,120.0,718.0,1166.93,Official (Quarter),12301.0,2015-01-01,0.9259137454347647,1,0.018559898855612877,-0.9217308910485832,-0.253264141201831
2022.0,3.0,North America,Model Y,1.351086144255252,1.5367299174938496,-0.9405055141623896,75.0,420.0,960.06,Official (Quarter),5414.0,2022-03-01,0.8791955755365577,1,0.1856437732385976,0.2319575414513511,-1.2707039687804662
2023.0,9.0,North America,Cybertruck,1.6633951934936704,1.6874414360837349,1.2326178918598556,82.0,463.0,1143.7,Interpolated (Month),9284.0,2023-09-01,0.985749880217549,3,0.024046242590064493,1.351086144255252,2.0503306767339846
2016.0,4.0,Middle East,Model 3,0.1028664128808738,0.061071652920613,1.3196615391202438,120.0,712.0,1102.92,Estimated (Region),12671.0,2016-04-01,1.6843561286050301,2,-0.041794759960260795,1.6633951934936704,0.13574884874615237
2022.0,1.0,Europe,Model Y,-1.2551316010573743,-1.2291316277180298,-0.1940088331431892,60.0,331.0,247.41,Interpolated (Month),6835.0,2022-01-01,1.0211531236793698,1,0.025999973339344562,0.1028664128808738,0.24350661736228404
2016.0,4.0,North America,Cybertruck,0.054330181469533,-0.0980909788612282,1.0496123599296965,82.0,460.0,699.38,Official (Quarter),9480.0,2016-04-01,-0.5538754134199771,2,-0.1524211603307612,-1.2551316010573743,0.057025629987645196
2016.0,10.0,Europe,Model X,1.2006492385195775,0.9852947817187092,1.4297878293906747,75.0,437.0,960.11,Interpolated (Month),12951.0,2016-10-01,1.2185685551132348,4,-0.2153544568008683,0.054330181469533,1.7166736686024733
2021.0,11.0,North America,Model 3,0.0286644255923318,-0.0457410276999441,0.6543698755421132,82.0,478.0,719.51,Estimated (Region),5657.0,2021-11-01,-0.6266677211619981,4,-0.0744054532922759,1.2006492385195775,0.018757136607340325
2015.0,6.0,Europe,Model S,1.410803497038839,1.3219307905316302,0.3174490752439859,82.0,467.0,1083.95,Official (Quarter),8249.0,2015-06-01,1.0672294700628522,2,-0.0888727065072088,0.0286644255923318,0.44785826548596086
2021.0,11.0,Middle East,Cybertruck,0.2807478892575157,0.1725793964255903,-0.3832193071576582,120.0,711.0,1176.03,Official (Quarter),11693.0,2021-11-01,1.6267752412644667,4,-0.1081684928319254,1.410803497038839,-0.10758801160724012
2015.0,7.0,North America,Model 3,-1.0797912886289704,-1.012219722457821,-0.000814651118009,100.0,554.0,471.43,Estimated (Region),9445.0,2015-07-01,1.066755828474746,3,0.06757156617114934,0.2807478892575157,0.0008796531804979696
2019.0,3.0,Europe,Model S,-0.4655919623399086,-0.519707625882153,-0.1018348260466728,60.0,355.0,430.79,Estimated (Region),6658.0,2019-03-01,0.8958728699614743,1,-0.0541156635422444,-1.0797912886289704,0.047413476493613625
2022.0,3.0,Asia,Model X,1.226314994396779,1.030836891697584,-0.7215298077175389,60.0,334.0,738.87,Interpolated (Month),12734.0,2022-03-01,1.1896304878818231,1,-0.19547810269919497,-0.4655919623399086,-0.8848228221082428
2025.0,7.0,Europe,Model S,-0.6757462208591698,-0.6643155627222921,-0.9923727463208264,120.0,692.0,753.9,Official (Quarter),13024.0,2025-07-01,1.01720666920708,3,0.011430658136877714,1.226314994396779,0.670592133009934
2018.0,12.0,Middle East,Model Y,2.23973117695399,2.0264249763388658,-0.9982943804118588,120.0,662.0,1860.48,Estimated (Region),6864.0,2018-12-01,1.1052623231088001,4,-0.2133062006151243,-0.6757462208591698,-2.2359110475864066
2021.0,2.0,Asia,Model X,0.0929558734827467,0.1045009846014989,-1.243995971253966,60.0,330.0,509.26,Estimated (Region),12721.0,2021-02-01,0.8895215086941238,1,0.0115451111187522,2.23973117695399,-0.11563673211693028
2023.0,3.0,Middle East,Cybertruck,1.0342029999100055,1.0320106574186891,0.5185182254191009,75.0,431.0,904.58,Interpolated (Month),8901.0,2023-03-01,1.0021243409412068,1,-0.0021923424913163903,0.0929558734827467,0.5362531042364466
2024.0,3.0,Middle East,Model X,-0.4643213803657898,-0.5964719040424217,1.0998364057271328,60.0,340.0,412.84,Interpolated (Month),9965.0,2024-03-01,0.7784463563480214,1,-0.13215052367663188,1.0342029999100055,-0.5106775580837711
2021.0,1.0,Asia,Model Y,1.131783695522335,1.3235740625411772,-0.2026358100542231,82.0,487.0,1050.17,Estimated (Region),12008.0,2021-01-01,0.8550966111782087,1,0.1917903670188421,-0.4643213803657898,-0.22933990594833056
2015.0,6.0,Middle East,Model S,0.2370398693478266,0.3547478363410901,0.8683558820843389,100.0,559.0,910.19,Estimated (Region),5512.0,2015-06-01,0.6681925724838325,2,0.1177079669932635,1.131783695522335,0.2058349648366884
2019.0,7.0,Asia,Model Y,0.3694345110510129,0.2357279922210406,1.4788607500785902,75.0,443.0,755.94,Estimated (Region),7248.0,2019-07-01,1.5672067944505994,3,-0.13370651882997228,0.2370398693478266,0.5463421981178181
2018.0,2.0,North America,Cybertruck,-1.2706327011416247,-1.2157506984974324,0.113484219158651,60.0,350.0,258.4,Interpolated (Month),8141.0,2018-02-01,1.045142480865544,1,0.054882002644192296,0.3694345110510129,-0.14419675992650485
2023.0,12.0,Middle East,Model X,0.2075623675482688,0.1376011779366606,-1.1148925187181578,82.0,486.0,782.87,Interpolated (Month),7842.0,2023-12-01,1.508434525493758,4,-0.06996118961160819,-1.2706327011416247,-0.2314097307469934
2022.0,3.0,Middle East,Model Y,-1.7526915021223242,-1.7087323013615427,0.1862983496830836,100.0,583.0,264.54,Official (Quarter),6874.0,2022-03-01,1.0257262069229651,1,0.043959200760781414,0.2075623675482688,-0.3265235343489538
2025.0,4.0,Europe,Cybertruck,-0.1393065113861827,0.0204593589703791,-1.6752563451866862,82.0,489.0,687.58,Official (Quarter),7424.0,2025-04-01,-6.808938226650677,2,0.15976587035656178,-1.7526915021223242,0.2333741171255239
2021.0,10.0,North America,Model 3,-0.1296500883828793,-0.1140541926682566,-1.6567076241321916,75.0,429.0,605.66,Official (Quarter),12376.0,2021-10-01,1.1367410995576959,4,0.015595895714622707,-0.1393065113861827,0.21479228989332863
2025.0,10.0,Middle East,Model S,-0.4429756032005927,-0.5556248569479668,-0.738043184504551,75.0,448.0,549.63,Official (Quarter),9702.0,2025-10-01,0.797256633970349,4,-0.11264925374737411,-0.1296500883828793,0.3269351248439898
2018.0,11.0,Europe,Model X,1.210559777917705,1.4205271111044522,1.3526957481677764,60.0,348.0,766.61,Estimated (Region),12699.0,2018-11-01,0.8521905484623249,4,0.2099673331867471,-0.4429756032005927,1.6375190644922073
2020.0,10.0,Asia,Model 3,-1.2337858238921775,-1.2631708336300755,1.3536788766076002,60.0,331.0,251.58,Interpolated (Month),13964.0,2020-10-01,0.9767371055794156,4,-0.029385009737898038,1.210559777917705,-1.6701498080607453
2017.0,10.0,Asia,Model X,-0.18962155756129,-0.324627763034498,-1.0016090839331866,60.0,336.0,462.47,Official (Quarter),8629.0,2017-10-01,0.5841199649370071,4,-0.13500620547320796,-1.2337858238921775,0.1899266745629477
2025.0,3.0,North America,Model S,0.054330181469533,-0.0417502242481871,-0.305820557457828,60.0,356.0,541.26,Official (Quarter),9330.0,2025-03-01,-1.3013147222051664,1,-0.0960804057177201,-0.18962155756129,-0.01661528638379754
2019.0,8.0,Middle East,Model 3,1.4852596007222048,1.2796752245718492,-1.7050176013645313,75.0,413.0,976.77,Estimated (Region),10039.0,2019-08-01,1.160653556623431,3,-0.20558437615035552,0.054330181469533,-2.532393761827015
2022.0,8.0,Asia,Model S,-0.0089448008415866,-0.1091243766396155,0.8299731163426992,60.0,350.0,519.07,Estimated (Region),5955.0,2022-08-01,0.08196886082682431,3,-0.1001795757980289,1.4852596007222048,-0.0074239442295564294
2016.0,4.0,Europe,Cybertruck,-0.91614033036246,-0.850474806089549,-0.5257267069963848,100.0,583.0,552.42,Official (Quarter),12545.0,2016-04-01,1.077210428577936,2,0.06566552427291106,-0.0089448008415866,0.4816394390280362
2017.0,6.0,Asia,Model 3,-0.3199832681058861,-0.4654796495671009,-0.2264744380779013,60.0,332.0,431.42,Official (Quarter),11980.0,2017-06-01,0.6874269764606737,2,-0.1454963814612148,-0.91614033036246,0.07246803083861099
2016.0,12.0,North America,Model X,0.727992744147358,0.7716694204775948,1.1412928146800323,120.0,719.0,1379.08,Estimated (Region),6460.0,2016-12-01,0.9433997574982241,4,0.04367667633023675,-0.3199832681058861,0.8308528880345789
2019.0,7.0,Middle East,Model X,-0.8731946596372422,-0.9232482807980604,1.0433472770257626,82.0,455.0,442.67,Estimated (Region),12368.0,2019-07-01,0.9457853080240218,3,-0.05005362116081824,0.727992744147358,-0.9110452704459542
2015.0,3.0,Europe,Model S,0.5099608773885599,0.3052149229104581,1.494820433699797,120.0,685.0,1225.7,Official (Quarter),14599.0,2015-03-01,1.6708255039619042,1,-0.2047459544781018,-0.8731946596372422,0.7622999399078961
2018.0,9.0,Europe,Model Y,-1.142303921755619,-1.0608136233115693,-1.1475092212492837,120.0,663.0,539.72,Interpolated (Month),11609.0,2018-09-01,1.0768186763945011,3,0.08149029844404976,0.5099608773885599,1.310804283683793
2020.0,8.0,Middle East,Model S,1.0059960800845669,1.0097091087176937,1.4244188944023133,120.0,708.0,1474.16,Interpolated (Month),3789.0,2020-08-01,0.996322674915905,3,0.003713028633126836,-1.142303921755619,1.4329598241671198
2021.0,12.0,Asia,Model 3,-1.287404383199994,-1.3467429529727533,0.5897433460233528,60.0,356.0,259.31,Estimated (Region),3693.0,2021-12-01,0.9559392015812836,4,-0.05933856977275931,1.0059960800845669,-0.759238168633495
2017.0,4.0,Asia,Model X,-1.7882677973976526,-1.7810362697816122,-1.6042866988079492,120.0,667.0,288.64,Estimated (Region),12186.0,2017-04-01,1.004060292167395,2,0.007231527616040401,-1.287404383199994,2.8688942412716427
2015.0,5.0,Europe,Model X,1.5775038520432347,1.411841244768275,1.6162591624385758,75.0,412.0,996.83,Interpolated (Month),14638.0,2015-05-01,1.1173379853357024,2,-0.16566260727495963,-1.7882677973976526,2.5496550546470256
2017.0,11.0,Asia,Model S,-1.1034241133475815,-1.1180933905014945,1.0404818900411388,100.0,568.0,475.42,Estimated (Region),4044.0,2017-11-01,0.986880096708797,4,-0.014669277153912974,1.5775038520432347,-1.1480928069728593
2024.0,12.0,Asia,Model X,2.0750637531081844,1.921255567727856,-0.0792695928980343,100.0,573.0,1554.66,Estimated (Region),7661.0,2024-12-01,1.0800560778919315,4,-0.15380818538032837,-1.1034241133475815,-0.16448945894635292
2021.0,6.0,Middle East,Cybertruck,-1.0012693226284244,-1.0570575730040332,-0.3175519935372842,75.0,447.0,401.09,Interpolated (Month),7527.0,2021-06-01,0.9472230729901824,2,-0.05578825037560886,2.0750637531081844,0.31795506946838237
2025.0,8.0,Europe,Cybertruck,0.3844273783456155,0.2263378664522004,1.5183330090154246,60.0,338.0,579.75,Interpolated (Month),9247.0,2025-08-01,1.6984669174956706,3,-0.15808951189341514,-1.0012693226284244,0.5836887781114095
2022.0,7.0,North America,Cybertruck,-0.2094426363575444,-0.0715638735642547,1.101187337526648,75.0,449.0,612.75,Official (Quarter),13563.0,2022-07-01,2.9266531550935846,3,0.1378787627932897,0.3844273783456155,-0.23063557909512628
2020.0,5.0,Asia,Model Y,0.054330181469533,0.1815000159059885,0.1804636961163024,120.0,709.0,1077.96,Estimated (Region),6642.0,2020-05-01,0.2993398165743103,2,0.1271698344364555,-0.2094426363575444,0.009804625358661367
2018.0,5.0,North America,Model S,-1.1527226939433937,-1.2119946481898964,0.4652414117362253,75.0,417.0,336.89,Interpolated (Month),9941.0,2018-05-01,0.9510955313746435,2,-0.05927195424650278,0.054330181469533,-0.5362943334706092
2024.0,2.0,North America,Cybertruck,1.5358287632921357,1.4233441488351044,1.1489113145413172,100.0,580.0,1389.04,Estimated (Region),7669.0,2024-02-01,1.0790284026172385,1,-0.11248461445703128,-1.1527226939433937,1.764531043344333
2016.0,4.0,North America,Model S,-0.5469092086835163,-0.5150125629977329,-0.0066433403059847,82.0,491.0,572.26,Interpolated (Month),4637.0,2016-04-01,1.0619337235195248,2,0.03189664568578343,1.5358287632921357,0.003633303989761402
2021.0,9.0,Asia,Model S,0.8664861793263149,1.0956287595025815,-0.8559345989485758,82.0,468.0,935.91,Official (Quarter),9242.0,2021-09-01,0.7908574613536997,3,0.22914258017626665,-0.5469092086835163,-0.7416555003961531
2017.0,4.0,North America,Model Y,1.0438594229133091,1.11628703619403,-0.8986042619568904,82.0,458.0,963.86,Interpolated (Month),14018.0,2017-04-01,0.9351173928099513,2,0.07242761328072089,0.8664861793263149,-0.9380165263137596
2023.0,3.0,North America,Model Y,-0.9423143190293088,-0.8291122699654374,-0.7564393168679305,120.0,717.0,668.32,Interpolated (Month),3642.0,2023-03-01,1.1365340414858296,1,0.11320204906387143,1.0438594229133091,0.7128035997613995
2024.0,10.0,North America,Cybertruck,1.3996223756665929,1.2052584778537907,1.0133996340102358,120.0,663.0,1534.51,Estimated (Region),5328.0,2024-10-01,1.161263248825187,4,-0.19436389781280217,-0.9423143190293088,1.418376803253062
2017.0,1.0,Asia,Cybertruck,-0.0064036368933489,-0.0790759741793268,-1.269386331830289,75.0,436.0,647.26,Estimated (Region),3651.0,2017-01-01,0.0809808157257332,1,-0.0726723372859779,1.3996223756665929,0.008128689146421267
2016.0,7.0,Europe,Model S,1.3030581456335588,1.3719332102507042,-1.509365101208224,100.0,578.0,1304.83,Estimated (Region),9737.0,2016-07-01,0.9497970716777391,3,0.06887506461714543,-0.0064036368933489,-1.9667904898643973
2024.0,12.0,Europe,Cybertruck,-0.218844942966024,-0.3053780052083756,-0.8179762981652825,82.0,459.0,623.85,Interpolated (Month),12180.0,2024-12-01,0.7166362319273599,4,-0.0865330622423516,1.3030581456335588,0.1790099763195407
2022.0,3.0,Asia,Model S,1.948767904880769,1.945904647871061,1.2992444764048303,120.0,677.0,1786.37,Interpolated (Month),4034.0,2022-03-01,1.001471427190865,1,-0.002863257009707798,-0.218844942966024,2.5319259362113526
2016.0,2.0,Asia,Model Y,-1.051076136013884,-0.9664428593347252,-1.118661509091861,60.0,350.0,303.76,Estimated (Region),13057.0,2016-02-01,1.087571940608489,1,0.08463327667915888,1.948767904880769,1.1757984164837336
2018.0,4.0,Europe,Model Y,0.252286853037253,0.3289249904767796,1.3972128775111896,100.0,589.0,964.34,Interpolated (Month),11116.0,2018-04-01,0.767004211724871,2,0.07663813743952658,-1.051076136013884,0.3524984398904229
2015.0,4.0,Asia,Model 3,0.3320794010119181,0.4312773613571377,1.0721512504052753,82.0,491.0,827.02,Official (Quarter),7951.0,2015-04-01,0.7699903374638891,2,0.0991979603452196,0.252286853037253,0.3560393450287628
2020.0,10.0,Europe,Model S,-1.215235327070042,-1.1788944548547349,-1.6534764219141458,120.0,685.0,528.13,Estimated (Region),13500.0,2020-10-01,1.03082623051254,4,0.03634087221530713,0.3320794010119181,2.0093629603874397
2023.0,6.0,North America,Model S,-0.1677675476064454,-0.2107724880873106,-0.7234428822195013,100.0,580.0,805.79,Estimated (Region),13833.0,2023-06-01,0.795965114464793,2,-0.0430049404808652,-1.215235327070042,0.12137023818330425
2015.0,4.0,North America,Model Y,0.8070229429375518,0.6531190826459873,-0.2255390246685241,60.0,341.0,669.96,Interpolated (Month),10390.0,2015-04-01,1.2356444090839491,2,-0.15390386029156455,-0.1677675476064454,-0.18201516743525742
2016.0,8.0,Asia,Cybertruck,-0.2770375973806683,-0.1220357995717707,0.9509968237229068,75.0,413.0,547.14,Interpolated (Month),3782.0,2016-08-01,2.270133832472161,3,0.1550017978088976,0.8070229429375518,-0.2634618751608411
2025.0,10.0,Middle East,Model 3,0.8868154909122168,0.8608756152815766,-0.6382203586211536,100.0,597.0,1201.04,Official (Quarter),13194.0,2025-10-01,1.03013196699985,4,-0.025939875630640152,-0.2770375973806683,-0.5659837006407893
2016.0,6.0,North America,Model Y,0.5651041350653189,0.4629690358269734,-1.6621327236876409,75.0,415.0,756.09,Official (Quarter),14614.0,2016-06-01,1.2206089205424024,2,-0.10213509923834546,0.8868154909122168,-0.9392780751832669
2021.0,5.0,Asia,Model X,-0.9214767746537592,-0.8666727730407983,-1.6265407901955518,120.0,712.0,672.41,Estimated (Region),4663.0,2021-05-01,1.0632349409347155,2,0.05480400161296095,0.5651041350653189,1.498819561192174
2021.0,5.0,Middle East,Model Y,1.4329116233885073,1.354091971289908,-0.0439033117374312,100.0,565.0,1318.79,Official (Quarter),4702.0,2021-05-01,1.058208492310545,2,-0.07881965209859931,-0.9214767746537592,-0.06290956569381424
2017.0,2.0,North America,Model S,-2.45938919612724,-2.438814579888868,0.7138695244457153,75.0,412.0,15.08,Interpolated (Month),5003.0,2017-02-01,1.008436318368783,1,0.0205746162383722,1.4329116233885073,-1.7556829958662827
2022.0,10.0,North America,Cybertruck,1.5876685078361856,1.3451713518095096,-1.000339665310684,60.0,345.0,836.8,Official (Quarter),3240.0,2022-10-01,1.1802723167576172,4,-0.242497156026676,-2.45938919612724,-1.588207783753163
2021.0,2.0,Europe,Model S,-0.2577247513740615,-0.3877763588299482,1.3305544829459173,82.0,461.0,615.99,Interpolated (Month),10115.0,2021-02-01,0.664622134654376,1,-0.13005160745588673,1.5876685078361856,-0.34291682330687945
2025.0,12.0,North America,Model 3,0.5529065481137777,0.4627342826827523,-1.306171638115107,120.0,708.0,1284.81,Official (Quarter),3110.0,2025-12-01,1.1948683484358278,4,-0.09017226543102541,-0.2577247513740615,-0.7221908516743423
2023.0,2.0,Europe,Model Y,-0.6089136090205172,-0.5990541886288526,-0.5847715720160436,75.0,444.0,501.23,Estimated (Region),8685.0,2023-02-01,1.016458311416253,1,0.009859420391664542,0.5529065481137777,0.35607536836889037
2017.0,10.0,Middle East,Model X,0.2040047380207359,0.3427754259858189,-1.1959857040566186,60.0,332.0,534.1,Estimated (Region),8814.0,2017-10-01,0.5951556691499112,4,0.138770687965083,-0.6089136090205172,-0.24398675023261587
2023.0,10.0,Asia,Model 3,-0.2572165185844139,-0.180489332482801,1.707104107124532,60.0,338.0,451.74,Official (Quarter),13499.0,2023-10-01,1.4251064871599783,4,0.07672718610161292,0.2040047380207359,-0.4390953752957265
2023.0,8.0,Middle East,Model Y,-0.78349157226445,-0.6950682246152436,-0.2727222313381327,75.0,434.0,445.22,Interpolated (Month),13475.0,2023-08-01,1.1272153502602615,3,0.08842334764920634,-0.2572165185844139,0.21367556982258265
2024.0,4.0,Europe,Model 3,0.8143923183874412,0.9965629326413176,-1.4222985904957466,60.0,333.0,655.69,Official (Quarter),8946.0,2024-04-01,0.8172010935917048,2,0.18217061425387637,-0.78349157226445,-1.1583090465530208
2025.0,1.0,North America,Cybertruck,-2.01163610844775,-1.971655822889068,0.9037962209484476,120.0,679.0,204.31,Official (Quarter),4236.0,2025-01-01,1.0202775175537986,1,0.03998028555868216,0.8143923183874412,-1.818109112738518
2020.0,2.0,Europe,Model S,0.3135289041897826,0.4894961411239469,0.9330316177282476,100.0,563.0,942.12,Official (Quarter),10089.0,2020-02-01,0.6405135359594039,1,0.17596723693416433,-2.01163610844775,0.2925323806807576
2016.0,2.0,Asia,Model X,0.64260963548657,0.8465556734840953,-1.4083036726594864,120.0,700.0,1307.35,Interpolated (Month),8325.0,2016-02-01,0.7590872704707508,1,0.2039460379975253,0.3135289041897826,-0.9049895097421103
2022.0,5.0,Europe,Model S,-1.9590340147192289,-1.959448659389576,0.1479076314363694,120.0,661.0,219.42,Estimated (Region),3957.0,2022-05-01,0.9997883870708426,2,-0.0004146446703470197,0.64260963548657,-0.2897560810204028
2015.0,11.0,Europe,Model S,0.2576232973285522,0.3683635187059084,-1.4239243807518966,75.0,428.0,702.09,Interpolated (Month),13549.0,2015-11-01,0.6993724520647545,4,0.11074022137735617,-1.9590340147192289,-0.36683609411582047
2018.0,1.0,Asia,Model Y,-2.183927024138269,-2.151241978218137,-0.3968578533602712,82.0,469.0,93.42,Interpolated (Month),6639.0,2018-01-01,1.015193570156717,1,0.032685045920131994,0.2576232973285522,0.8667085906949985
2015.0,8.0,Asia,Model X,1.9327585720068707,1.8750091983163175,0.8272473952284454,100.0,596.0,1567.0,Interpolated (Month),14106.0,2015-08-01,1.030799514872999,3,-0.05774937369055322,-2.183927024138269,1.5988694942981334
2017.0,3.0,Europe,Model 3,-0.8292325233327293,-0.90681556070259,1.5978595508542266,60.0,345.0,344.6,Estimated (Region),5902.0,2017-03-01,0.9144445235260958,1,-0.07758303736986061,1.9327585720068707,-1.324997107286152
2017.0,4.0,Middle East,Model X,-0.6691391945937517,-0.6953029777594647,1.4030440518570004,82.0,484.0,529.18,Interpolated (Month),14818.0,2017-04-01,0.9623706729258907,2,-0.026163783165712995,-0.8292325233327293,-0.9388317668391473
2021.0,4.0,Europe,Model X,-0.3499690026950914,-0.3340178888033381,-1.563480407144883,120.0,660.0,845.95,Interpolated (Month),5937.0,2021-04-01,1.047755268284882,2,0.0159511138917533,-0.6691391945937517,0.5471696788218101
2022.0,9.0,Europe,Model S,0.1104899047255871,0.1317323493311355,-0.1673291726816779,82.0,462.0,717.74,Interpolated (Month),6576.0,2022-09-01,0.8387454204422387,3,0.021242444605548402,-0.3499690026950914,-0.018488184347409904
2016.0,7.0,Middle East,Model X,-2.1430142845716413,-2.1291751826613625,0.8031155185801478,100.0,588.0,131.33,Estimated (Region),4906.0,2016-07-01,1.0064997478943845,3,0.013839101910278817,0.1104899047255871,-1.7210880284784182
2025.0,9.0,Middle East,Model Y,0.6690377405482425,0.5763548044857187,-1.660588446608504,60.0,358.0,674.2,Official (Quarter),5036.0,2025-09-01,1.1608088200899527,3,-0.09268293606252376,-2.1430142845716413,-1.1109963422994693
2017.0,3.0,Middle East,Model S,0.0390831977801066,-0.0485580654305962,0.4938366318575349,75.0,437.0,660.48,Estimated (Region),4952.0,2017-03-01,-0.8048755121014451,1,-0.0876412632107028,0.6690377405482425,0.019300714753949726
2020.0,7.0,Middle East,Model 3,-0.8508324168927501,-0.8415541866091507,1.2767652297173089,75.0,421.0,415.15,Official (Quarter),3942.0,2020-07-01,1.0110251133334431,3,0.00927823028359942,0.0390831977801066,-1.0863132462050051
2023.0,9.0,Asia,Model Y,-1.6114027866003058,-1.6542695719022695,1.5655793386940615,100.0,582.0,312.62,Estimated (Region),13523.0,2023-09-01,0.9740871826272725,3,-0.04286678530196375,-0.8508324168927501,-2.5227789090154746
2024.0,11.0,North America,Model 3,1.0123489899551612,0.8517202426569574,-0.8845019853021258,100.0,591.0,1232.77,Official (Quarter),10372.0,2024-11-01,1.1885933188544624,4,-0.16062874729820376,-1.6114027866003058,-0.8954246914339419
2019.0,9.0,North America,Model Y,-2.183672907743445,-2.155937041102557,0.3046375895691109,75.0,430.0,85.72,Estimated (Region),5307.0,2019-09-01,1.0128648778290406,3,0.027735866640887785,1.0123489899551612,-0.6652288510223345
2016.0,8.0,Europe,Model 3,-1.6220756751829044,-1.6566171033444796,-1.20878376987918,120.0,673.0,357.26,Official (Quarter),6011.0,2016-08-01,0.9791494195660295,3,-0.03454142816157524,-2.183672907743445,1.9607387496769073
2015.0,10.0,Middle East,Model Y,1.4903419286186803,1.3815580891637655,0.4426095763575881,82.0,487.0,1153.24,Estimated (Region),10390.0,2015-10-01,1.0787399678002392,4,-0.10878383945491477,-1.6220756751829044,0.6596396096538648
2017.0,5.0,North America,Model 3,-1.5082315303018536,-1.4934636681108813,0.0355377406718206,120.0,682.0,407.87,Official (Quarter),14195.0,2017-05-01,1.0098883304001982,2,0.01476786219097237,1.4903419286186803,-0.0535991409969304
2017.0,11.0,Europe,Model S,1.7518276988923438,1.6869719297952928,-0.5930093732099976,75.0,429.0,1082.11,Estimated (Region),12149.0,2017-11-01,1.0384450789912794,4,-0.06485576909705104,-1.5082315303018536,-1.0388502456920612
2023.0,2.0,Europe,Model X,0.1115063703048822,-0.0626432540838565,0.1632872792187109,82.0,479.0,744.44,Estimated (Region),12484.0,2023-02-01,-1.7800219981486878,1,-0.1741496243887387,1.7518276988923438,0.018207571822638272
2017.0,6.0,Asia,Model S,1.1625317792960117,0.9977366983624224,0.6046334177120514,60.0,359.0,780.66,Interpolated (Month),4222.0,2017-06-01,1.165168907993528,2,-0.1647950809335893,0.1115063703048822,0.7029055629146198
2017.0,2.0,Middle East,Cybertruck,0.2675338367266794,0.1002754280055208,-0.9409235177103636,120.0,674.0,1109.57,Interpolated (Month),8808.0,2017-02-01,2.667989975689258,1,-0.1672584087211586,1.1625317792960117,-0.25172887875941724
2016.0,4.0,Europe,Model Y,0.5673911826187329,0.4378504493953258,0.1292580129737434,100.0,554.0,1010.08,Estimated (Region),8404.0,2016-04-01,1.2958561157178294,2,-0.1295407332234071,0.2675338367266794,0.07333985684411978
2017.0,7.0,North America,Cybertruck,0.0454361076507009,-0.1102981423607205,-0.0263744994587301,82.0,489.0,740.91,Interpolated (Month),4264.0,2017-07-01,-0.4119390107415051,3,-0.15573425001142138,0.5673911826187329,-0.0011983545966402136
2024.0,7.0,North America,Model S,-0.3682653831224032,-0.232604530499864,-0.632282322488405,82.0,477.0,606.24,Estimated (Region),3960.0,2024-07-01,1.583225323818955,3,0.1356608526225392,0.0454361076507009,0.23284769173271536
2023.0,8.0,Asia,Model X,-0.4239168735888097,-0.3861330868204012,-1.2030768534251566,75.0,414.0,512.57,Interpolated (Month),5591.0,2023-08-01,1.097851720191962,3,0.03778378676840849,-0.3682653831224032,0.5100045783910551
2016.0,10.0,Europe,Cybertruck,1.037252396647891,1.167463221634209,0.3592196081473245,82.0,487.0,1022.99,Estimated (Region),8320.0,2016-10-01,0.888466871955033,4,0.13021082498631786,-0.4239168735888097,0.3726013994737286
2015.0,3.0,Middle East,Cybertruck,-0.3204915008955337,-0.2671132427003518,-0.7610532609057898,100.0,597.0,775.59,Estimated (Region),11854.0,2015-03-01,1.1998338145108804,1,0.05337825819518188,1.037252396647891,0.24391110184913678
2017.0,6.0,North America,Model Y,-1.0007610898387769,-1.0810023937145756,1.5752068401497696,100.0,564.0,506.25,Interpolated (Month),4104.0,2017-06-01,0.9257713911251658,2,-0.08024130387579875,-0.3204915008955337,-1.5764057140697794
2017.0,3.0,Middle East,Model Y,0.9165471091065984,1.021681519072965,-1.4030898115200767,82.0,468.0,949.74,Official (Quarter),3350.0,2017-03-01,0.8970966901096915,1,0.10513440996636647,-1.0007610898387769,-1.2859979105656483
2015.0,11.0,Europe,Model X,0.705630501402866,0.9010184029433684,0.5252594645643651,82.0,475.0,904.8,Official (Quarter),9152.0,2015-11-01,0.7831477127412423,4,0.19538790154050245,0.9165471091065984,0.3706390993471539
2017.0,1.0,Asia,Model 3,0.3015854336330652,0.303102144612469,-0.1716180580746211,75.0,434.0,723.2,Official (Quarter),10497.0,2017-01-01,0.9949960400928771,1,0.001516710979403757,0.705630501402866,-0.05175750646369918
2016.0,2.0,Asia,Model S,0.9511069388026316,0.925197976798132,0.0588674083707371,120.0,689.0,1412.28,Estimated (Region),11002.0,2016-02-01,1.0280036950514784,1,-0.025908962004499658,0.3015854336330652,0.055989200570736176
2018.0,4.0,Europe,Model S,1.9624901902012524,2.240285090724201,-1.559594117321332,100.0,594.0,1572.17,Official (Quarter),9922.0,2018-04-01,0.8760002011917385,2,0.27779490052294875,0.9511069388026316,-3.060688155938695
2020.0,5.0,Europe,Cybertruck,-0.7951809264263436,-0.6962419903363487,-0.5929328303486567,75.0,416.0,423.88,Official (Quarter),13440.0,2020-05-01,1.1421042359743319,2,0.09893893608999493,1.9624901902012524,0.4714888773452389
2025.0,9.0,North America,Cybertruck,0.9849044193141936,0.978017434247858,1.555426474871876,82.0,481.0,995.53,Estimated (Region),11766.0,2025-09-01,1.0070417814909731,3,-0.00688698506633556,-0.7951809264263436,1.5319464090196082
2018.0,4.0,Asia,Model X,-0.8731946596372422,-0.9575222398543272,1.1580308497353968,75.0,446.0,433.91,Estimated (Region),10797.0,2018-04-01,0.9119314657068287,2,-0.08432758021708497,0.9849044193141936,-1.0111863536841261
2024.0,4.0,North America,Model Y,-1.5354219845479975,-1.522103551705844,-0.791517816751153,75.0,448.0,260.74,Interpolated (Month),8566.0,2024-04-01,1.0087500175840383,2,0.013318432842153394,-0.8731946596372422,1.2153138570011535
2020.0,9.0,North America,Model S,-0.8045832330348233,-0.6906079148750446,-1.2737502689898712,120.0,706.0,715.46,Interpolated (Month),6177.0,2020-09-01,1.1650362176639706,3,0.11397531815977868,-1.5354219845479975,1.0248381095028463
2024.0,1.0,Europe,Model 3,1.647131744224949,1.512315590494865,-0.0599852651241568,100.0,552.0,1358.25,Official (Quarter),12810.0,2024-01-01,1.089145516040054,1,-0.13481615373008382,-0.8045832330348233,-0.09880363437174838
2015.0,5.0,North America,Model Y,-1.410904951084348,-1.4178731556717177,-1.4444875707480522,120.0,706.0,462.78,Official (Quarter),9700.0,2015-05-01,0.9950854527716421,2,-0.006968204587369575,1.647131744224949,2.0380346653482295
2023.0,9.0,North America,Model S,-1.330095937530388,-1.2519026827074673,-1.045756918822207,75.0,413.0,290.42,Estimated (Region),3243.0,2023-09-01,1.062459531322206,3,0.07819325482292072,-1.410904951084348,1.390957029369713
2022.0,10.0,Europe,Model X,0.548078336612126,0.6679085307319106,-1.0391299969373873,60.0,333.0,603.35,Official (Quarter),11109.0,2022-10-01,0.8205889150892088,4,0.11983019411978457,-1.330095937530388,-0.5695246402452068
2015.0,2.0,North America,Model S,-0.8020420690865855,-0.6917816805961496,1.0766245345096308,100.0,581.0,589.66,Interpolated (Month),13457.0,2015-02-01,1.1593861063152437,1,0.11026038849043585,0.548078336612126,-0.8634981692874862
2021.0,1.0,North America,Model 3,-1.378632168941729,-1.4279675408732209,0.772178285714424,60.0,345.0,232.72,Official (Quarter),13729.0,2021-01-01,0.965450634892357,1,-0.049335371931491956,-0.8020420690865855,-1.0645498248441825
2024.0,1.0,North America,Cybertruck,-0.2925386974649185,-0.1591267963586895,-0.1689231529175303,120.0,704.0,926.22,Official (Quarter),8603.0,2024-01-01,1.8383999688242558,1,0.133411901106229,-1.378632168941729,0.04941655912616156
2021.0,4.0,Europe,Model S,1.930471524453457,1.7771171371761587,1.059272665468836,60.0,331.0,869.82,Official (Quarter),14905.0,2021-04-01,1.0862939105527836,2,-0.15335438727729822,-0.2925386974649185,2.0448957173195006
2019.0,1.0,Asia,Model Y,0.2215387692635763,0.0495687488537837,-0.2114546411501763,75.0,444.0,718.88,Estimated (Region),6148.0,2019-01-01,4.469323402070612,1,-0.1719700204097926,1.930471524453457,-0.04684540095548123
2018.0,9.0,North America,Model Y,0.2357692873737077,0.1014491937266258,0.666780753773865,75.0,447.0,727.49,Interpolated (Month),11190.0,2018-09-01,2.3240134170906575,3,-0.13432009364708192,0.2215387692635763,0.1572064231517678
2024.0,2.0,North America,Model S,-1.7537079677016194,-1.6960556315736084,1.289621448233227,120.0,674.0,305.42,Interpolated (Month),3974.0,2024-02-01,1.0339920077235443,1,0.05765233612801102,0.2357692873737077,-2.2616194090855117
2023.0,2.0,Asia,Model X,-1.0480267392759988,-1.1321785791547547,-0.3332631613749152,82.0,489.0,425.28,Official (Quarter),3141.0,2023-02-01,0.9256726443794928,1,-0.08415183987875596,-1.7537079677016194,0.3492687043365633
2018.0,9.0,Europe,Model 3,1.231905555082902,1.356674255876339,1.0899355369094923,82.0,489.0,1083.38,Estimated (Region),6755.0,2018-09-01,0.9080334131402508,3,0.12476870079343705,-1.0480267392759988,1.3426976426010688
2020.0,2.0,Asia,Cybertruck,-1.0271891949004492,-1.0119849693136005,-1.2935863018032858,120.0,695.0,612.99,Official (Quarter),8789.0,2020-02-01,1.0150241614726365,1,0.015204225586848752,1.231905555082902,1.3287578718835666
2025.0,8.0,North America,Model 3,0.6868258881859066,0.6603964301168385,-0.6612905758420173,120.0,696.0,1318.05,Estimated (Region),5221.0,2025-08-01,1.0400205949998733,3,-0.026429458069068157,-1.0271891949004492,-0.4541914871016632
2022.0,6.0,North America,Cybertruck,-0.6208570795772346,-0.7326287276906045,1.3045602290155065,75.0,415.0,465.57,Official (Quarter),5960.0,2022-06-01,0.847437530240321,2,-0.11177164811336993,0.6868258881859066,-0.8099454539191757
2020.0,11.0,Europe,Model S,1.4852596007222048,1.4925963263803008,-0.3336250003558008,60.0,347.0,820.67,Official (Quarter),4070.0,2020-11-01,0.995084588157946,4,0.007336725658096066,-0.6208570795772346,-0.4955197348194021
2024.0,11.0,North America,Model X,-0.1159278030623955,-0.2389428653938312,-1.7138250007344409,82.0,471.0,668.77,Estimated (Region),14979.0,2024-11-01,0.48516955244225685,4,-0.12301506233143569,1.4852596007222048,0.1986799671685521
2016.0,11.0,Middle East,Model Y,-0.0071659860778202,0.060836899776392,-1.2459900619013746,75.0,430.0,638.16,Interpolated (Month),3330.0,2016-11-01,-0.11779012579797811,4,0.0680028858542122,-0.1159278030623955,0.00892874743668758
2023.0,2.0,North America,Model S,-0.1860639280337572,-0.1401117916767881,-0.6869741850429584,75.0,413.0,569.32,Official (Quarter),13663.0,2023-02-01,1.327967659302881,1,0.0459521363569691,-0.0071659860778202,0.127821115326882
2015.0,4.0,Middle East,Model Y,0.0073186484271348,-0.1455111139938712,0.176927316516026,60.0,343.0,511.98,Estimated (Region),13652.0,2015-04-01,-0.05029614732688429,2,-0.15282976242100602,-0.1860639280337572,0.0012948688267371946
2025.0,9.0,Europe,Model 3,-0.8676040989511192,-0.8795841959729535,-0.8882679934864256,75.0,417.0,407.08,Estimated (Region),13288.0,2025-09-01,0.9863798177858546,3,-0.011980097021834224,0.0073186484271348,0.7706649521159089
2018.0,10.0,Europe,Model 3,1.2931476062354317,1.2026761932673595,-0.1895927076690564,75.0,437.0,983.97,Official (Quarter),9106.0,2018-10-01,1.0752250800959855,4,-0.09047141296807215,-0.8676040989511192,-0.24517135608193424
2023.0,10.0,Middle East,Model 3,1.477127876087844,1.2022066869789176,0.7785974484041741,100.0,591.0,1394.91,Estimated (Region),7789.0,2023-10-01,1.228680469079563,4,-0.27492118910892627,1.2931476062354317,1.1500879952886722
2022.0,9.0,Asia,Model 3,-2.028407790506119,-2.0134418825604072,0.0006078532271765,75.0,420.0,122.22,Official (Quarter),6262.0,2022-09-01,1.007432997234904,3,0.01496590794571162,1.477127876087844,-0.0012329742214890983
2024.0,11.0,Asia,Cybertruck,0.3465640355168732,0.2279811384617475,1.2708923047198577,60.0,339.0,573.89,Estimated (Region),14874.0,2024-11-01,1.5201434550912312,4,-0.1185828970551257,-2.028407790506119,0.4404455658310536
2016.0,8.0,North America,Model S,-0.2104591019368395,-0.279789912488286,0.907109433375074,120.0,686.0,935.77,Official (Quarter),12320.0,2016-08-01,0.7522040378980812,3,-0.06933081055144649,0.3465640355168732,-0.19090943670655341
2021.0,9.0,Asia,Cybertruck,0.9711821339937098,0.7690871358911637,0.0528826512706762,60.0,336.0,692.7,Official (Quarter),5174.0,2021-09-01,1.2627725633043811,3,-0.20209499810254605,-0.2104591019368395,0.05135868611230048
2021.0,11.0,North America,Model X,-0.07044096838894,-0.1391727790999041,1.0796072209441023,120.0,708.0,1024.3,Estimated (Region),8484.0,2021-11-01,0.50614041657079,4,-0.06873181071096411,0.9711821339937098,-0.07604857812299487
2017.0,12.0,Middle East,Model S,-1.6375767752671546,-1.574453502867128,1.108937550753228,82.0,482.0,251.46,Estimated (Region),3667.0,2017-12-01,1.0400921794674007,4,0.06312327240002658,-0.07044096838894,-1.8159703783351278
2021.0,7.0,North America,Model X,0.1511485278973909,0.1756311873004634,-0.6447294840245578,120.0,677.0,1068.0,Official (Quarter),11800.0,2021-07-01,0.8606018681568868,3,0.02448265940307251,-1.6375767752671546,-0.0974499124023563
2017.0,11.0,Europe,Model 3,-0.2277390167848561,-0.0802497399004319,-1.124431051523345,75.0,433.0,586.24,Official (Quarter),9951.0,2017-11-01,2.8378785659295382,4,0.1474892768844242,0.1511485278973909,0.2560768221162885
2024.0,5.0,Middle East,Model X,0.3338582157756845,0.5265871379108658,-0.3501249572905002,82.0,464.0,782.03,Official (Quarter),10493.0,2024-05-01,0.6340037417172842,2,0.19272892213518128,-0.2277390167848561,-0.11689209353954412
2016.0,4.0,Europe,Model S,-0.7629081442837243,-0.662672290712745,0.5295413915153674,82.0,472.0,489.94,Estimated (Region),6892.0,2016-04-01,1.1512600647043343,2,0.1002358535709793,0.3338582157756845,-0.4039914403224101
2015.0,11.0,Europe,Cybertruck,-0.5199728708321963,-0.6366146917042135,1.6367169817424951,100.0,594.0,701.75,Interpolated (Month),14133.0,2015-11-01,0.8167779939860205,4,-0.11664182087201713,-0.7629081442837243,-0.8510484277364527
2022.0,10.0,North America,Model X,-0.1553158442600805,-0.1396422853883461,1.727374545527636,100.0,569.0,794.69,Interpolated (Month),10384.0,2022-10-01,1.1122407788453628,4,0.015673558871734383,-0.5199728708321963,-0.26828863589199764
2025.0,11.0,Middle East,Model X,-0.8805640350871317,-0.8171398596101662,0.6775767764439434,100.0,562.0,544.33,Official (Quarter),6034.0,2025-11-01,1.0776172826855164,4,0.06342417547696544,-0.1553158442600805,-0.5966497403468102
2019.0,12.0,Asia,Model X,1.1343248594705728,1.1892952640467624,0.5734243085790969,100.0,591.0,1275.32,Interpolated (Month),5585.0,2019-12-01,0.9537790099414469,4,0.054970404576189624,-0.8805640350871317,0.6504494482459945
2018.0,9.0,Europe,Model S,-2.1010850794257183,-2.0664960931543543,1.2620585626768888,60.0,334.0,82.87,Estimated (Region),14428.0,2018-09-01,1.016737987739704,3,0.034588986271363975,1.1343248594705728,-2.651692415401879
2020.0,4.0,Europe,Model Y,-0.4549190737573101,-0.520646638459037,-0.6196795900717337,120.0,668.0,814.83,Official (Quarter),6554.0,2020-04-01,0.8737578237396069,2,-0.06572756470172691,-2.1010850794257183,0.2819040651417427
2022.0,1.0,Europe,Cybertruck,-0.5446221611301024,-0.4535072392118296,0.6646191634883266,75.0,439.0,512.25,Official (Quarter),11377.0,2022-01-01,1.2009117254150683,1,0.0911149219182728,-0.4549190737573101,-0.36196632514749333
2024.0,4.0,North America,Model S,-0.6078971434412221,-0.5816824559564984,1.1633843767451766,120.0,701.0,791.78,Interpolated (Month),3253.0,2024-04-01,1.045067007292866,2,0.026214687484723775,-0.5446221611301024,-0.7072180393475395
2020.0,5.0,Europe,Model 3,-0.5281045954665571,-0.6598552529820929,-0.1708054114623295,100.0,591.0,695.37,Estimated (Region),9867.0,2020-05-01,0.8003340021616661,2,-0.13175065751553583,-0.6078971434412221,0.09020312272381235
2015.0,10.0,Asia,Model 3,0.650487243726107,0.783172324544424,0.5570481125046174,60.0,350.0,655.3,Official (Quarter),13190.0,2015-10-01,0.8305799673200905,4,0.13268508081831698,-0.5281045954665571,0.36235269132595893
2020.0,8.0,Asia,Model S,1.2252985288174838,1.120512592790008,-1.436507728937449,120.0,665.0,1470.71,Interpolated (Month),14078.0,2020-08-01,1.093516071752987,3,-0.10478593602747588,0.650487243726107,-1.760150806902001
2017.0,1.0,North America,Model Y,0.5442665906897695,0.6101592572535435,0.9304818457887646,82.0,485.0,877.66,Official (Quarter),10363.0,2017-01-01,0.8920074295678625,1,0.06589266656377402,1.2252985288174838,0.5064301819061747
2018.0,10.0,Middle East,Model S,-0.0678998044407022,-0.133773456782821,-0.6202581348158971,60.0,334.0,483.72,Interpolated (Month),12397.0,2018-10-01,0.5075730722196737,4,-0.06587365234211878,0.5442665906897695,0.042115406056754116
2016.0,2.0,Middle East,Model X,-1.142303921755619,-1.0366340494568058,-1.5672648054971678,82.0,491.0,399.7,Official (Quarter),7882.0,2016-02-01,1.1019355599540495,1,0.1056698722988132,-0.0678998044407022,1.7902927337489722
2019.0,2.0,Europe,Model Y,0.893422517177635,0.8366960414268131,1.1512379193071494,75.0,417.0,840.55,Estimated (Region),14224.0,2019-02-01,1.0677981882812384,1,-0.0567264757508219,-1.142303921755619,1.0285418797377364
2020.0,2.0,Europe,Model 3,0.2238258168169903,0.3697720375712344,0.0574627971619697,60.0,353.0,572.02,Interpolated (Month),9745.0,2020-02-01,0.6053075789265746,1,0.1459462207542441,0.893422517177635,0.012861657511366899
2020.0,4.0,North America,Model Y,0.442365916365436,0.4054545154928272,-1.253489274186543,60.0,349.0,610.56,Interpolated (Month),9296.0,2020-04-01,1.091037094081301,2,-0.0369114008726088,0.2238258168169903,-0.5545009314297754
2017.0,5.0,Asia,Model 3,-0.5151446593305445,-0.6044535109459358,-0.6571845980657859,100.0,564.0,667.92,Estimated (Region),13456.0,2017-05-01,0.8522486014257277,2,-0.08930885161539126,0.442365916365436,0.3385451358878801
2019.0,2.0,Asia,Model Y,-0.7720563344973802,-0.6488218552037057,-0.4226368926221058,100.0,590.0,609.23,Official (Quarter),8214.0,2019-02-01,1.1899357709751985,1,0.12323447929367448,-0.5151446593305445,0.32629949014118587
2017.0,6.0,Europe,Model S,1.3820883444237524,1.2402366963427205,0.6170398226596983,100.0,585.0,1347.93,Interpolated (Month),10320.0,2017-06-01,1.1143746580788425,2,-0.1418516480810319,-0.7720563344973802,0.8528035469432681
2020.0,2.0,North America,Model S,0.7607737590796249,0.6230706801856987,1.3036113957538158,75.0,414.0,802.08,Interpolated (Month),13663.0,2020-02-01,1.22100715580596,1,-0.1377030788939262,1.3820883444237524,0.991753341926667
2025.0,12.0,Asia,Model Y,1.249693702720566,1.3909482149326056,-0.6590345495587207,120.0,698.0,1553.75,Official (Quarter),13586.0,2025-12-01,0.8984473248568181,4,0.14125451221203966,0.7607737590796249,-0.8235913264588179
2023.0,5.0,Europe,Cybertruck,1.709898493746421,1.4763983594290515,1.598962463901734,60.0,332.0,829.22,Interpolated (Month),5772.0,2023-05-01,1.1581552382702918,2,-0.2335001343173695,1.249693702720566,2.734063508582641
2017.0,10.0,Asia,Cybertruck,-0.0432505141427961,-0.1166364772546876,1.0424332359737725,60.0,339.0,495.89,Official (Quarter),6592.0,2017-10-01,0.37081464701951006,4,-0.07338596311189151,1.709898493746421,-0.045085773415404345
2020.0,12.0,Middle East,Model S,-1.5870076126972237,-1.6275077134610751,-1.3200323574282369,82.0,460.0,253.71,Estimated (Region),9002.0,2020-12-01,0.9751152634000588,4,-0.040500100763851465,-0.0432505141427961,2.0949014002452744
2018.0,7.0,Middle East,Model S,2.121567053360935,1.891441918411788,-0.093717803523536,82.0,473.0,1296.33,Estimated (Region),9843.0,2018-07-01,1.1216665088729656,3,-0.23012513494914688,-1.5870076126972237,-0.19882860426888732
2016.0,11.0,Europe,Model X,0.0388290813852828,0.1204641984085272,-1.315555594102911,100.0,595.0,899.19,Interpolated (Month),3797.0,2016-11-01,0.3223288072162545,4,0.08163511702324441,2.121567053360935,-0.051081815230285994
2019.0,8.0,Europe,Model 3,-0.5865513662760251,-0.6413097545886336,1.1038857219047091,120.0,682.0,778.91,Interpolated (Month),4060.0,2019-08-01,0.9146147584364546,3,-0.054758388312608486,0.0388290813852828,-0.6474856783958034
2020.0,5.0,Asia,Model X,-2.0121443412373976,-1.9796374297925825,1.3084335960183116,120.0,716.0,215.23,Estimated (Region),12661.0,2020-05-01,1.016420638928928,2,0.0325069114448151,-0.5865513662760251,-2.6327572561131447
2023.0,1.0,North America,Model X,1.066729898447449,1.224742988824134,-0.4030752212337582,120.0,695.0,1472.01,Estimated (Region),11649.0,2023-01-01,0.8709826536517739,1,0.15801309037668498,-2.0121443412373976,-0.42997238981336994
2024.0,10.0,Asia,Cybertruck,-0.4455167671488305,-0.4112516732520487,-1.1913374648406256,82.0,472.0,578.37,Interpolated (Month),5765.0,2024-10-01,1.0833190382566087,4,0.034265093896781784,1.066729898447449,0.5307608159190791
2022.0,11.0,Asia,Cybertruck,-0.9974575767060676,-1.0239573796688717,-0.7963251060686339,75.0,431.0,387.71,Official (Quarter),8281.0,2022-11-01,0.9741202090155612,4,-0.026499802962804075,-0.4455167671488305,0.7943005105694219
2016.0,3.0,Asia,Cybertruck,0.1468285491853868,0.3150745549677403,0.3581355822993691,82.0,484.0,762.3,Official (Quarter),13610.0,2016-03-01,0.4660120814910624,1,0.1682460057823535,-0.9974575767060676,0.052584527960680055
2017.0,6.0,Europe,Model Y,0.4167001604882348,0.4979472543159031,0.6312544284486393,120.0,684.0,1186.26,Estimated (Region),3184.0,2017-06-01,0.8368359437200065,2,0.08124709382766826,0.1468285491853868,0.26304382164345697
2020.0,4.0,Europe,Model 3,-0.5901089958035579,-0.4769825536339301,1.38327014798948,100.0,584.0,665.76,Official (Quarter),13307.0,2020-04-01,1.2371710271324703,2,0.1131264421696278,0.4167001604882348,-0.816280157955111
2020.0,11.0,Asia,Model Y,-2.1392025386492843,-2.1324617266804564,-1.102453309687079,120.0,665.0,150.02,Official (Quarter),11569.0,2020-11-01,1.003161047105554,4,0.00674081196882792,-0.5901089958035579,2.358370918824905
2020.0,12.0,Middle East,Model X,0.8669944121159625,0.7186152098836477,-1.5220185308447447,120.0,695.0,1390.07,Interpolated (Month),14870.0,2020-12-01,1.2064793511068868,4,-0.14837920223231482,-2.1392025386492843,-1.3195815613793405
2022.0,12.0,Asia,Model Y,0.1638543476385796,0.2634288632391192,0.4198549741818652,100.0,561.0,889.21,Official (Quarter),3011.0,2022-12-01,0.6220060536413051,4,0.09957451560053959,0.8669944121159625,0.0687950628973822
2016.0,10.0,Europe,Model S,1.758434725157762,1.9233683460258448,-1.61437942181051,120.0,694.0,1753.25,Estimated (Region),14945.0,2016-10-01,0.9142475120749093,4,0.16493362086808294,0.1638543476385796,-2.8387808348917107
2017.0,3.0,Asia,Cybertruck,0.452530572158387,0.5578093060922593,-1.1725143823610642,60.0,344.0,603.87,Interpolated (Month),11619.0,2017-03-01,0.811263934136553,1,0.10527873393387233,1.758434725157762,-0.5305986043137901
2019.0,5.0,Asia,Cybertruck,-0.5868054826708489,-0.5727618364761001,-1.6154003246494375,60.0,349.0,398.54,Estimated (Region),3977.0,2019-05-01,1.0245191723686617,2,0.014043646194748738,0.452530572158387,0.9479257672125592
2023.0,3.0,Middle East,Model Y,0.1290404015477226,0.1843170536366405,0.1624328819547789,82.0,453.0,708.72,Interpolated (Month),11946.0,2023-03-01,0.70010017522367,1,0.05527665208891791,-0.5868054826708489,0.02096040431199849
2024.0,10.0,Asia,Model X,-1.4286930987220123,-1.3777303680099258,-0.1647073311649583,75.0,448.0,288.96,Estimated (Region),6129.0,2024-10-01,1.0369903515923076,4,0.05096273071208657,0.1290404015477226,0.23531622734429697
2019.0,8.0,Asia,Model S,1.0580899410234406,0.8913935240303072,-0.4782547249862611,82.0,477.0,1007.85,Official (Quarter),3848.0,2019-08-01,1.1870065380769645,3,-0.1666964169931333,-1.4286930987220123,-0.5060365137548948
2023.0,2.0,Asia,Model Y,0.8797002318571512,0.9174511230388388,0.009463961690666,120.0,712.0,1429.41,Official (Quarter),4008.0,2023-02-01,0.9588524225065562,1,0.03775089118168762,1.0580899410234406,0.008325449293566076
2020.0,12.0,North America,Model Y,-0.337009066559079,-0.230491752201875,0.5292312438174652,100.0,580.0,747.85,Estimated (Region),7009.0,2020-12-01,1.4621306981254207,4,0.10651731435720396,0.8797002318571512,-0.1783557274728243
2021.0,10.0,North America,Model Y,1.4720455481913686,1.4871970040632176,-0.6081007426833924,75.0,417.0,982.97,Official (Quarter),13650.0,2021-10-01,0.9898120720856394,4,0.015151455871849073,-0.337009066559079,-0.8951519911189527
2021.0,12.0,North America,Model X,-0.7212330555326253,-0.8162008470332822,0.3203577039749509,60.0,347.0,368.72,Estimated (Region),8025.0,2021-12-01,0.8836465413557891,4,-0.09496779150065693,1.4720455481913686,-0.23105256570127009
2024.0,10.0,North America,Model S,0.2827808204161059,0.1669453209642862,1.0138375188208957,75.0,441.0,729.97,Interpolated (Month),4351.0,2024-10-01,1.693852926112256,4,-0.11583549945181973,-0.7212330555326253,0.2866938053408021
2021.0,7.0,Middle East,Model S,0.3646062995493612,0.5139104681229314,-0.5890261622308525,60.0,347.0,591.13,Estimated (Region),13167.0,2021-07-01,0.7094743582108636,3,0.1493041685735702,0.2827808204161059,-0.2147626493487528
2017.0,4.0,Middle East,Model 3,-1.7346492380898362,-1.7392502101102734,0.7443619140588393,75.0,443.0,205.73,Estimated (Region),5179.0,2017-04-01,0.9973546232774952,2,-0.0046009720204371884,0.3646062995493612,-1.2912068270852577
2021.0,8.0,Europe,Model X,-0.1769157378201013,-0.0213267007009596,0.8848001714835176,120.0,708.0,979.8,Interpolated (Month),3393.0,2021-08-01,8.29550432112272,3,0.1555890371191417,-1.7346492380898362,-0.15653507516135867
2025.0,8.0,Asia,Cybertruck,1.237496115769025,0.98083447197851,-1.3446314437496554,120.0,719.0,1595.32,Estimated (Region),6364.0,2025-08-01,1.2616768181819555,3,-0.2566616437905149,-0.1769157378201013,-1.6639761887810947
2024.0,10.0,Middle East,Model Y,-0.0328317419550214,-0.1506756831667333,-0.113803843215227,120.0,700.0,1028.26,Interpolated (Month),12986.0,2024-10-01,0.2178967519177647,4,-0.1178439412117119,1.237496115769025,0.003736378413932046
2017.0,5.0,Asia,Model S,0.5198714167866871,0.540907079708347,-0.3553070084096131,82.0,456.0,818.61,Estimated (Region),13383.0,2017-05-01,0.9611103945376309,2,0.021035662921659815,-0.0328317419550214,-0.18471395785614492
2016.0,6.0,Asia,Model X,0.6934329144513248,0.5472454146023141,0.1612638637088411,75.0,449.0,852.04,Official (Quarter),14248.0,2016-06-01,1.2671333481254399,2,-0.1461874998490107,0.5198714167866871,0.11182567100730292
2015.0,5.0,Asia,Model 3,0.2060376691793261,0.1901858822421657,0.4225732398226121,120.0,676.0,1088.33,Official (Quarter),5257.0,2015-05-01,1.0833489150208118,2,-0.015851786937160384,0.6934329144513248,0.08706600539060737
2024.0,4.0,Asia,Model 3,-1.0942759231339256,-1.0706732553688514,-0.306808656213323,60.0,335.0,282.2,Official (Quarter),11941.0,2024-04-01,1.0220446972470074,2,0.023602667765074248,0.2060376691793261,0.33573332550331325
2023.0,11.0,Middle East,Model Y,0.3020936664227127,0.1798567438964415,0.0401491995518441,82.0,472.0,786.66,Estimated (Region),13514.0,2023-11-01,1.6796349131987687,4,-0.12223692252627119,-1.0942759231339256,0.012128818896553718
2024.0,10.0,North America,Model 3,-1.0637819557550727,-0.9709031690749244,-1.0578452235668772,120.0,696.0,598.84,Interpolated (Month),14827.0,2024-10-01,1.0956622551439843,4,0.09287878668014837,0.3020936664227127,1.1253166608121348
2024.0,7.0,Asia,Model X,1.8981987423108373,2.1510788959202194,-0.2447055559609864,60.0,339.0,884.38,Interpolated (Month),14726.0,2024-07-01,0.882440316768948,3,0.2528801536093821,-1.0637819557550727,-0.46449977856161856
2017.0,11.0,Middle East,Model X,-0.1708169443443307,-0.1713339598581817,-0.2389916810650225,75.0,434.0,602.17,Interpolated (Month),14994.0,2017-11-01,0.9969824107592041,4,-0.0005170155138509991,1.8981987423108373,0.04082382868324198
2024.0,4.0,Europe,Model X,-0.046808143670329,-0.1790808136174749,-0.5326528418846284,120.0,668.0,975.75,Estimated (Region),10632.0,2024-04-01,0.26138000338949435,2,-0.13227266994714593,-0.1708169443443307,0.02493249074934472
2016.0,6.0,Europe,Model Y,-1.0424361785898757,-1.045319915792983,0.3975472033850111,82.0,489.0,426.9,Official (Quarter),5888.0,2016-06-01,0.9972412874187712,2,-0.002883737203107195,-0.046808143670329,-0.4144175875057631
2020.0,1.0,Asia,Model 3,0.7653478541864528,0.9540726135373157,1.6343391827252467,100.0,577.0,1119.44,Interpolated (Month),8498.0,2020-01-01,0.8021903609085396,1,0.18872475935086286,-1.0424361785898757,1.2508379865116086
2023.0,7.0,Middle East,Model Y,-0.306515099180226,-0.3039694863430495,-1.542890874475668,82.0,490.0,640.63,Official (Quarter),4542.0,2023-07-01,1.0083745670257955,3,0.002545612837176525,0.7653478541864528,0.472919349414175
2022.0,5.0,Asia,Model 3,-1.7468468250413771,-1.7589694742248378,0.811005894708664,60.0,334.0,152.7,Estimated (Region),7216.0,2022-05-01,0.9931080957565775,2,-0.012122649183460732,-0.306515099180226,-1.4167030722616711
2022.0,7.0,Europe,Model Y,-1.0569208130948309,-1.0173842916306834,-0.119698637601633,100.0,574.0,496.19,Estimated (Region),8132.0,2022-07-01,1.038860951352785,3,0.039536521464147434,-1.7468468250413771,0.12651198138026146
2019.0,11.0,Asia,Model Y,2.6107411133967,2.275263309213131,-1.5161361622475171,120.0,671.0,2032.73,Interpolated (Month),3389.0,2019-11-01,1.147445705657509,4,-0.3354778041835691,-1.0569208130948309,-3.9582390122870827
2025.0,6.0,Europe,Model S,1.0819768821368754,1.3245130751180614,0.0329864776376364,75.0,425.0,903.97,Interpolated (Month),5230.0,2025-06-01,0.816886524159403,2,0.242536192981186,2.6107411133967,0.035690606227047596
2025.0,5.0,Asia,Model 3,-1.530339656651522,-1.5406490500993033,0.1522839943851308,120.0,717.0,419.44,Official (Quarter),5472.0,2025-05-01,0.9933084089156341,2,-0.010309393447781368,1.0819768821368754,-0.23304623568086336
2024.0,2.0,Asia,Model X,0.791013610063654,0.8733175319252899,-1.6728020033080964,60.0,336.0,656.96,Interpolated (Month),3833.0,2024-02-01,0.9057571629414205,1,0.08230392186163593,-1.530339656651522,-1.3232091515584499
2016.0,11.0,Asia,Model Y,-0.234600159445098,-0.2880062725360212,0.290592968576136,82.0,466.0,629.03,Official (Quarter),10212.0,2016-11-01,0.8145661460055748,4,-0.05340611309092319,0.791013610063654,-0.06817315676158585
2018.0,10.0,Asia,Model Y,-0.7524893720959496,-0.7652594147373242,-0.423801934615507,100.0,593.0,619.18,Official (Quarter),13863.0,2018-10-01,0.9833127925048032,4,-0.012770042641374602,-0.234600159445098,0.31890645167187154
2021.0,3.0,North America,Model S,0.326488840325795,0.3282207310441166,0.7309470320614435,60.0,337.0,566.51,Interpolated (Month),6893.0,2021-03-01,0.9947233963168256,1,0.0017318907183215826,-0.7524893720959496,0.2386460488373224
2015.0,2.0,Middle East,Model X,-1.322472445685675,-1.287350407484839,-1.4422633544850532,100.0,558.0,394.9,Estimated (Region),13782.0,2015-02-01,1.0272824228715285,1,0.035122038200835926,0.326488840325795,1.9073535457286737
2019.0,1.0,Asia,Cybertruck,-0.5065047019065363,-0.514777809853512,0.2746387523021677,82.0,474.0,563.75,Estimated (Region),6989.0,2019-01-01,0.9839287790020904,1,-0.008273107946975666,-1.322472445685675,-0.13910581936679253
2023.0,2.0,North America,Model Y,-0.6986166963933095,-0.7774665782368164,-1.021128507638326,100.0,589.0,633.73,Estimated (Region),5006.0,2023-02-01,0.8985810013565763,1,-0.07884988184350694,-0.5065047019065363,0.7133774245993176
2021.0,5.0,Europe,Model S,1.0141278047189275,1.175679581681944,-0.1757195625667475,120.0,698.0,1456.69,Official (Quarter),5654.0,2021-05-01,0.8625886002613924,2,0.1615517769630166,-0.6986166963933095,-0.17820209423198588
2015.0,2.0,Middle East,Cybertruck,-0.7064943046328465,-0.661029018703198,-0.954722605109166,60.0,351.0,376.03,Official (Quarter),5846.0,2015-02-01,1.068779561325223,1,0.04546528592964849,1.0141278047189275,0.6745060830138598
2020.0,10.0,North America,Model 3,-1.0335421047710436,-1.093444310358289,1.0915618241972094,120.0,711.0,624.44,Interpolated (Month),13972.0,2020-10-01,0.9452169579924768,4,-0.05990220558724535,-0.7064943046328465,-1.1281751052685036
2015.0,9.0,Europe,Cybertruck,0.7442561934160796,0.8909240177418652,-0.3531155962300454,120.0,700.0,1349.35,Estimated (Region),5459.0,2015-09-01,0.8353756084637501,3,0.14666782432578562,-1.0335421047710436,-0.26280846948602293
2023.0,3.0,Middle East,Model S,1.1592282661633029,1.1552560581347169,-0.1179182705280998,100.0,599.0,1301.39,Interpolated (Month),8922.0,2023-03-01,1.003438378877666,1,-0.0039722080285859995,0.7442561934160796,-0.13669419229326443
2021.0,4.0,Middle East,Model Y,-1.2093906499890952,-1.1220841939532515,0.9003970220607046,75.0,439.0,339.98,Interpolated (Month),11510.0,2021-04-01,1.0778074020704733,2,0.08730645603584364,1.1592282661633029,-1.0889317397582412
2024.0,5.0,Middle East,Model 3,-0.381987668442887,-0.5011621274886936,-1.662479651721512,120.0,697.0,880.21,Interpolated (Month),10556.0,2024-05-01,0.7622037809541081,2,-0.11917445904580659,-1.2093906499890952,0.6350467259948431
2017.0,8.0,Asia,Cybertruck,0.6283791173764386,0.6474850071846832,-1.5037645495095706,75.0,441.0,819.93,Official (Quarter),10004.0,2017-08-01,0.9704921510208885,3,0.01910588980824457,-0.381987668442887,-0.9449342403628018
2021.0,3.0,Asia,Model S,1.6250236178752804,1.5883756092224708,1.2457479747692743,60.0,358.0,876.22,Estimated (Region),7031.0,2021-03-01,1.023072633727201,1,-0.036648008652809594,0.6283791173764386,2.0243698809203696
2017.0,5.0,Middle East,Cybertruck,-1.3283171227666215,-1.3279627014350728,1.6759143822226954,75.0,415.0,292.26,Interpolated (Month),9224.0,2017-05-01,1.000266891028766,2,0.00035442133154872657,1.6250236178752804,-2.2261457701972507
2022.0,2.0,Europe,Cybertruck,1.294926420999198,1.222864963670366,1.5445424776144112,120.0,709.0,1597.16,Estimated (Region),10052.0,2022-02-01,1.058928384956376,1,-0.07206145732883207,-1.3283171227666215,2.0000688626184635
2020.0,4.0,Asia,Cybertruck,-1.4749422825799392,-1.4561379181797416,-1.4819393963644194,100.0,589.0,363.83,Official (Quarter),5613.0,2020-04-01,1.0129138621866973,2,0.018804364400197615,1.294926420999198,2.185775075918874
2018.0,9.0,Asia,Model X,1.257825427354927,1.1796703851337014,1.3242029165492997,60.0,351.0,783.01,Interpolated (Month),4351.0,2018-09-01,1.0662515929925356,3,-0.0781550422212256,-1.4749422825799392,1.6656160994132636
2025.0,2.0,North America,Model 3,-0.3387878813228454,-0.4328489625203812,-1.5457000968932035,75.0,437.0,563.01,Interpolated (Month),13044.0,2025-02-01,0.7826930653828081,1,-0.09406108119753581,1.257825427354927,0.5236644609869653
2018.0,4.0,North America,Model S,-1.047772622881175,-1.0126892287462632,0.8642454310240033,60.0,336.0,292.27,Interpolated (Month),3719.0,2018-04-01,1.0346437911444422,2,0.035083394134911794,-0.3387878813228454,-0.9055327020770916
2015.0,8.0,Middle East,Cybertruck,-0.0356270222980829,-0.2006781028858074,0.573588328996256,100.0,558.0,818.75,Interpolated (Month),14532.0,2015-08-01,0.17753318267292909,3,-0.1650510805877245,-1.047772622881175,-0.020435244187069723
2019.0,12.0,Middle East,Cybertruck,-1.3926085706570364,-1.436418654065177,-0.3800755824954305,82.0,490.0,326.49,Estimated (Region),6836.0,2019-12-01,0.9695004772569927,4,-0.04381008340814074,-0.0356270222980829,0.5292965136806019
2020.0,5.0,North America,Model Y,-0.2450189316328727,-0.1041945606109744,-0.5360773893822967,100.0,558.0,749.78,Estimated (Region),9757.0,2020-05-01,2.351552040683646,2,0.1408243710218983,-1.3926085706570364,0.13134910921898982
2015.0,4.0,North America,Model 3,1.0690169460008627,0.8223760996293319,-1.3311628823430075,120.0,662.0,1403.01,Official (Quarter),3488.0,2015-04-01,1.2999124688602925,2,-0.24664084637153083,-0.2450189316328727,-1.4230356791120276
2018.0,7.0,Europe,Cybertruck,-1.3753286558090196,-1.3897027783651972,0.8078542175413618,120.0,685.0,463.4,Interpolated (Month),9940.0,2018-07-01,0.9896566929418629,3,-0.014374122556177538,1.0690169460008627,-1.1110650551008083
2025.0,6.0,Europe,Model Y,-0.9504460436636696,-1.0091679315829485,1.4884952099762376,75.0,413.0,382.97,Official (Quarter),8550.0,2025-06-01,0.9418115795384326,2,-0.0587218879192789,-1.3753286558090196,-1.414734383334238
2025.0,8.0,Europe,Model X,0.8687732268797289,1.068866901061387,-0.9691260828936245,120.0,710.0,1420.82,Official (Quarter),11279.0,2025-08-01,0.8127983250459299,3,0.20009367418165802,-0.9504460436636696,-0.8419507942888058
2019.0,5.0,North America,Model Y,0.7635690394226864,0.8871679674343292,1.2512903737745706,100.0,592.0,1147.92,Official (Quarter),7316.0,2019-05-01,0.860681480228498,2,0.12359892801164285,0.8687732268797289,0.9554465887419031
2025.0,2.0,Europe,Model S,0.1981600609397891,0.0779738793045253,-0.4263054826192445,100.0,573.0,919.84,Interpolated (Month),8032.0,2025-02-01,2.541364655795555,1,-0.1201861816352638,0.7635690394226864,-0.0844767204147957
2021.0,4.0,North America,Model X,-0.4648296131554373,-0.5114912658344178,-0.3427763455701786,75.0,418.0,507.43,Estimated (Region),9042.0,2021-04-01,0.9087733148231586,2,-0.046661652678980536,0.1981600609397891,0.15933259611022063
2025.0,5.0,North America,Model Y,0.6286332337712625,0.8233151122062159,0.4408913382299487,75.0,443.0,823.71,Interpolated (Month),10842.0,2025-05-01,0.7635390441051549,2,0.19468187843495344,-0.4648296131554373,0.27715894769323207
2019.0,6.0,Asia,Model S,0.1237039572564233,0.2606118255084672,1.3643968653216365,100.0,572.0,893.09,Interpolated (Month),8511.0,2019-06-01,0.47466747533451514,2,0.13690786825204387,0.6286332337712625,0.16878129150854568
2015.0,3.0,Asia,Model Y,0.1028664128808738,-0.0661645512471716,-1.6050625650842714,75.0,443.0,686.23,Interpolated (Month),7322.0,2015-03-01,-1.5547058196857508,1,-0.1690309641280454,0.1237039572564233,-0.16510702851959302
2022.0,3.0,Europe,Model S,1.395048280559765,1.1329545094337212,-1.2764073997478584,75.0,445.0,1028.75,Interpolated (Month),12020.0,2022-03-01,1.2313365355304908,1,-0.2620937711260438,0.1028664128808738,-1.7806499483120106
2017.0,2.0,Europe,Model S,-2.3142887346828647,-2.288337814443204,-0.285894064899192,120.0,709.0,86.68,Estimated (Region),13204.0,2017-02-01,1.011340511036381,1,0.025950920239660835,1.395048280559765,0.6616414137088918
2018.0,2.0,Asia,Model X,-0.7219954047170967,-0.6053925235228198,-1.10462831982493,60.0,348.0,369.63,Official (Quarter),5672.0,2018-02-01,1.192607071715648,1,0.11660288119427686,-2.3142887346828647,0.7975365708339669
2021.0,5.0,Middle East,Model X,-0.2196072921504953,-0.1415203105421141,0.6513101492147341,82.0,485.0,658.97,Interpolated (Month),5999.0,2021-05-01,1.5517722601742296,2,0.07808698160838118,-0.7219954047170967,-0.14303245821918278
2025.0,10.0,North America,Cybertruck,-0.1649722672633839,-0.3189936875731938,-1.6182453333398077,82.0,470.0,653.75,Official (Quarter),6578.0,2025-10-01,0.5171646765753967,4,-0.1540214203098099,-0.2196072921504953,0.26696560162945854
2021.0,6.0,Asia,Model 3,-0.8157643544070693,-0.7380280500076876,-1.1043952120199363,82.0,480.0,483.26,Interpolated (Month),7619.0,2021-06-01,1.105329742410972,2,0.07773630439938173,-0.1649722672633839,0.9009262471437017
2019.0,11.0,Middle East,Model Y,-1.2454751780540712,-1.288054666917502,-0.6257692208324627,82.0,475.0,357.75,Estimated (Region),5521.0,2019-11-01,0.9669427936895493,4,-0.04257948886343077,-0.8157643544070693,0.7793800317370688
2025.0,12.0,Middle East,Model X,-0.1532829131014903,-0.0631127603722985,1.1870520259097548,100.0,564.0,788.39,Interpolated (Month),14172.0,2025-12-01,2.4287150838797626,4,0.09017015272919181,-1.2454751780540712,-0.18195479253447297
2024.0,1.0,Asia,Model 3,1.015906619482694,1.0141694184578929,-0.3480438861188408,82.0,455.0,950.04,Interpolated (Month),8000.0,2024-01-01,1.0017129298055967,1,-0.0017372010248011271,-0.1532829131014903,-0.3535800877786113
2018.0,3.0,Asia,Model 3,0.55036538416554,0.6218969144645937,-0.7933747266860277,82.0,454.0,823.19,Estimated (Region),14910.0,2018-03-01,0.8849784769222775,1,0.07153153029905368,1.015906619482694,-0.43664598623978595
2025.0,4.0,Asia,Cybertruck,-0.5766408268778979,-0.6227642561951742,-0.4822578172280919,120.0,685.0,786.35,Official (Quarter),4186.0,2025-04-01,0.9259375777295393,2,-0.04612342931727631,0.55036538416554,0.27808954649473705
2020.0,8.0,Middle East,Model X,1.8153567975982872,1.751059538167627,-0.0580383924756279,82.0,453.0,1159.63,Interpolated (Month),6337.0,2020-08-01,1.0367190595346307,3,-0.06429725943066011,-0.5766408268778979,-0.10536039030230838
2024.0,11.0,North America,Cybertruck,-0.8002632543228191,-0.8577521535604,-0.1047121417889078,75.0,428.0,434.83,Interpolated (Month),6466.0,2024-11-01,0.9329772603904832,4,-0.05748889923758094,1.8153567975982872,0.08379727935510381
2019.0,7.0,Europe,Model S,-1.6014922472021786,-1.5880691852319462,1.4372969823071864,60.0,334.0,181.36,Interpolated (Month),10751.0,2019-07-01,1.0084524415529617,3,0.013423061970232464,-0.8002632543228191,-2.3018199740920458
2020.0,7.0,Asia,Model S,0.1877412887520144,0.3519307986104381,1.1699939025251451,60.0,355.0,567.7,Interpolated (Month),6638.0,2020-07-01,0.5334608096060113,3,0.16418950985842368,-1.6014922472021786,0.21965616309206945
2023.0,4.0,Europe,Model Y,0.9488198912492176,0.8937410554725174,0.6207128859409419,75.0,430.0,880.81,Interpolated (Month),14925.0,2023-04-01,1.0616272861579357,2,-0.05507883577670025,0.1877412887520144,0.5889447329354724
2022.0,10.0,Middle East,Model X,1.0514829147580225,0.8266016562253099,0.2619341284142304,60.0,355.0,748.69,Interpolated (Month),8776.0,2022-10-01,1.272055175354519,4,-0.22488125853271257,0.9488198912492176,0.27541926081959717
2020.0,9.0,Middle East,Model 3,-0.3868158799445387,-0.2650004644023627,1.646983665793559,60.0,355.0,447.3,Interpolated (Month),4320.0,2020-09-01,1.459680007795073,3,0.12181541554217601,1.0514829147580225,-0.6370794359382176
2020.0,6.0,North America,Model X,1.3930153494011748,1.2010329212578128,1.6329579320001355,100.0,595.0,1374.81,Official (Quarter),5003.0,2020-06-01,1.159847764990741,2,-0.19198242814336197,-0.3868158799445387,2.2747354642025885
2025.0,1.0,Asia,Cybertruck,0.1453038508164441,0.2249293475868744,-1.531710646404182,60.0,346.0,544.64,Official (Quarter),4016.0,2025-01-01,0.6459977427370762,1,0.07962549677043032,1.3930153494011748,-0.22256345525907242
2019.0,11.0,North America,Model Y,-0.4066369587407931,-0.5326190488143083,1.2311794825045224,60.0,335.0,418.18,Interpolated (Month),13492.0,2019-11-01,0.7634667961013211,4,-0.12598209007351524,0.1453038508164441,-0.5006430804297024
2019.0,1.0,North America,Model Y,-1.1008829493993435,-1.0392163340432368,0.323709187832248,75.0,419.0,351.33,Interpolated (Month),11000.0,2019-01-01,1.059339536279403,1,0.061666615356106735,-0.4066369587407931,-0.35636592544843126
2020.0,5.0,Europe,Model Y,-0.5014223740100607,-0.4135992046942588,1.4163232442365636,100.0,598.0,713.03,Estimated (Region),5787.0,2020-05-01,1.21233882541124,2,0.08782316931580192,-1.1008829493993435,-0.7101761634907288
2016.0,8.0,Middle East,Model Y,1.9238644981880388,2.0963814133167253,-0.3573363882982892,60.0,357.0,936.75,Interpolated (Month),9396.0,2016-08-01,0.9177072864542601,3,0.1725169151286865,-0.5014223740100607,-0.6874667913578143
2017.0,6.0,North America,Cybertruck,1.7205713823290194,1.798244920156049,-0.8046543610709442,120.0,660.0,1652.61,Interpolated (Month),14580.0,2017-06-01,0.9568059183949819,2,0.07767353782702968,1.9238644981880388,-1.3844652663249084
2018.0,12.0,Europe,Model Y,1.0456382376770756,1.0322454105629102,-0.9833839304289074,75.0,448.0,943.29,Estimated (Region),11581.0,2018-12-01,1.0129744603144926,4,-0.013392827114165451,1.7205713823290194,-1.0282638399736386
2017.0,12.0,North America,Cybertruck,-0.7232659866912156,-0.6718276633373642,0.2334741008791859,60.0,357.0,378.92,Interpolated (Month),7647.0,2017-12-01,1.076564759328794,4,0.051438323353851345,1.0456382376770756,-0.1688638759392288
2016.0,10.0,Asia,Model 3,1.3561684721517275,1.1364758065970364,-0.3972052784257097,120.0,689.0,1577.02,Official (Quarter),10826.0,2016-10-01,1.1933104640498415,4,-0.21969266555469114,-0.7232659866912156,-0.5386772755731962
2016.0,3.0,Asia,Model X,0.1267533539943086,0.204975330328089,-1.3631568043204938,120.0,694.0,1084.83,Official (Quarter),6078.0,2016-03-01,0.6183834600555285,1,0.07822197633378042,1.3561684721517275,-0.172784696967786
2015.0,8.0,Europe,Model S,-0.8505783004979264,-0.8788799365402905,1.1223305633616685,60.0,333.0,328.42,Estimated (Region),13157.0,2015-08-01,0.9677980633466575,3,-0.02830163604236413,0.1267533539943086,-0.9546300231810483
2021.0,9.0,Europe,Model Y,-0.7420705999081748,-0.6866171114232875,-0.1987644311776868,120.0,716.0,752.01,Official (Quarter),4699.0,2021-09-01,1.0807633360169802,3,0.05545348848488729,-0.8505783004979264,0.14749724068443318
2022.0,1.0,Middle East,Model X,0.0528054831005904,0.0880682645060285,-1.1637691119370492,60.0,333.0,505.99,Official (Quarter),14760.0,2022-01-01,0.5995971806277132,1,0.03526278140543811,-0.7420705999081748,-0.061453390173380945
2019.0,11.0,Europe,Model S,-0.8691287973200619,-0.8624472164448201,-1.4499231079664114,100.0,559.0,545.19,Interpolated (Month),14325.0,2019-11-01,1.0077472345528398,4,0.006681580875241733,0.0528054831005904,1.2601699270334135
2015.0,1.0,North America,Model X,-0.4574602377055479,-0.5429481871600325,-1.096899975987305,75.0,423.0,515.34,Official (Quarter),9297.0,2015-01-01,0.8425486050489617,1,-0.08548794945448457,-0.8691287973200619,0.5017881237543623
2017.0,5.0,Middle East,Model 3,-0.5250551987286718,-0.467827181009311,-0.5783166230534585,120.0,663.0,781.28,Estimated (Region),7487.0,2017-05-01,1.1223272610964898,2,0.05722801771936081,-0.4574602377055479,0.30364814944542806
2023.0,10.0,Middle East,Cybertruck,-1.1641579317104636,-1.1183281436457155,1.695417403886119,60.0,353.0,282.81,Estimated (Region),14303.0,2023-10-01,1.040980626594395,4,0.04582978806474802,-0.5250551987286718,-1.973733618293988
2016.0,5.0,Middle East,Cybertruck,1.6069813538427924,1.605277835606383,0.6316575210495985,75.0,414.0,1008.88,Official (Quarter),4017.0,2016-05-01,1.0010611983786382,2,-0.0017035182364093515,-1.1641579317104636,1.0150618583412658
2020.0,2.0,Asia,Model 3,1.7518276988923438,2.0078794779454063,-0.8024097665136918,60.0,354.0,892.93,Estimated (Region),3664.0,2020-02-01,0.8724765196987463,1,0.25605177905306253,1.6069813538427924,-1.4056836548404235
2018.0,11.0,Europe,Model S,-0.1060172636642683,-0.0147536126627715,-1.3568743253117097,60.0,359.0,511.84,Estimated (Region),7579.0,2018-11-01,7.185851092037054,4,0.09126365100149679,1.7518276988923438,0.14385210310584767
2016.0,2.0,Europe,Model S,-0.4823636443982777,-0.5706490581781111,-1.151820473062748,120.0,662.0,796.78,Official (Quarter),11836.0,2016-02-01,0.8452894778067299,1,-0.08828541377983334,-0.1060172636642683,0.5555963210790954
2016.0,7.0,Middle East,Model 3,-1.1694943760017629,-1.2277231088527036,-1.4545743293718072,100.0,586.0,467.63,Estimated (Region),8957.0,2016-07-01,0.9525717709220648,3,-0.05822873285094077,-0.4823636443982777,1.7011164976768645
2016.0,2.0,Asia,Model 3,0.3717215586044268,0.2270421258848634,-1.6307203286437213,75.0,424.0,724.09,Official (Quarter),11456.0,2016-02-01,1.6372360730666018,1,-0.1446794327195634,-1.1694943760017629,-0.6061739022113671
2017.0,11.0,Middle East,Model 3,0.3165783009276678,0.3042759103335741,-0.1126462566953328,120.0,705.0,1181.02,Estimated (Region),4853.0,2017-11-01,1.0404316943152245,4,-0.012302390594093715,0.3717215586044268,-0.03566136055047038
2022.0,7.0,Europe,Model X,0.4883609838285391,0.3204738772848234,-0.4709190360866844,120.0,690.0,1225.85,Estimated (Region),3520.0,2022-07-01,1.523871424298664,3,-0.1678871065437157,0.3165783009276678,-0.2299784837668805
2016.0,1.0,North America,Cybertruck,-0.9984740422853629,-0.9748939725266816,0.6637960792131253,100.0,590.0,530.38,Estimated (Region),5401.0,2016-01-01,1.0241873172090372,1,0.02358006975868121,0.4883609838285391,-0.6627831544651042
2022.0,2.0,North America,Model S,-2.30386996249509,-2.2747221320783857,1.4980993509482898,120.0,678.0,87.06,Interpolated (Month),13367.0,2022-02-01,1.012813798224257,1,0.029147830416704323,-0.9984740422853629,-3.4514260954831553
2016.0,12.0,Middle East,Model 3,-0.0361352550877305,0.0791476450256304,0.9249563458567512,60.0,347.0,509.05,Estimated (Region),14472.0,2016-12-01,-0.4565550254341593,4,0.1152829001133609,-2.30386996249509,-0.033423533502548786
2020.0,6.0,Middle East,Model 3,-0.0384223026411444,-0.0647560323818455,1.6671641414830085,100.0,560.0,820.76,Interpolated (Month),5584.0,2020-06-01,0.5933393573988665,2,-0.026333729740701105,-0.0361352550877305,-0.06405628519652383
2020.0,7.0,Asia,Model Y,-0.1245677604864038,-0.1727424787235078,0.4273561745933024,82.0,452.0,639.49,Interpolated (Month),5241.0,2020-07-01,0.7211182877940949,3,-0.04817471823710398,-0.0384223026411444,-0.053234801599124255
2021.0,12.0,Middle East,Model S,0.0098598123753725,-0.1490324111571863,-1.3073699812235071,75.0,420.0,627.54,Interpolated (Month),7823.0,2021-12-01,-0.06615884624568837,4,-0.1588922235325588,-0.1245677604864038,-0.012890422720058048
2020.0,5.0,Middle East,Model Y,-1.0945300395287494,-1.1368736420391747,1.509382464554176,120.0,711.0,598.84,Official (Quarter),11517.0,2020-05-01,0.9627543458264413,2,-0.04234360251042535,0.0098598123753725,-1.6520644485924834
2021.0,3.0,Asia,Cybertruck,-0.0424881649583248,0.0702270255452322,0.4031189272527692,82.0,485.0,709.68,Interpolated (Month),8928.0,2021-03-01,-0.6050115981483338,1,0.11271519050355701,-1.0945300395287494,-0.017127783478938594
2021.0,1.0,Europe,Cybertruck,0.5470618710328309,0.4129666161078993,0.4387963501744084,75.0,425.0,769.78,Official (Quarter),5534.0,2021-01-01,1.3247120946209738,1,-0.13409525492493157,-0.0424881649583248,0.24004875232878908
2016.0,1.0,Asia,Model S,-0.3060068663905785,-0.1553707460511534,-0.5628698760095507,75.0,419.0,547.93,Interpolated (Month),12476.0,2016-01-01,1.9695269165395557,1,0.1506361203394251,0.5470618710328309,0.17224204694333609
2016.0,9.0,Asia,Model Y,-0.2434942332639301,-0.1781418010405909,0.0486340254346728,82.0,463.0,622.55,Interpolated (Month),5551.0,2016-09-01,1.3668562450901018,3,0.0653524322233392,-0.3060068663905785,-0.01184210473375413
2025.0,5.0,Middle East,Model X,-0.207663821593778,-0.134712469359705,0.9160560015837852,100.0,563.0,768.92,Interpolated (Month),3542.0,2025-05-01,1.5415337762036014,2,0.07295135223407301,-0.2434942332639301,-0.19023169008280477
2019.0,12.0,Asia,Model Y,-2.207813965251704,-2.206643720254294,1.227680877303349,82.0,457.0,84.59,Official (Quarter),14697.0,2019-12-01,1.0005303280210887,4,0.0011702449974100304,-0.207663821593778,-2.7104909857827977
2022.0,9.0,North America,Model S,1.1394071873670482,1.1644114307593358,-0.8477907367208132,100.0,563.0,1216.59,Interpolated (Month),3471.0,2022-09-01,0.9785262814055493,3,0.025004243392287684,-2.207813965251704,-0.9659788588028994
2016.0,4.0,Asia,Model S,-1.0907182936063928,-0.9831103325744166,1.490236311555967,60.0,346.0,292.2,Interpolated (Month),13104.0,2016-04-01,1.1094566474041516,2,0.10760796103197623,1.1394071873670482,-1.625428006810609
2018.0,9.0,Asia,Model Y,1.0944285854832403,1.0430440551970763,1.348908367626089,75.0,414.0,883.62,Official (Quarter),14536.0,2018-09-01,1.0492640076228181,3,-0.051384530286163965,-1.0907182936063928,1.4762838767275273
2019.0,9.0,Asia,Model 3,-0.958831884692854,-1.0410943591970048,-0.5836795936630136,75.0,421.0,388.31,Interpolated (Month),14856.0,2019-09-01,0.920984612223238,3,-0.0822624745041508,1.0944285854832403,0.5596506048486665
2025.0,8.0,Middle East,Cybertruck,-0.0086906844467629,0.061541159209055,-1.7068198378270196,120.0,697.0,1033.79,Interpolated (Month),4124.0,2025-08-01,-0.14121743169056483,3,0.0702318436558179,-0.958831884692854,0.014833432618029654
2015.0,1.0,Middle East,Model S,1.0113325243758662,1.119104073924682,0.4831981681942431,75.0,445.0,927.96,Official (Quarter),8666.0,2015-01-01,0.9036983672386586,1,0.10777154954881585,-0.0086906844467629,0.48867402321367825
2024.0,3.0,North America,Model Y,-1.7133034609246391,-1.682674702353011,1.4569222737361285,120.0,700.0,333.9,Official (Quarter),12732.0,2024-03-01,1.018202424110137,1,0.030628758571628056,1.0113325243758662,-2.4961499738903035
2018.0,1.0,North America,Model 3,2.03974157422768,1.9294719277755907,0.8152644611760103,75.0,437.0,1176.56,Official (Quarter),14178.0,2018-01-01,1.0571501688439773,1,-0.11026964645208914,-1.7133034609246391,1.6629288154510364
2025.0,9.0,Asia,Model Y,-2.0990521482671283,-2.100300545922179,0.9056764913669786,75.0,415.0,103.46,Official (Quarter),9177.0,2025-09-01,0.9994056099935438,3,-0.0012483976550505815,2.03974157422768,-1.9010621848388916
2019.0,2.0,North America,Model 3,0.4194954408312963,0.4498228597505971,-1.2962220602038856,100.0,579.0,1005.12,Interpolated (Month),12196.0,2019-02-01,0.9325791958725358,1,0.030327418919300797,-2.0990521482671283,-0.5437592445604801
2024.0,4.0,Europe,Cybertruck,-1.6835718427302575,-1.7038024853329017,-0.3337363354268428,75.0,415.0,205.24,Estimated (Region),11344.0,2024-04-01,0.9881261808356316,2,-0.020230642602644178,0.4194954408312963,0.5618690972206131
2023.0,11.0,Asia,Model 3,-1.2459834108437189,-1.237113234621544,1.5394300109147006,100.0,561.0,422.35,Estimated (Region),7675.0,2023-11-01,1.0071700600833748,4,0.008870176222174786,-1.6835718427302575,-1.918104255754682
2016.0,7.0,North America,Model Y,-0.3593713093035711,-0.2389428653938312,0.3283271081226446,60.0,341.0,435.18,Interpolated (Month),7951.0,2016-07-01,1.5040051884840626,3,0.12042844390973989,-1.2459834108437189,-0.11799134272588993
2021.0,6.0,Asia,Model X,1.394794164164941,1.638612782085766,-1.2943412927537874,120.0,685.0,1583.48,Estimated (Region),8771.0,2021-06-01,0.8512042499690061,2,0.24381861792082504,-0.3593713093035711,-1.8053396815706881
2015.0,10.0,North America,Model X,0.5457912890587121,0.3669549998405824,0.3634945766563868,82.0,461.0,834.64,Official (Quarter),7671.0,2015-10-01,1.4873520984748054,4,-0.17883628921812972,1.394794164164941,0.19839217355914018
2019.0,2.0,Europe,Model S,1.0908709559557077,1.1439879072121084,-1.5946746053308232,82.0,464.0,989.36,Estimated (Region),8622.0,2019-02-01,0.95356860774355,1,0.0531169512564007,0.5457912890587121,-1.739584211155526
2021.0,6.0,Europe,Model X,0.532323120133052,0.6078117258113334,-1.5139502174151884,82.0,467.0,841.79,Official (Quarter),14565.0,2021-06-01,0.875802649944741,2,0.0754886056782813,1.0908709559557077,-0.8059107034605656
2019.0,12.0,Asia,Cybertruck,0.022819748511385,0.1946461919823648,-1.3962099005675774,100.0,565.0,848.52,Interpolated (Month),10658.0,2019-12-01,0.11723706628410434,4,0.1718264434709798,0.532323120133052,-0.03186115880005798
2025.0,8.0,Middle East,Model S,-0.2706846875100739,-0.1180449961200136,-1.0999373358941624,120.0,681.0,904.74,Interpolated (Month),12034.0,2025-08-01,2.293063631726288,3,0.1526396913900603,0.022819748511385,0.29773619404717455
2025.0,12.0,North America,Model Y,-0.5227681511752578,-0.4744002690474991,-1.3129591011961157,100.0,558.0,658.3,Interpolated (Month),5966.0,2025-12-01,1.101955848854959,4,0.048367882127758666,-0.2706846875100739,0.6863732019010216
2019.0,9.0,North America,Model 3,-0.5286128282562046,-0.6042187578017147,0.4457796436928747,75.0,425.0,499.93,Official (Quarter),14947.0,2019-09-01,0.8748699397870703,3,-0.07560592954551015,-0.5227681511752578,-0.23564483823153365
2015.0,10.0,Europe,Model X,-0.0780644602336532,0.0021486137211408,-0.0110813351690723,82.0,479.0,690.84,Official (Quarter),8217.0,2015-10-01,-36.332477757893635,4,0.08021307395479399,-0.5286128282562046,0.0008650584486418273
2017.0,7.0,Middle East,Cybertruck,2.1424045977364843,2.2604738611272075,-1.1376441387044778,60.0,345.0,949.77,Estimated (Region),7943.0,2017-07-01,0.94776791476286,3,0.11806926339072321,-0.0780644602336532,-2.4372940333484356
2020.0,3.0,Asia,Model 3,-1.1270569380661926,-1.0788896154165866,0.2137623259575586,60.0,341.0,280.66,Interpolated (Month),8042.0,2020-03-01,1.044645274142348,1,0.04816732264960599,2.1424045977364843,-0.24092231256763338
2019.0,11.0,Middle East,Model S,0.9841420701297224,0.8578238244067036,-0.4396661881758204,120.0,675.0,1396.74,Official (Quarter),8867.0,2019-11-01,1.1472542987604528,4,-0.12631824572301886,-1.1270569380661926,-0.432693992597396
2021.0,9.0,Middle East,Model Y,-0.2221484560987331,-0.3185241812847518,0.5323332178280524,75.0,439.0,595.81,Interpolated (Month),11256.0,2021-09-01,0.6974304280532426,3,-0.0963757251860187,0.9841420701297224,-0.11825700247057243
2017.0,7.0,Asia,Cybertruck,0.5844169810719257,0.4662555798460674,-1.3260181085914318,82.0,457.0,837.82,Interpolated (Month),3023.0,2017-07-01,1.2534262458904382,3,-0.11816140122585833,-0.2221484560987331,-0.7749474998697096
2021.0,12.0,Europe,Cybertruck,1.3810718788444574,1.5214709631194845,-0.5556539717176582,60.0,334.0,769.39,Interpolated (Month),13294.0,2021-12-01,0.9077214829081156,4,0.14039908427502712,0.5844169810719257,-0.7673980747074911
2019.0,2.0,Asia,Cybertruck,-0.184030996875167,-0.0354118893542199,-0.973849870907824,60.0,339.0,467.72,Estimated (Region),12074.0,2019-02-01,5.196870323250254,1,0.1486191075209471,1.3810718788444574,0.17921856254991955
2018.0,11.0,Asia,Cybertruck,-1.3992155969224545,-1.4047269795953414,-1.454646398949044,60.0,334.0,221.24,Official (Quarter),6575.0,2018-11-01,0.9960765452981656,4,-0.0055113826728869775,-0.184030996875167,2.0353639294165853
2016.0,7.0,Asia,Model 3,0.6609060159138818,0.7188499630278687,0.998450415565046,120.0,667.0,1252.93,Estimated (Region),7918.0,2016-07-01,0.9193935451148648,3,0.05794394711398698,-1.3992155969224545,0.6598818862386542
2022.0,12.0,Europe,Model Y,-0.2595035661378279,-0.3565541906485546,-1.6357776248394789,75.0,446.0,595.48,Estimated (Region),3098.0,2022-12-01,0.7278096091531097,4,-0.09705062451072671,0.6609060159138818,0.4244901270543107
2022.0,5.0,Europe,Model X,-0.0999184701884978,-0.0595914632089834,1.1189756002834017,100.0,570.0,814.73,Estimated (Region),5658.0,2022-05-01,1.6767245643573174,2,0.0403270069795144,-0.2595035661378279,-0.1118063301585735
2017.0,6.0,Asia,Model Y,0.8593709202712493,0.8977318589242744,0.3987723861980371,120.0,698.0,1392.93,Official (Quarter),5904.0,2017-06-01,0.9572690461281034,2,0.038360938653025145,-0.0999184701884978,0.3426933925057692
2018.0,1.0,Europe,Model 3,-0.9479048797154318,-1.010341697304053,0.2411030384033804,82.0,463.0,430.03,Official (Quarter),14259.0,2018-01-01,0.9382022757694504,1,-0.062436817588621296,0.8593709202712493,-0.22854274661678145
2018.0,6.0,Europe,Model 3,-0.6663439142506902,-0.6748794542122373,0.5054622002131886,120.0,682.0,746.79,Official (Quarter),3654.0,2018-06-01,0.9873524969410865,2,-0.0085355399615471,-0.9479048797154318,-0.3368116609958221
2017.0,11.0,Europe,Model X,-0.2851693220150291,-0.2840154690842641,0.5082063114954267,100.0,561.0,740.52,Official (Quarter),9631.0,2017-11-01,1.0040626411458689,4,0.0011538529307649759,-0.6663439142506902,-0.14492484929290952
2024.0,2.0,Europe,Model S,0.7564537803676208,0.7796510273811089,0.2716734619725469,100.0,558.0,1079.65,Official (Quarter),7832.0,2024-02-01,0.9702466280440764,1,0.02319724701348813,-0.2851693220150291,0.20550841733469216
2015.0,7.0,Middle East,Model 3,0.1076946243825256,0.1364274122155556,1.193903109031359,60.0,334.0,518.33,Official (Quarter),12543.0,2015-07-01,0.7893913886775765,3,0.028732787833030002,0.7564537803676208,0.1285769468762617
2017.0,8.0,Europe,Model Y,-0.0239376681361893,-0.1713339598581817,1.3174910022664972,60.0,341.0,502.7,Interpolated (Month),9501.0,2017-08-01,0.1397135054603491,3,-0.1473962917219924,0.1076946243825256,-0.03153766238467084
2016.0,5.0,Asia,Cybertruck,-0.1560781934445518,-0.1934007554149562,-0.3625348414591175,100.0,572.0,798.63,Interpolated (Month),12420.0,2016-05-01,0.8070195646840883,2,-0.0373225619704044,-0.0239376681361893,0.05658378311564606
2022.0,9.0,Europe,Cybertruck,0.1641084640334034,0.108022281764814,-1.1344596574537436,100.0,550.0,871.86,Interpolated (Month),8410.0,2022-09-01,1.5192093830298843,3,-0.0560861822685894,-0.1560781934445518,-0.1861744318925948
2023.0,5.0,Europe,Model X,0.8741096711710281,0.8399825854459072,-0.3367105723246719,120.0,694.0,1390.98,Estimated (Region),10000.0,2023-05-01,1.0406283252967732,2,-0.03412708572512091,0.1641084640334034,-0.2943219676545276
2019.0,8.0,Europe,Cybertruck,0.8649614809573722,1.0625285661674198,-0.0067248534829973,82.0,485.0,969.47,Estimated (Region),8350.0,2019-08-01,0.8140595071973648,3,0.1975670852100475,0.8741096711710281,-0.0058167392278746875
2022.0,2.0,Asia,Model 3,-0.642965205926903,-0.7232386019217643,1.666674068357798,120.0,666.0,738.46,Official (Quarter),14183.0,2022-02-01,0.8890084188239378,1,-0.08027339599486127,0.8649614809573722,-1.071613435574701
2023.0,4.0,Asia,Model 3,1.380309529659986,1.375924013702461,0.0924572987103436,100.0,598.0,1377.25,Estimated (Region),13937.0,2023-04-01,1.0031873242372769,2,-0.00438551595752501,-0.642965205926903,0.1276196904965072
2017.0,12.0,Asia,Model S,0.910194199236004,1.1392928443276884,-0.6499075588911334,82.0,464.0,939.88,Interpolated (Month),3947.0,2017-12-01,0.7989115386510844,4,0.22909864509168443,1.380309529659986,-0.5915420901423413
2019.0,4.0,Middle East,Cybertruck,-0.1921627215095277,-0.2375343465285051,0.4229291144246921,82.0,473.0,650.33,Interpolated (Month),4507.0,2019-04-01,0.8089892022687649,2,-0.0453716250189774,0.910194199236004,-0.08127120963346329
2022.0,6.0,Asia,Model 3,0.5684076481980279,0.4378504493953258,0.0338518095960458,100.0,557.0,1015.88,Interpolated (Month),11051.0,2022-06-01,1.2981776060364958,2,-0.1305571988027021,-0.1921627215095277,0.019241627479735825
2021.0,9.0,Europe,Cybertruck,0.3630816011804185,0.4200092104345295,-0.4060121807640511,75.0,448.0,762.79,Interpolated (Month),6959.0,2021-09-01,0.8644610455203701,3,0.056927609254111,0.5684076481980279,-0.1474155526905652
2025.0,4.0,North America,Model Y,0.5437583579001218,0.5951350560233991,-0.9082680467169996,120.0,690.0,1248.42,Official (Quarter),14114.0,2025-04-01,0.9136722033036191,2,0.051376698123277276,0.3630816011804185,-0.4938783416159868
2019.0,8.0,Asia,Model X,-0.2625529628757131,-0.1656998843968777,0.3365748499479415,60.0,356.0,474.67,Estimated (Region),7931.0,2019-08-01,1.584509028665686,3,0.09685307847883542,0.5437583579001218,-0.0883687240832806
2016.0,12.0,Europe,Model S,0.1648708132178747,0.1439395128306277,-0.6831206993028396,82.0,461.0,730.98,Estimated (Region),5335.0,2016-12-01,1.145417335209941,4,-0.020931300387246998,-0.2625529628757131,-0.1126266652200224
2020.0,2.0,North America,Model Y,-0.411211053847621,-0.4394220505585693,1.4499300336494538,60.0,352.0,438.45,Interpolated (Month),9061.0,2020-02-01,0.9357997700045139,1,-0.02821099671094829,0.1648708132178747,-0.5962272571423085
2021.0,4.0,Middle East,Model X,0.7737336952156374,0.6679085307319106,-1.6208870561192132,120.0,685.0,1332.36,Estimated (Region),13741.0,2021-04-01,1.1584426004677033,2,-0.10582516448372681,-0.411211053847621,-1.254134931458315
2025.0,11.0,Asia,Model S,-0.1883509755871711,-0.2659394769792467,-0.9189741066734246,120.0,671.0,924.07,Estimated (Region),9897.0,2025-11-01,0.7082475220550636,4,-0.0775885013920756,0.7737336952156374,0.17308966953128857
2023.0,7.0,Middle East,Cybertruck,-1.364909883621245,-1.3213896133968848,0.0262845039861775,100.0,551.0,376.14,Interpolated (Month),14096.0,2023-07-01,1.03293522953649,3,0.043520270224360225,-0.1883509755871711,-0.035875979276815684
2019.0,8.0,North America,Cybertruck,0.8245569741803922,1.0526689341101376,-0.9993888439227244,100.0,563.0,1111.95,Interpolated (Month),10954.0,2019-08-01,0.783301328140193,3,0.22811195992974542,-1.364909883621245,-0.8240530411745619
2021.0,6.0,Europe,Model 3,-0.3520019338536816,-0.2635919455370367,0.382349966187813,120.0,718.0,919.43,Official (Quarter),7483.0,2021-06-01,1.3354047413570254,2,0.08840998831664493,0.8245569741803922,-0.13458792750699994
2016.0,5.0,Middle East,Model Y,1.3427003032260674,1.1038451195503167,0.0686509777385299,120.0,669.0,1525.92,Estimated (Region),11849.0,2016-05-01,1.216384689704526,2,-0.23885518367575065,-0.3520019338536816,0.09217768862629011
2021.0,9.0,Middle East,Model S,0.8093099904909657,0.9493775506528956,-1.2651774685196575,60.0,344.0,676.32,Estimated (Region),14262.0,2021-09-01,0.852463795814843,3,0.1400675601619299,1.3427003032260674,-1.0239207650170281
2024.0,3.0,Middle East,Model S,0.3719756749992506,0.3643727152541513,-0.3410277885169423,82.0,491.0,838.58,Official (Quarter),12853.0,2024-03-01,1.0208658865683622,1,-0.00760295974509928,0.8093099904909657,-0.1268540418270913
2020.0,12.0,North America,Model X,-2.283794767304012,-2.251951077088948,-0.4536238286445447,60.0,341.0,47.83,Interpolated (Month),7602.0,2020-12-01,1.014140489346788,4,0.03184369021506406,0.3719756749992506,1.035983726182823
2020.0,9.0,Middle East,Model Y,0.0789794717674391,0.0225721372683682,-0.0878200269477265,75.0,435.0,667.7,Interpolated (Month),13425.0,2020-09-01,3.4989806604675464,3,-0.05640733449907089,-2.283794767304012,-0.006935979338933706
2024.0,4.0,North America,Model X,0.9739774143367712,0.9859990411513724,-0.9755974338979254,75.0,418.0,862.44,Interpolated (Month),5841.0,2024-04-01,0.9878076688588223,2,0.012021626814601172,0.0789794717674391,-0.9502098661014905
2018.0,5.0,Middle East,Model 3,0.426610699886362,0.2836176336421256,-0.0739687512343724,120.0,696.0,1211.14,Estimated (Region),9980.0,2018-05-01,1.5041755140819908,2,-0.1429930662442364,0.9739774143367712,-0.03155586073381581
2019.0,6.0,Europe,Model X,0.910194199236004,1.1099487013000628,0.4954753449344306,82.0,463.0,937.85,Estimated (Region),9303.0,2019-06-01,0.8200326719333154,2,0.19975450206405887,0.426610699886362,0.4509787848237769
2016.0,2.0,Asia,Cybertruck,0.1724943050625879,0.1725793964255903,0.4146222258429035,100.0,593.0,942.96,Official (Quarter),9847.0,2016-02-01,0.9995069436748256,1,8.509136300241527e-05,0.910194199236004,0.071519972710275
2022.0,11.0,Middle East,Model 3,-0.4467873491229494,-0.3718131450229199,0.8977384002080155,60.0,350.0,428.61,Estimated (Region),5808.0,2022-11-01,1.2016448452768065,4,0.07497420410002947,0.1724943050625879,-0.4010981600348167
2018.0,8.0,Europe,Model S,1.3531190754138422,1.221925951093482,-1.0438766484036757,120.0,674.0,1541.47,Official (Quarter),6676.0,2018-08-01,1.1073658548645748,3,-0.13119312432036034,-0.4467873491229494,-1.4124894053340822
2015.0,6.0,North America,Model 3,0.6527742912795209,0.5312822007952858,0.6019902038379447,60.0,348.0,652.03,Estimated (Region),7297.0,2015-06-01,1.2286771329857682,2,-0.12149209048423515,1.3531190754138422,0.39296372866752866
2022.0,2.0,Middle East,Model Y,1.3554061229672565,1.2752149148316505,1.1641403617588122,60.0,343.0,784.92,Estimated (Region),11634.0,2022-02-01,1.0628844653578982,1,-0.08019120813560598,0.6527742912795209,1.577882974321211
2015.0,6.0,Europe,Model X,0.7490844049177313,0.9104085287122088,1.5685868767068905,120.0,668.0,1289.57,Estimated (Region),14119.0,2015-06-01,0.8228002938168059,2,0.16132412379447747,1.3554061229672565,1.1750039670997439
2024.0,12.0,Middle East,Cybertruck,0.732566839254186,0.6866887822695911,0.6251265262572389,75.0,441.0,847.05,Official (Quarter),14903.0,2024-12-01,1.0668105525664222,4,-0.045878056984594906,0.7490844049177313,0.4579469634742144
2025.0,12.0,Europe,Model Y,-1.043198527774347,-0.9929699646316988,-0.1476452315278116,100.0,576.0,502.59,Estimated (Region),4756.0,2025-12-01,1.0505841716584834,4,0.05022856314264812,0.732566839254186,0.15402328816271565
2024.0,3.0,North America,Cybertruck,-0.2803411105133773,-0.1534927208973854,0.7530052930115885,100.0,581.0,768.58,Official (Quarter),10965.0,2024-03-01,1.826413062941232,1,0.1268483896159919,-1.043198527774347,-0.21109834006531977
2023.0,12.0,Europe,Model X,-0.7585881655717202,-0.808923499562431,-0.8815158196466847,100.0,598.0,622.25,Estimated (Region),3098.0,2023-12-01,0.9377749144165812,4,-0.050335333990710884,-0.2803411105133773,0.6687074685482298
2020.0,9.0,North America,Model X,2.138592851814128,2.3003818956447786,-1.3733071829848436,60.0,358.0,984.75,Official (Quarter),13682.0,2020-09-01,0.9296686153994869,3,0.1617890438306504,-0.7585881655717202,-2.9369449248763835
2022.0,6.0,Europe,Model 3,-1.8863567257996292,-1.867894933143384,1.3148736340338818,82.0,488.0,182.93,Estimated (Region),6191.0,2022-06-01,1.0098837425642442,2,0.018461792656245146,2.138592851814128,-2.4803207231364133
2022.0,12.0,Asia,Model X,-0.9014015794626812,-0.7981248549282648,-1.2452335798561711,82.0,460.0,439.87,Estimated (Region),9697.0,2022-12-01,1.129399208528218,4,0.10327672453441639,-1.8863567257996292,1.1224555156823213
2023.0,7.0,Asia,Model Y,1.3292321343004074,1.1482134638080863,-0.5490200913908987,82.0,467.0,1061.47,Estimated (Region),7184.0,2023-07-01,1.1576524541803985,3,-0.18101867049232112,-0.9014015794626812,-0.729775147853329
2023.0,3.0,North America,Model S,-0.21655789541261,-0.2713387992963298,0.6210911269635435,100.0,574.0,780.93,Estimated (Region),14739.0,2023-03-01,0.7981088439036931,1,-0.05478090388371981,1.3292321343004074,-0.13450218731467115
2022.0,4.0,North America,Cybertruck,-0.6188241484186444,-0.4908329891429694,1.119561103469505,120.0,711.0,798.49,Official (Quarter),5066.0,2022-04-01,1.2607631559141064,2,0.127991159275675,-0.21655789541261,-0.6928114464571543
2017.0,12.0,Asia,Model X,0.6705624389171851,0.4744719398938026,-1.4136621699849377,75.0,418.0,787.57,Interpolated (Month),10142.0,2017-12-01,1.4132815505744596,4,-0.19609049902338255,-0.6188241484186444,-0.9479487525100602
2015.0,4.0,Asia,Model X,1.3183051293229853,1.2268557671221232,1.503305259582625,100.0,592.0,1341.77,Estimated (Region),8147.0,2015-04-01,1.0745396196126444,2,-0.09144936220086208,0.6705624389171851,1.9818150346459964
2023.0,5.0,Europe,Model Y,0.0866029636121523,-0.0544268940361213,1.2511800327666631,60.0,339.0,521.87,Estimated (Region),14655.0,2023-05-01,-1.591179602397977,2,-0.1410298576482736,1.3183051293229853,0.10835589884994286
2025.0,8.0,North America,Model S,1.3299944834848787,1.1010280818196647,-1.175840020576869,82.0,481.0,1093.51,Interpolated (Month),8176.0,2025-08-01,1.2079569135846218,3,-0.22896640166521398,0.0866029636121523,-1.563860740827982
2017.0,1.0,North America,Model 3,-1.3826980312589092,-1.4483910644204483,1.7366342436236524,60.0,350.0,235.25,Official (Quarter),12941.0,2017-01-01,0.9546441325307229,1,-0.06569303316153907,1.3299944834848787,-2.401240749675229
2022.0,9.0,Middle East,Model X,-1.4124296494532909,-1.436418654065177,0.658569792284536,60.0,353.0,231.07,Estimated (Region),6681.0,2022-09-01,0.9832994339470631,3,-0.023989004611886244,-1.3826980312589092,-0.9301835008569739
2021.0,8.0,North America,Model Y,0.611099202528422,0.4817492873646538,-0.1998693323514625,82.0,453.0,837.62,Interpolated (Month),12903.0,2021-08-01,1.2685004805536089,3,-0.1293499151637682,-1.4124296494532909,-0.12213998960986687
2025.0,11.0,Europe,Model S,0.3089548090829546,0.2000455142994479,-0.9698388261609182,82.0,489.0,816.97,Estimated (Region),14449.0,2025-11-01,1.5444225788561323,4,-0.1089092947835067,0.611099202528422,-0.29963636937778326
2019.0,11.0,Asia,Model 3,-0.1243136440915801,-0.2511500288933234,1.3125594550572286,100.0,589.0,833.41,Official (Quarter),5017.0,2019-11-01,0.49497762209847346,4,-0.12683638480174328,0.3089548090829546,-0.16316904894502265
2023.0,12.0,Middle East,Model Y,-1.162379116946697,-1.1739646388260936,1.2975426403189063,100.0,568.0,455.65,Estimated (Region),14419.0,2023-12-01,0.990131285478086,4,-0.011585521879396543,-0.1243136440915801,-1.5082364684545762
2021.0,11.0,North America,Model S,1.2413078616913815,0.9850600285744884,0.3681457980617824,82.0,462.0,1026.13,Interpolated (Month),13348.0,2021-11-01,1.2601342310962689,4,-0.25624783311689314,-1.162379116946697,0.4569822733827382
2021.0,8.0,Middle East,Model Y,0.7996535674876624,0.8348180162730451,0.1381523928679038,82.0,469.0,919.4,Official (Quarter),5511.0,2021-08-01,0.9578777073566637,3,0.03516444878538272,1.2413078616913815,0.11047405381377635
2016.0,9.0,Europe,Model S,2.6519079693581515,2.411889639149756,1.2507824075129428,100.0,590.0,1801.68,Estimated (Region),9489.0,2016-09-01,1.0995146404347949,3,-0.24001833020839536,0.7996535674876624,3.316959834416548
2018.0,2.0,Middle East,Model X,-0.6025606991499228,-0.6673673535971651,1.2863837846048078,82.0,488.0,552.73,Interpolated (Month),8035.0,2018-02-01,0.9028920817029346,1,-0.06480665444724232,2.6519079693581515,-0.7751243126265968
2025.0,4.0,Middle East,Model S,-0.7438494146719412,-0.8490662872242228,0.6097965816316123,75.0,432.0,453.28,Interpolated (Month),8329.0,2025-04-01,0.8760793189701856,2,-0.10521687255228163,-0.6025606991499228,-0.4535968303156254
2023.0,11.0,Middle East,Model 3,0.230941075872056,0.1986369954341219,-0.2612562101155355,120.0,702.0,1140.5,Estimated (Region),14313.0,2023-11-01,1.1626287206335024,4,-0.03230408043793412,-0.7438494146719412,-0.06033479024233769
2021.0,1.0,Middle East,Model 3,-1.978346860725836,-1.966960760004648,-0.8210370185557961,120.0,669.0,214.45,Official (Quarter),11269.0,2021-01-01,1.0057886771066857,1,0.011386100721188175,0.230941075872056,1.6242960081995594
2023.0,3.0,Asia,Model X,-0.7458823458305315,-0.6680716130298281,-0.423512662243425,82.0,455.0,476.86,Interpolated (Month),10605.0,2023-03-01,1.1164706466838448,1,0.07781073280070339,-1.978346860725836,0.3158906180030594
2023.0,10.0,North America,Model S,0.2278916791341707,0.1784482250311154,0.7457774599620842,75.0,414.0,671.86,Interpolated (Month),7636.0,2023-10-01,1.277074507714683,4,-0.049443454103055284,-0.7458823458305315,0.16995647761117613
2018.0,2.0,North America,Model Y,0.3465640355168732,0.5000600326138922,1.5156455593318408,82.0,488.0,826.14,Estimated (Region),10624.0,2018-02-01,0.6930448604447123,1,0.153495997097019,0.2278916791341707,0.5252682414552712
2018.0,5.0,Europe,Model 3,1.1416942349204622,0.9033659343855786,-0.0019006650922327,120.0,701.0,1515.74,Interpolated (Month),6027.0,2018-05-01,1.2638225457294687,2,-0.23832830053488363,0.3465640355168732,-0.0021699783783166423
2025.0,3.0,North America,Model X,-1.4980668745089023,-1.5089573756294676,1.6045023777491942,82.0,472.0,285.11,Official (Quarter),7808.0,2025-03-01,0.9927827642473849,1,-0.010890501120565332,1.1416942349204622,-2.4036518621768375
2024.0,4.0,Middle East,Model 3,1.1820987416974422,1.2977512166768668,-0.9848536527729718,75.0,427.0,933.46,Official (Quarter),9094.0,2024-04-01,0.9108823991122318,2,0.11565247497942455,-1.4980668745089023,-1.1641942636990597
2025.0,1.0,Middle East,Cybertruck,-1.443685966016615,-1.433132110046083,-1.085908122879769,100.0,594.0,377.87,Official (Quarter),5982.0,2025-01-01,1.0073641891745715,1,0.010553855970532044,1.1820987416974422,1.5677103173849682
2025.0,6.0,Europe,Model 3,0.0233279813010326,0.0451084391135847,1.135138072784006,100.0,575.0,863.71,Estimated (Region),13997.0,2025-06-01,0.5171533699557169,2,0.021780457812552098,-1.443685966016615,0.02648047973599547
2021.0,7.0,North America,Model 3,0.8420910054232326,0.6866887822695911,0.9118446531153176,120.0,660.0,1310.36,Estimated (Region),9693.0,2021-07-01,1.2263066285137467,3,-0.1554022231536415,0.0233279813010326,0.7678561807316765
2015.0,8.0,Europe,Model Y,-0.7669740066009046,-0.8366243705805096,1.425695271466756,75.0,434.0,449.45,Estimated (Region),7810.0,2015-08-01,0.9167483443839,3,-0.069650363979605,0.8420910054232326,-1.0934712145488221
2020.0,9.0,Asia,Model S,2.558139019668179,2.584902706440636,-0.0426945309661205,60.0,345.0,1034.43,Official (Quarter),5116.0,2020-09-01,0.9896461531392374,3,0.026763686772456996,-0.7669740066009046,-0.10921854559086419
2021.0,9.0,North America,Model S,0.3910344046110336,0.3303335093421056,-0.1617604310033226,100.0,556.0,955.85,Interpolated (Month),3575.0,2021-09-01,1.183756396345682,3,-0.06070089526892802,2.558139019668179,-0.06325389382700844
2021.0,9.0,North America,Model 3,-0.0201259222138327,0.0777391261603043,0.2505277509796911,75.0,441.0,651.11,Estimated (Region),4798.0,2021-09-01,-0.25889051251144035,3,0.09786504837413701,0.3910344046110336,-0.005042102028623712
2017.0,11.0,Asia,Model X,-1.1008829493993435,-1.146498520952236,1.3060836307688233,60.0,337.0,282.57,Interpolated (Month),6158.0,2017-11-01,0.9602131440038788,4,-0.04561557155289253,-0.0201259222138327,-1.4378451996029853
2018.0,5.0,Middle East,Model Y,0.5338478185019947,0.4092105658003632,-1.5312434367310603,75.0,433.0,780.89,Estimated (Region),10142.0,2018-05-01,1.3045797521328832,2,-0.1246372527016315,-1.1008829493993435,-0.8174509682943737
2025.0,2.0,Asia,Model 3,1.914462191579559,2.0984941916147144,1.1351678946780348,120.0,674.0,1764.8,Interpolated (Month),6883.0,2025-02-01,0.9123028308724793,1,0.1840320000351554,0.5338478185019947,2.1732360154560646
2021.0,9.0,Europe,Model 3,-0.8477830201548648,-0.8037589303895689,-0.2868940924122988,82.0,458.0,452.46,Official (Quarter),11269.0,2021-09-01,1.0547727534970692,3,0.044024089765295926,1.914462191579559,0.24322394012988757
2022.0,12.0,Asia,Model 3,1.2100515451280571,1.2864830657542583,-0.5354148463032847,75.0,446.0,982.36,Interpolated (Month),6498.0,2022-12-01,0.9405887860782763,4,0.07643152062620118,-0.8477830201548648,-0.6478795620537909
2017.0,12.0,North America,Model 3,4.010414216086048,4.292027571215783,-1.175965272531791,120.0,661.0,2548.55,Official (Quarter),8388.0,2017-12-01,0.9343868718322412,4,0.2816133551297355,1.2100515451280571,-4.716107846584999
2024.0,9.0,Middle East,Model Y,-1.3473758523784043,-1.3056611527340771,-0.9850822872938608,82.0,468.0,324.32,Official (Quarter),5258.0,2024-09-01,1.0319491006965902,3,0.04171469964432717,4.010414216086048,1.3272760865054338
2018.0,11.0,North America,Model 3,0.2352610545840602,0.253099724893395,-1.1787481522762675,82.0,479.0,779.43,Estimated (Region),5010.0,2018-11-01,0.9295192030854699,4,0.01783867030933481,-1.3473758523784043,-0.27731353339352705
2018.0,10.0,Europe,Model S,0.1905365690950759,0.1446437722632907,0.4267413465447373,120.0,703.0,1125.36,Official (Quarter),4327.0,2018-10-01,1.3172815262882382,4,-0.04589279683178521,0.2352610545840602,0.08130983206164706
2016.0,11.0,Asia,Cybertruck,1.0692710623956867,1.0017275018141796,-1.1544616988105865,82.0,468.0,991.93,Estimated (Region),4711.0,2016-11-01,1.0674270801781744,4,-0.06754356058150712,0.1905365690950759,-1.2344324871823251
2021.0,11.0,Asia,Model X,0.4118719489865831,0.3451229574280289,0.3020301619678391,75.0,424.0,734.13,Estimated (Region),4043.0,2021-11-01,1.193406408127671,4,-0.06674899155855418,1.0692710623956867,0.12439775146242725
2023.0,7.0,North America,Model X,-0.0572269158581037,-0.1485629048687443,-1.0559495451697647,82.0,457.0,664.73,Interpolated (Month),12325.0,2023-07-01,0.38520326395518334,3,-0.09133598901064059,0.4118719489865831,0.060428735771833
2020.0,9.0,Europe,Model Y,0.0271397272233892,-0.0647560323818455,-0.3100522842205484,60.0,353.0,531.04,Official (Quarter),12254.0,2020-09-01,-0.4191073205868289,3,-0.0918957596052347,-0.0572269158581037,-0.008414734418734424
2015.0,9.0,Europe,Model X,1.312206335847215,1.0503214026679275,-1.3727882820287385,100.0,589.0,1332.85,Official (Quarter),5142.0,2015-09-01,1.2493379002980154,3,-0.2618849331792874,0.0271397272233892,-1.801381481454924
2018.0,1.0,Asia,Model S,1.1200943413604414,1.2766234336969762,-0.074197385755262,100.0,567.0,1218.77,Interpolated (Month),7350.0,2018-01-01,0.8773882037530504,1,0.15652909233653478,1.312206335847215,-0.08310807192820678
2022.0,5.0,North America,Model S,0.1437791524475015,0.0521510334402148,-0.6767815586954008,60.0,353.0,555.34,Estimated (Region),6926.0,2022-05-01,2.7569760935289587,2,-0.0916281190072867,1.1200943413604414,-0.09730707890132372
2020.0,6.0,Asia,Model S,-0.5156528921201922,-0.4349617408183702,-0.8109671590053241,120.0,706.0,835.87,Interpolated (Month),5470.0,2020-06-01,1.18551321582906,2,0.08069115130182197,0.1437791524475015,0.4181775609555911
2015.0,2.0,Europe,Model 3,-1.9308270948937896,-1.9326868009483813,-1.606666982983034,120.0,696.0,242.63,Interpolated (Month),9032.0,2015-02-01,0.9990377612897863,1,-0.0018597060545917365,-0.5156528921201922,3.102196143214901
2024.0,9.0,North America,Model X,-0.0496034240133905,0.0507425145748888,-0.0458576398594671,60.0,340.0,496.08,Interpolated (Month),3988.0,2024-09-01,-0.9775515547260244,3,0.1003459385882793,-1.9308270948937896,0.0022746959542025037
2022.0,1.0,Asia,Cybertruck,0.906890686103295,1.079900298839774,-0.9847467909860343,60.0,332.0,671.85,Interpolated (Month),8794.0,2022-01-01,0.839791124308089,1,0.17300961273647886,-0.0496034240133905,-0.8930576929153428
2019.0,2.0,Middle East,Model X,-1.901603709489056,-1.8789283309217717,1.3418211945100873,100.0,557.0,203.78,Official (Quarter),10173.0,2019-02-01,1.0120682509248025,1,0.02267537856728441,0.906890686103295,-2.5516121609514184
2019.0,11.0,Middle East,Model 3,0.2136611610240393,0.0462822048346897,-1.2403243990674246,75.0,414.0,668.38,Interpolated (Month),10510.0,2019-11-01,4.616486223748242,4,-0.1673789561893496,-1.901603709489056,-0.2650091511511898
2019.0,5.0,North America,Model S,-0.9811941274373462,-1.0331127522934906,-0.3045431863302503,60.0,351.0,319.11,Estimated (Region),5609.0,2019-05-01,0.94974544187855,2,-0.0519186248561444,0.2136611610240393,0.2988159859782991
2022.0,7.0,Asia,Model 3,0.1211627933081856,0.0451084391135847,-1.17725457241698,82.0,473.0,737.81,Interpolated (Month),9387.0,2022-07-01,2.686033826244647,3,-0.07605435419460091,-0.9811941274373462,-0.142639452428875
2021.0,7.0,Europe,Model 3,0.1295486343373701,0.205444836616531,1.022985384814303,82.0,476.0,744.84,Official (Quarter),4831.0,2021-07-01,0.6305762484514349,3,0.07589620227916091,0.1211627933081856,0.13252635954978195
2023.0,8.0,Middle East,Cybertruck,0.7239268818301777,0.8848204359921191,-0.4424063232055221,120.0,672.0,1287.32,Estimated (Region),12301.0,2023-08-01,0.8181624795074529,3,0.1608935541619414,0.1295486343373701,-0.3202698300601274
2015.0,3.0,North America,Model 3,-0.8144937724329504,-0.902590004106612,-0.4556402857124744,82.0,461.0,464.48,Estimated (Region),5927.0,2015-03-01,0.902396180687975,1,-0.08809623167366165,0.7239268818301777,0.3711161751823806
2021.0,2.0,Middle East,Model S,0.2540656678010194,0.2406578082496817,0.350546407300546,82.0,458.0,750.34,Official (Quarter),11899.0,2021-02-01,1.055713378464027,1,-0.01340785955133772,-0.8144937724329504,0.08906180706606136
2024.0,9.0,Asia,Model Y,-1.3877803591553848,-1.4415832232380392,-1.6952280676179328,60.0,342.0,228.85,Interpolated (Month),7924.0,2024-09-01,0.9626779340829147,3,-0.053802864082654445,0.2540656678010194,2.3526042165291035
2022.0,12.0,North America,Model S,-1.322218329290851,-1.3131732533491496,1.153365214414554,82.0,489.0,346.14,Official (Quarter),10611.0,2022-12-01,1.006887953222191,4,0.009045075941701342,-1.3877803591553848,-1.5250006268653957
2021.0,5.0,Asia,Model Y,-0.0958526078713174,-0.2180498355581617,-1.1238023065909,120.0,717.0,1026.56,Official (Quarter),11318.0,2021-05-01,0.43959036990766304,2,-0.12219722768684431,-1.322218329290851,0.10771938181853954
2021.0,12.0,Middle East,Model X,1.0004055193984438,1.0334191762840153,-0.5441874534634934,60.0,332.0,690.18,Estimated (Region),14913.0,2021-12-01,0.9680539536683629,4,0.03301365688557145,-0.0958526078713174,-0.5444081320322626
2017.0,7.0,Europe,Cybertruck,-0.8193219839346021,-0.7338024934117094,1.0111192531801485,82.0,463.0,465.18,Interpolated (Month),13965.0,2017-07-01,1.1165429271373581,3,0.08551949052289265,1.0004055193984438,-0.8284322325100325
2019.0,9.0,Asia,Model X,1.5149912189165864,1.610207651635024,-0.9971273502921892,100.0,561.0,1336.64,Official (Quarter),6375.0,2019-09-01,0.9408669853097805,3,0.09521643271843772,-0.8193219839346021,-1.5106391798342298
2015.0,2.0,Europe,Model Y,-0.0155518271070048,0.155442416897457,-0.8928411809357789,100.0,583.0,862.34,Official (Quarter),12139.0,2015-02-01,-0.10004879888907095,1,0.1709942440044618,1.5149912189165864,0.013885311679927223
2016.0,11.0,North America,Model 3,-1.5905652422247565,-1.5354844809264412,1.587861760880992,60.0,354.0,194.51,Estimated (Region),3018.0,2016-11-01,1.0358719101251235,4,0.055080761298315295,-0.0155518271070048,-2.5255977263151035
2021.0,4.0,Asia,Model S,-0.5951913237000334,-0.5028053994982407,0.9413877124351836,60.0,347.0,394.54,Interpolated (Month),7046.0,2021-04-01,1.1837409150617444,2,0.0923859242017927,-1.5905652422247565,-0.5603057986792432
2022.0,6.0,Middle East,Model Y,-0.6073889106515745,-0.6072705486765878,-1.5799361282701057,82.0,490.0,553.6,Official (Quarter),11592.0,2022-06-01,1.000194908143075,2,0.00011836197498671375,-0.5951913237000334,0.9596356838490457
2017.0,1.0,Asia,Model Y,-0.4800765968448637,-0.4596108209615758,0.0747808680561987,60.0,334.0,402.45,Official (Quarter),12304.0,2017-01-01,1.0445284900831324,1,0.020465775883287907,-0.6073889106515745,-0.03590054464552465
2020.0,3.0,Middle East,Model Y,1.1986163073609877,1.2047889715653488,-1.3288134141250867,100.0,556.0,1220.89,Estimated (Region),9442.0,2020-03-01,0.9948765598374119,1,0.0061726642043611335,-0.4800765968448637,-1.5927374276103583
2020.0,6.0,North America,Model 3,-0.5466550922886926,-0.422519824174657,-1.4253205424240227,100.0,575.0,670.25,Interpolated (Month),14022.0,2020-06-01,1.2937975001682331,2,0.12413526811403558,1.1986163073609877,0.7791587326597735
2023.0,12.0,Europe,Cybertruck,0.3064136451347169,0.3408974008320508,-0.6288239768441708,100.0,577.0,963.13,Official (Quarter),11768.0,2023-12-01,0.8988441812311649,4,0.03448375569733386,-0.5466550922886926,-0.1926802468929312
2020.0,6.0,North America,Cybertruck,-1.3328912178734496,-1.3049568933014144,-1.4854220965554437,120.0,673.0,472.14,Estimated (Region),14177.0,2020-06-01,1.0214063197914254,2,0.027934324572035152,0.3064136451347169,1.9799060673339182
2015.0,12.0,Middle East,Model 3,0.6728494864705991,0.5073373800847433,-1.6218393686018735,120.0,715.0,1348.13,Estimated (Region),10399.0,2015-12-01,1.3262367664653636,4,-0.16551210638585578,-1.3328912178734496,-1.0912537863015712
2017.0,4.0,Asia,Model 3,0.2217928856584001,0.3256384464576855,0.5426694862985172,82.0,457.0,740.0,Estimated (Region),13510.0,2017-04-01,0.6811016575931876,2,0.10384556079928542,0.6728494864705991,0.12036023132490975
2017.0,3.0,North America,Model S,-0.1591275901824371,-0.3004481891797345,1.597357548971404,75.0,447.0,623.3,Official (Quarter),12422.0,2017-03-01,0.5296340464453377,1,-0.14132059899729738,0.2217928856584001,-0.2541836574275438
2022.0,9.0,Middle East,Model S,-0.1797110181631628,-0.0962129537074602,0.3685762273989351,75.0,438.0,605.43,Official (Quarter),3220.0,2022-09-01,1.8678463890588184,3,0.08349806445570258,-0.1591275901824371,-0.06623720909660004
2020.0,2.0,Asia,Model X,-0.759858747545839,-0.6462395706172747,0.9313004567798616,75.0,437.0,454.39,Official (Quarter),12886.0,2020-02-01,1.1758158771058196,1,0.11361917692856438,-0.1797110181631628,-0.7076567986776134
2019.0,9.0,Middle East,Model Y,0.9907490963951404,1.1846002011623424,-1.4308624443977522,75.0,447.0,926.7,Interpolated (Month),12906.0,2019-09-01,0.8363573595741473,3,0.19385110476720202,-0.759858747545839,-1.4176256738528148
2018.0,1.0,North America,Model S,-1.371262793491839,-1.4129433396430766,-1.3293864915220113,60.0,346.0,234.9,Estimated (Region),13828.0,2018-01-01,0.9705009075864526,1,-0.04168054615123751,0.9907490963951404,1.8229382339947882
2018.0,1.0,Middle East,Model S,0.476163396876998,0.3345590659380837,0.5487889389532755,100.0,598.0,1058.1,Estimated (Region),9746.0,2018-01-01,1.4232565945922409,1,-0.14160433093891428,-1.371262793491839,0.26131320534051516
2024.0,9.0,Middle East,Model S,0.3178488829017867,0.158963714060772,-0.4027541388413793,60.0,358.0,599.99,Interpolated (Month),10074.0,2024-09-01,1.9995058921451263,3,-0.1588851688410147,0.476163396876998,-0.12801495311480351
2015.0,3.0,Middle East,Model Y,-1.2004965761702633,-1.2528416952843513,-0.8643548107276747,82.0,473.0,368.8,Interpolated (Month),11575.0,2015-03-01,0.9582188880597501,1,-0.05234511911408801,0.3178488829017867,1.0376549908748696
2017.0,8.0,Asia,Model 3,-0.4803307132396875,-0.5537468317941987,-0.515466484355694,75.0,426.0,513.24,Official (Quarter),3824.0,2017-08-01,0.8674193433908504,3,-0.07341611855451119,-1.2004965761702633,0.2475943840817247
2019.0,12.0,North America,Model 3,1.003454916136329,1.1369453128854785,1.5266990443537036,60.0,350.0,728.23,Estimated (Region),4870.0,2019-12-01,0.8825885508860921,4,0.13349039674914942,-0.4803307132396875,1.5319736615173594
2022.0,8.0,Asia,Cybertruck,1.0303912539876492,0.8028915886589885,-0.3938682084838604,75.0,418.0,876.36,Estimated (Region),11344.0,2022-08-01,1.2833504156004885,3,-0.22749966532866073,1.003454916136329,-0.4058383572455538
2017.0,6.0,Asia,Model X,-0.1138948719038053,-0.1912879771169672,-0.2236199857877555,120.0,703.0,999.03,Estimated (Region),3108.0,2017-06-01,0.5954105094339609,2,-0.07739310521316191,1.0303912539876492,0.025469169636427175
2020.0,6.0,North America,Model Y,-1.517887953305157,-1.5577860296274366,-1.437850211200323,82.0,488.0,289.07,Official (Quarter),5323.0,2020-06-01,0.9743879611426342,2,-0.039898076322279596,-0.1138948719038053,2.182495514238246
2020.0,10.0,Europe,Model X,-0.266110592403246,-0.37416067646513,0.4309820198756668,75.0,420.0,559.12,Official (Quarter),9048.0,2020-10-01,0.7112200964497836,4,-0.10805008406188399,-1.517887953305157,-0.11468888062426125
2024.0,8.0,North America,Model Y,-0.1080501948228585,-0.0732071455738017,1.6535494527956185,75.0,424.0,604.01,Estimated (Region),14077.0,2024-08-01,1.4759514795441762,3,0.034843049249056804,-0.266110592403246,-0.17866634052379765
2018.0,11.0,Middle East,Cybertruck,0.1801177969073012,0.2784530644692635,-0.5561634290739876,75.0,448.0,714.4,Interpolated (Month),11855.0,2018-11-01,0.6468515519863606,4,0.09833526756196229,-0.1080501948228585,-0.10017493156521672
2025.0,4.0,North America,Model S,1.200395122124754,1.25408713185176,-0.7179258318241293,82.0,468.0,1028.15,Interpolated (Month),11480.0,2025-04-01,0.9571863801459111,2,0.05369200972700594,0.1801177969073012,-0.8617946665690412
2020.0,3.0,Europe,Cybertruck,-1.1290898692247826,-1.0685604770708623,0.7457292479000706,60.0,340.0,279.43,Estimated (Region),3635.0,2020-03-01,1.0566457336320763,1,0.06052939215392028,1.200395122124754,-0.8419953389885861
2018.0,10.0,North America,Cybertruck,0.3465640355168732,0.3188306052752764,-1.3204881353753135,120.0,690.0,1168.1,Interpolated (Month),7185.0,2018-10-01,1.0869848433077869,4,-0.0277334302415968,-1.1290898692247826,-0.4576336970478198
2020.0,4.0,Middle East,Cybertruck,0.791013610063654,0.8838814234152351,1.1309838829457612,120.0,711.0,1390.18,Interpolated (Month),7981.0,2020-04-01,0.8949318190298099,2,0.09286781335158112,0.3465640355168732,0.8946236441727357
2023.0,10.0,Asia,Model X,-0.647285184638907,-0.5795696776585093,-1.3729016052260488,60.0,353.0,390.51,Official (Quarter),9387.0,2023-10-01,1.1168375599875615,4,0.06771550698039774,0.791013610063654,0.8886588690297949
2025.0,7.0,Asia,Cybertruck,-1.829434653359104,-1.8106151659534588,-1.0475646226319335,75.0,428.0,174.82,Official (Quarter),9020.0,2025-07-01,1.0103939742467223,3,0.018819487405645097,-0.647285184638907,1.916451022275912
2022.0,3.0,North America,Model S,-0.4234086407991622,-0.279789912488286,-0.8414312178191203,75.0,429.0,531.27,Interpolated (Month),3360.0,2022-03-01,1.513309171991285,1,0.1436187283108762,-1.829434653359104,0.3562692482627775
2025.0,2.0,Middle East,Cybertruck,-0.8190678675397783,-0.8230086882156913,-0.7660698005130409,75.0,447.0,449.17,Official (Quarter),13608.0,2025-02-01,0.9952116900679909,1,-0.003940820675912948,-0.4234086407991622,0.6274631578928398
2019.0,10.0,North America,Model X,0.7544208492090305,0.826836409369531,1.1272019697513125,120.0,660.0,1276.21,Estimated (Region),9504.0,2019-10-01,0.9124185155129806,4,0.07241556016050044,-0.8190678675397783,0.850384667249877
2023.0,9.0,Asia,Model X,0.450243524604973,0.4629690358269734,-1.2552244113874662,60.0,347.0,608.67,Official (Quarter),6777.0,2023-09-01,0.9725132563147132,3,0.012725511222000385,0.7544208492090305,-0.5651566631532954
2017.0,12.0,Europe,Model 3,-0.7110683997396744,-0.7427231128921077,-1.63026703585448,82.0,490.0,523.61,Interpolated (Month),11014.0,2017-12-01,0.9573801964649084,4,-0.03165471315243329,0.450243524604973,1.1592313723333874
2019.0,4.0,North America,Model X,0.0139256746925529,0.0523857865844358,-0.9443137700298976,60.0,346.0,517.81,Estimated (Region),11339.0,2019-04-01,0.2658292563786819,2,0.038460111891882906,-0.7110683997396744,-0.013150206369134563
2018.0,2.0,Europe,Model S,1.750303000523401,1.877591482902749,1.1335137736225576,100.0,557.0,1404.48,Official (Quarter),12995.0,2018-02-01,0.9322065084239941,1,0.12728848237934787,0.0139256746925529,1.9839925591061656
2025.0,10.0,Asia,Cybertruck,-1.7511668037533816,-1.6944123595640614,1.262567523001651,100.0,558.0,253.69,Official (Quarter),3311.0,2025-10-01,1.0334950603192732,4,0.056754444189320186,1.750303000523401,-2.2109663337776255
2021.0,8.0,Asia,Model S,-0.2729717350634879,-0.3518591277641345,-0.1576286075855991,120.0,691.0,917.1,Estimated (Region),12163.0,2021-08-01,0.7757983622538618,3,-0.07888739270064665,-1.7511668037533816,0.04302815450828265
2017.0,2.0,Asia,Model Y,-0.1746286902666873,-0.0203876881240756,0.070823005686978,100.0,583.0,807.6,Interpolated (Month),6742.0,2017-02-01,8.565399333358947,1,0.1542410021426117,-0.2729717350634879,-0.012367728723867114
2015.0,5.0,North America,Model 3,0.2672797203318557,0.3474704888702389,-1.4519748542756092,120.0,665.0,1094.66,Estimated (Region),14839.0,2015-05-01,0.7692155992898435,2,0.0801907685383832,-0.1746286902666873,-0.3880834329796718
2025.0,9.0,Europe,Model Y,-0.8264372429896678,-0.7208910704795543,-0.3284856939514635,75.0,427.0,427.21,Official (Quarter),6633.0,2025-09-01,1.146410708680164,3,0.10554617251011356,0.2672797203318557,0.27147281127079526
2020.0,6.0,Europe,Model Y,-1.1877907564290744,-1.1626964879034851,1.5980166128294462,75.0,431.0,339.28,Estimated (Region),3994.0,2020-06-01,1.021582819580747,2,0.02509426852558927,-0.8264372429896678,-1.8981093613389153
2018.0,10.0,Asia,Cybertruck,-2.090158074448296,-2.096779248758864,1.5820942065757757,60.0,331.0,84.26,Estimated (Region),6571.0,2018-10-01,0.9968422167882065,4,-0.006621174310567746,-1.1877907564290744,-3.3068269804122283
2020.0,11.0,North America,Cybertruck,1.140931885735991,0.932240571124762,0.3670498434562151,60.0,333.0,719.88,Estimated (Region),3944.0,2020-11-01,1.2238599360242814,4,-0.20869131461122892,-2.090158074448296,0.41877887005359976
2025.0,10.0,Middle East,Cybertruck,0.0642407208676602,0.1603722329260981,-1.1485157101727634,75.0,436.0,665.44,Estimated (Region),4027.0,2025-10-01,0.4005725909999849,4,0.0961315120584379,1.140931885735991,-0.07378147714933102
2025.0,8.0,Asia,Model Y,-0.2473059791862867,-0.1534927208973854,0.3391773072335423,82.0,487.0,653.72,Official (Quarter),5063.0,2025-08-01,1.6111902749552427,3,0.0938132582889013,0.0642407208676602,-0.08388057608315917
2015.0,8.0,Asia,Model S,2.505791042334481,2.1550696993719765,1.2993066053507245,82.0,489.0,1451.08,Estimated (Region),9781.0,2015-08-01,1.162742459357445,3,-0.3507213429625047,-0.2473059791862867,3.255790852933868
2018.0,3.0,Asia,Cybertruck,-0.3588630765139236,-0.2239186641636869,0.6624834188442803,75.0,443.0,565.49,Official (Quarter),9674.0,2018-03-01,1.6026492380804438,1,0.1349444123502367,2.505791042334481,-0.23774083782592065
2016.0,5.0,Europe,Cybertruck,0.9694033192299434,0.9010184029433684,-0.2941562206399367,100.0,591.0,1217.79,Estimated (Region),11803.0,2016-05-01,1.0758973579931121,2,-0.06838491628657495,-0.3588630765139236,-0.2851560166604902
2015.0,1.0,Europe,Model 3,-0.5908713449880293,-0.5352013334007394,-0.2036174473993456,75.0,417.0,475.19,Interpolated (Month),8942.0,2015-01-01,1.1040169523374603,1,0.0556700115872899,0.9694033192299434,0.12031171500788064
2018.0,12.0,North America,Model Y,0.5648500186704951,0.6754206313469828,1.089449937068386,120.0,680.0,1238.79,Interpolated (Month),8204.0,2018-12-01,0.8362936997408886,4,0.11057061267648771,-0.5908713449880293,0.6153758172936477
2022.0,5.0,Middle East,Model X,0.7963500543549533,0.8543025272433885,1.660762871929676,75.0,424.0,830.36,Official (Quarter),8531.0,2022-05-01,0.9321639922154594,2,0.05795247288843519,0.5648500186704951,1.3225486033318858
2018.0,1.0,Asia,Cybertruck,0.2131529282343918,0.2261031133079794,-1.621377129244424,82.0,470.0,758.65,Estimated (Region),7892.0,2018-01-01,0.9427244283189153,1,0.012950185073587583,0.7963500543549533,-0.3456012828707209
2018.0,10.0,Europe,Cybertruck,-0.0031001237606398,0.012712505211086,1.7168538783457588,75.0,444.0,660.01,Estimated (Region),4168.0,2018-10-01,-0.24386410932884595,4,0.0158126289717258,0.2131529282343918,-0.0053224595018062796
2016.0,12.0,Europe,Model Y,-2.490645512690564,-2.4688629823491564,1.3278044072848727,100.0,581.0,10.55,Official (Quarter),9832.0,2016-12-01,1.008822899649409,4,0.021782530341407647,-0.0031001237606398,-3.3070900887348222
2015.0,10.0,North America,Model 3,1.0184477834309318,0.974026630796101,-0.4019812547544599,120.0,691.0,1443.84,Estimated (Region),3563.0,2015-10-01,1.0456056859539087,4,-0.04442115263483082,-2.490645512690564,-0.4093969178854644
2015.0,9.0,North America,Cybertruck,1.2862864635751896,1.0977415378005706,-1.1020367972338063,60.0,355.0,797.9,Interpolated (Month),14353.0,2015-09-01,1.171757120671945,3,-0.188544925774619,1.0184477834309318,-1.417535014643601
2016.0,11.0,Asia,Model 3,-0.8607429562908773,-0.8126795498699672,-0.7768931599193134,82.0,463.0,453.86,Interpolated (Month),12467.0,2016-11-01,1.0591418923099523,4,0.048063406420910115,1.2862864635751896,0.6687053151911111
2017.0,1.0,Asia,Model S,0.0805041701363817,0.0310232504603244,0.5188949753470011,75.0,417.0,640.45,Official (Quarter),13663.0,2017-01-01,2.594962453703502,1,-0.0494809196760573,-0.8607429562908773,0.04177320937824856
2021.0,6.0,Middle East,Model X,-0.4493285130711871,-0.3366001733897692,-0.360746521880509,120.0,680.0,831.71,Interpolated (Month),5487.0,2021-06-01,1.3349027974233485,2,0.11272833968141788,0.0805041701363817,0.16209369827217157
2019.0,10.0,North America,Model Y,0.1333603802597268,0.1199946921200852,0.0010149220806722,100.0,553.0,866.58,Interpolated (Month),11213.0,2019-10-01,1.1113856613446353,4,-0.01336568813964159,-0.4493285130711871,0.0001353503946124377
2020.0,6.0,Asia,Model 3,-0.5126034953823069,-0.5563291163806298,-0.1154728752177189,100.0,597.0,707.89,Official (Quarter),14180.0,2020-06-01,0.9214033209644079,2,-0.04372562099832289,0.1333603802597268,0.059191799458447665
2025.0,1.0,Europe,Model S,-0.6973461144191906,-0.7983596080724858,-1.406997970732582,60.0,347.0,373.61,Official (Quarter),3619.0,2025-01-01,0.8734736920155862,1,-0.10101349365329526,-0.5126034953823069,0.981164567886052
2019.0,8.0,Asia,Model 3,0.9536481027508694,0.8827076576941301,0.1256803797533934,120.0,719.0,1474.85,Official (Quarter),8694.0,2019-08-01,1.080366862616843,3,-0.07094044505673935,-0.6973461144191906,0.11985485570483241
2025.0,6.0,Middle East,Model 3,-0.4173098473233916,-0.4591413146731338,-0.7139282069295371,75.0,420.0,521.64,Interpolated (Month),6188.0,2025-06-01,0.9088919554548858,2,-0.04183146734974219,0.9536481027508694,0.2979292710336278
2023.0,7.0,Asia,Model S,-0.5906172285932055,-0.4612540929711228,0.012965549081242,60.0,357.0,406.87,Estimated (Region),11481.0,2023-07-01,1.2804595939491894,3,0.12936313562208274,-0.4173098473233916,-0.007657676665552332
2022.0,8.0,Middle East,Model X,-0.0300364616119599,-0.0701553546989287,0.6039465200862496,60.0,353.0,519.12,Estimated (Region),9369.0,2022-08-01,0.428142110333006,3,-0.040118893086968796,-0.5906172285932055,-0.018140416466247405
2022.0,12.0,Asia,Model S,1.3518484934397232,1.0794307925513322,1.691580817219283,120.0,712.0,1627.85,Interpolated (Month),13741.0,2022-12-01,1.2523716228666288,4,-0.272417700888391,-0.0300364616119599,2.2867609792894235
2021.0,11.0,Europe,Model X,-1.4375871725408444,-1.477030948015411,1.3281771809602356,75.0,428.0,273.81,Official (Quarter),7945.0,2021-11-01,0.9732952274780942,4,-0.039443775474566456,1.3518484934397232,-1.9093704782098946
2025.0,12.0,Europe,Model X,-1.3644016508315977,-1.4122390802104137,0.0467174717117401,82.0,462.0,315.52,Interpolated (Month),4933.0,2025-12-01,0.9661265361869971,4,-0.047837429378815965,-1.4375871725408444,-0.06374139552617666
2023.0,7.0,Middle East,Model X,1.4255422479386175,1.5303915825998826,0.2736943923245815,120.0,713.0,1661.15,Estimated (Region),11403.0,2023-07-01,0.9314885576649975,3,0.10484933466126511,-1.3644016508315977,0.3901629192825778
2025.0,3.0,Europe,Model 3,-1.4231025380358893,-1.3720962925486218,1.0614258062177322,60.0,346.0,224.31,Estimated (Region),8862.0,2025-03-01,1.0371739547466636,1,0.05100624548726751,1.4255422479386175,-1.5105177587652447
2025.0,5.0,North America,Model S,-0.5565656316868197,-0.469705206163079,-0.7322323884529935,120.0,671.0,778.23,Interpolated (Month),14687.0,2025-05-01,1.1849254050924514,2,0.08686042552374074,-1.4231025380358893,0.4075353818208891
2016.0,5.0,Europe,Model X,-0.2877104859632668,-0.1861234079441051,0.4054793301651678,100.0,565.0,744.95,Interpolated (Month),10486.0,2016-05-01,1.5458049535052003,2,0.10158707801916173,-0.5565656316868197,-0.11666065512988034
2016.0,11.0,North America,Model X,-0.4714366394208554,-0.5347318271122974,-1.5279053727260763,120.0,696.0,842.19,Interpolated (Month),11239.0,2016-11-01,0.8816319050368596,4,-0.06329518769144199,-0.2877104859632668,0.7203105742710509
2023.0,4.0,North America,Model Y,0.671833020891304,0.7571147255358925,-1.4488972348118123,60.0,342.0,644.64,Interpolated (Month),9711.0,2023-04-01,0.8873596011697892,2,0.08528170464458851,-0.4714366394208554,-0.973417006224677
2021.0,5.0,Middle East,Cybertruck,1.8364484583686604,1.653167477027468,-1.367899479534245,120.0,700.0,1800.64,Estimated (Region),10928.0,2021-05-01,1.1108665539868634,2,-0.18328098134119242,0.671833020891304,-2.512076890393957
2018.0,6.0,Asia,Model X,0.1676660935609362,0.2671849135466553,0.0860242191367133,82.0,460.0,730.16,Official (Quarter),10998.0,2018-06-01,0.6275282961725258,2,0.0995188199857191,1.8364484583686604,0.014423344774282651
2024.0,11.0,Europe,Cybertruck,1.3762436673428056,1.5472938089837949,1.2331581651733488,120.0,673.0,1548.37,Interpolated (Month),3777.0,2024-11-01,0.8894520609803714,4,0.1710501416409893,0.1676660935609362,1.6971261156518946
2022.0,5.0,Middle East,Model Y,0.4977632904370188,0.640442412858053,0.9152662184235828,60.0,331.0,589.89,Estimated (Region),14981.0,2022-05-01,0.7772178738376943,2,0.14267912242103425,1.3762436673428056,0.4555859245083697
2020.0,11.0,Asia,Cybertruck,0.6421014026969224,0.5918485120043051,-0.2884324051126299,82.0,470.0,877.65,Estimated (Region),7412.0,2020-11-01,1.0849083670455384,4,-0.05025289069261729,0.4977632904370188,-0.18520285190606664
2020.0,1.0,North America,Model 3,-0.2198614085453191,-0.2206321201445928,0.971513789783318,60.0,341.0,463.27,Interpolated (Month),8317.0,2020-01-01,0.9965068023696251,1,-0.0007707115992736935,0.6421014026969224,-0.21359839024296134
2021.0,2.0,North America,Model X,2.705272412271144,2.8694235172364944,1.6213661617910484,120.0,664.0,2048.57,Interpolated (Month),3641.0,2021-02-01,0.9427930021555541,1,0.16415110496535057,-0.2198614085453191,4.386237147683275
2015.0,5.0,Europe,Model 3,0.5475701038224785,0.7427947837384112,-0.4307474537348694,75.0,423.0,766.29,Interpolated (Month),13423.0,2015-05-01,0.7371754834715093,2,0.19522467991593273,2.705272412271144,-0.2358644279628707
2020.0,11.0,North America,Model Y,-0.2224025724935568,-0.2248576767405709,-0.436533895239637,75.0,430.0,583.53,Estimated (Region),9949.0,2020-11-01,0.9890815191075435,4,-0.0024551042470140894,0.5475701038224785,0.0970862612819281
2025.0,9.0,Middle East,Model X,0.7808489542707031,0.9923373760453392,0.603548894832529,75.0,418.0,814.79,Interpolated (Month),4598.0,2025-09-01,0.7868785083784112,3,0.21148842177463612,-0.2224025724935568,0.4712805233812189
2018.0,3.0,Middle East,Model X,-0.6683768454092803,-0.757512560978031,1.671679673270572,120.0,700.0,765.66,Official (Quarter),13162.0,2018-03-01,0.8823310395623449,1,-0.08913571556875066,0.7808489542707031,-1.1173119865554013
2025.0,4.0,Europe,Model X,-0.2467977463966392,-0.1138194395240356,0.0686494866438285,100.0,553.0,742.49,Estimated (Region),4323.0,2025-04-01,2.168326846702862,2,0.1329783068726036,-0.6683768454092803,-0.016942538594983056
2015.0,3.0,Asia,Cybertruck,0.0850782652432097,0.1843170536366405,-0.98411605792732,100.0,581.0,893.9,Interpolated (Month),4024.0,2015-03-01,0.46158650848950494,1,0.0992387883934308,-0.2467977463966392,-0.08372688700644246
2023.0,8.0,Asia,Model Y,1.0850262788747609,0.8939758086167383,-0.6480759975661831,120.0,690.0,1468.87,Interpolated (Month),10065.0,2023-08-01,1.213708769763734,3,-0.19105047025802258,0.0850782652432097,-0.7031794880672841
2020.0,5.0,Europe,Model X,-0.2394283709467497,-0.0776674553140008,-0.7370019033713705,100.0,564.0,759.71,Interpolated (Month),4916.0,2020-05-01,3.0827374217266126,2,0.16176091563274891,1.0850262788747609,0.1764591651088611
2022.0,10.0,Middle East,Cybertruck,-0.786795085397159,-0.6748794542122373,1.069304750620204,120.0,701.0,717.75,Estimated (Region),3060.0,2022-10-01,1.1658305501618165,4,0.11191563118492176,-0.2394283709467497,-0.8413237225798113
2022.0,5.0,North America,Model Y,-1.9679280885380608,-1.967665019437311,-0.7603564226486444,100.0,557.0,181.97,Interpolated (Month),6470.0,2022-05-01,1.0001336960804563,2,0.00026306910074969103,-0.786795085397159,1.4963267614305846
2020.0,3.0,Europe,Model S,-0.3944393717892519,-0.5145430567092909,-0.8639517181267156,120.0,700.0,878.85,Estimated (Region),13659.0,2020-03-01,0.7665818567484902,1,-0.12010368492003898,-1.9679280885380608,0.34077657295414654
2015.0,6.0,Asia,Model Y,-0.7862868526075115,-0.8490662872242228,-0.467629681175282,100.0,575.0,588.91,Interpolated (Month),11284.0,2015-06-01,0.926060620282133,2,-0.06277943461671132,-0.3944393717892519,0.36769107019716657
2025.0,4.0,Middle East,Model X,0.4728598837442889,0.4411369934144199,0.5081074022135634,82.0,458.0,809.49,Official (Quarter),9726.0,2025-04-01,1.0719116528503592,2,-0.03172289032986897,-0.7862868526075115,0.24026360714031825
2019.0,2.0,Europe,Model X,-0.2910139990959758,-0.4347269876741492,-1.6152109556223528,75.0,429.0,564.8,Interpolated (Month),12799.0,2019-02-01,0.6694178354395292,1,-0.14371298857817338,0.4728598837442889,0.4700489995792936
2017.0,2.0,North America,Model 3,-0.1169442686416906,-0.0426892368250711,0.583497150318971,60.0,358.0,508.11,Interpolated (Month),12132.0,2017-02-01,2.7394321693052617,1,0.0742550318166195,-0.2910139990959758,-0.06823664749856266
2022.0,4.0,Asia,Model X,0.4126342981710544,0.5784675827837078,1.542391324991783,100.0,553.0,957.74,Interpolated (Month),7828.0,2022-04-01,0.7133231151612184,2,0.1658332846126534,-0.1169442686416906,0.6364435618931071
2019.0,3.0,Europe,Cybertruck,0.3315711682222705,0.5228310876033296,-1.5604341006698168,100.0,554.0,932.96,Interpolated (Month),11645.0,2019-03-01,0.6341841104785884,1,0.19125991938105913,0.4126342981710544,-0.5173949576929592
2019.0,12.0,Middle East,Model Y,0.3519004798081724,0.4981820074601241,-0.2315769641462698,75.0,448.0,759.83,Estimated (Region),8426.0,2019-12-01,0.7063693078805933,4,0.14628152765195168,0.3315711682222705,-0.08149204479559229
2020.0,10.0,Asia,Cybertruck,0.128532168758075,0.108961294341698,1.5664844331778431,82.0,461.0,721.1,Interpolated (Month),9385.0,2020-10-01,1.1796130867811057,4,-0.01957087441637699,0.3519004798081724,0.20134364152211198
2017.0,6.0,Europe,Cybertruck,-1.3285712391614453,-1.3033136212918672,-0.8544087120374235,120.0,687.0,483.72,Official (Quarter),14490.0,2017-06-01,1.0193795395497687,2,0.02525761786957803,0.128532168758075,1.1351428413018942
2018.0,3.0,Europe,Model Y,-1.3191689325529656,-1.243451569515511,1.3812984237625936,60.0,338.0,239.86,Estimated (Region),5759.0,2018-03-01,1.0608928927299972,1,0.07571736303745458,-1.3285712391614453,-1.8221659672119945
2015.0,1.0,Middle East,Model X,-0.636104063266661,-0.6234685156278372,-0.2474953941474031,75.0,413.0,459.61,Official (Quarter),4294.0,2015-01-01,1.0202665368372286,1,0.012635547638823796,-1.3191689325529656,0.1574328258569469
2019.0,5.0,North America,Model X,-0.6208570795772346,-0.7279336648061844,-0.6324254675797446,82.0,461.0,517.17,Interpolated (Month),9071.0,2019-05-01,0.8529033751207818,2,-0.1070765852289498,-0.636104063266661,0.3926458288518273
2021.0,1.0,Europe,Model X,-0.3807170864687681,-0.4619583524037858,-1.6940202809097569,75.0,449.0,567.36,Official (Quarter),6372.0,2021-01-01,0.8241372506584602,1,-0.08124126593501768,-0.6208570795772346,0.6449424657669668
2024.0,1.0,Europe,Model Y,1.205985682810877,1.3486926489728248,-0.8516864701441393,82.0,482.0,1060.5,Official (Quarter),11255.0,2024-01-01,0.8941886676177596,1,0.14270696616194778,-0.3807170864687681,-1.0271216892375654
2016.0,3.0,Europe,Model S,-0.3105809614974065,-0.3427037551395153,-0.3474126560285596,60.0,347.0,452.83,Official (Quarter),9403.0,2016-03-01,0.9062665840091786,1,-0.03212279364210879,1.205985682810877,0.10789975674571779
2016.0,10.0,Europe,Model Y,0.2123905790499205,0.2199995315582333,-0.2374528713331246,82.0,463.0,747.14,Estimated (Region),8215.0,2016-10-01,0.9654137785911662,4,0.007608952508312783,-0.3105809614974065,-0.0504327528395086
2020.0,7.0,Europe,Model Y,0.4576129000548625,0.2754012735943905,-0.2968953616065038,60.0,346.0,608.42,Estimated (Region),8232.0,2020-07-01,1.661622308721899,3,-0.182211626460472,0.2123905790499205,-0.1358631474375893
2021.0,4.0,Asia,Cybertruck,-0.1408312097551254,0.0110692332015389,-1.5149000447400134,120.0,696.0,978.02,Official (Quarter),3685.0,2021-04-01,-12.722761115516686,2,0.1519004429566643,0.4576129000548625,0.21334520595882966
2017.0,10.0,Europe,Cybertruck,0.6525201748846972,0.5564007872269333,1.0575579065621663,120.0,719.0,1347.05,Estimated (Region),3360.0,2017-10-01,1.17275206984666,4,-0.09611938765776384,-0.1408312097551254,0.6900778701406389
2015.0,2.0,Asia,Model 3,2.246084086824584,1.9294719277755907,0.3208423097529228,82.0,478.0,1345.16,Estimated (Region),3199.0,2015-02-01,1.1640926486108574,1,-0.3166121590489934,0.6525201748846972,0.720638806316084
2020.0,8.0,North America,Model 3,-0.1812357165321055,-0.085649062217515,-0.3613832193180296,120.0,698.0,964.18,Interpolated (Month),4807.0,2020-08-01,2.116026864040121,3,0.09558665431459049,2.246084086824584,0.06549554669578211
2018.0,1.0,North America,Model X,0.2881172647074052,0.349583267168228,1.3906798945925616,60.0,341.0,565.51,Official (Quarter),6921.0,2018-01-01,0.8241734996107697,1,0.061466002460822844,-0.1812357165321055,0.4006788873135914
2018.0,12.0,Asia,Model 3,0.2474586415356013,0.0566113431804139,-1.5983933955162442,120.0,718.0,1173.5,Interpolated (Month),5908.0,2018-12-01,4.371184777350694,4,-0.19084729835518738,0.2881172647074052,-0.39553625829392686
2023.0,3.0,Europe,Model X,-0.7265694998239246,-0.666428341020281,0.2828109453292582,100.0,554.0,586.94,Official (Quarter),11327.0,2023-03-01,1.0902439993946975,1,0.06014115880364357,0.2474586415356013,-0.20548180709261044
2015.0,11.0,Asia,Cybertruck,-1.3824439148640857,-1.335240048905924,-0.0097438232218698,82.0,454.0,305.22,Interpolated (Month),5642.0,2015-11-01,1.03535234431954,4,0.04720386595816173,-0.7265694998239246,0.013470289120585276
2023.0,4.0,Middle East,Model S,1.7663123333972988,1.6087991327696982,0.6819113887410644,60.0,353.0,893.43,Estimated (Region),5937.0,2023-04-01,1.0979073132370645,2,-0.15751320062760055,-1.3824439148640857,1.204468496217422
2019.0,11.0,North America,Cybertruck,1.3617590328378506,1.2573736758708538,1.4168620264553555,120.0,667.0,1528.86,Interpolated (Month),5142.0,2019-11-01,1.083018563987909,4,-0.1043853569669968,1.7663123333972988,1.929424662810522
2016.0,5.0,Europe,Model 3,-0.6038312811240417,-0.5462347311791266,-1.5182778712703688,60.0,345.0,390.51,Estimated (Region),14960.0,2016-05-01,1.1054428557125702,2,0.05759654994491514,1.3617590328378506,0.9167836721114697
2017.0,5.0,North America,Model S,0.680727094710136,0.588092461696769,0.7506344524362801,82.0,482.0,911.05,Official (Quarter),4230.0,2017-05-01,1.157517123661298,2,-0.09263463301336705,-0.6038312811240417,0.5109772099962828
2020.0,10.0,North America,Model Y,-0.2465436300018154,-0.1729772318677288,-0.1885608701356512,100.0,562.0,754.65,Official (Quarter),5284.0,2020-10-01,1.4252952677051793,4,0.07356639813408661,0.680727094710136,0.046488481399544354
2019.0,7.0,Europe,Model 3,-0.5794361072209594,-0.5236984293339101,0.3305548036066134,75.0,440.0,504.37,Interpolated (Month),6713.0,2019-07-01,1.1064308670124174,3,0.05573767788704931,-0.2465436300018154,-0.1915353886250048
2023.0,7.0,North America,Model Y,1.5825861799397103,1.4198228516717892,0.0972998772690925,60.0,343.0,830.92,Official (Quarter),9955.0,2023-07-01,1.1146363633155174,3,-0.16276332826792106,-0.5794361072209594,0.15398544107589576
2016.0,6.0,North America,Model 3,0.207308251153445,0.1526253791668049,-0.7032922284240806,75.0,425.0,684.55,Official (Quarter),12295.0,2016-06-01,1.358281645458695,2,-0.0546828719866401,1.5825861799397103,-0.1457982819244053
2015.0,8.0,Europe,Model X,-0.9753494503563994,-0.9190227242020824,0.4956890685083054,60.0,350.0,319.41,Official (Quarter),9512.0,2015-08-01,1.0612898078262658,3,0.056326726154317,0.207308251153445,-0.4834700605172513
2023.0,7.0,Asia,Model X,-0.923001473022702,-0.8507095592337699,-0.5557707741359389,82.0,484.0,456.65,Interpolated (Month),4568.0,2023-07-01,1.0849783724706763,3,0.07229191378893207,-0.9753494503563994,0.512977243190439
2023.0,11.0,North America,Model 3,-0.7021743259208423,-0.6035144983690518,1.2371811386778662,120.0,661.0,709.81,Official (Quarter),10314.0,2023-11-01,1.1634754886890215,4,0.09865982755179048,-0.923001473022702,-0.8687168320931108
2019.0,8.0,Europe,Model X,-0.2844069728305577,-0.3290880727746971,1.6794443004125994,60.0,348.0,459.52,Estimated (Region),7993.0,2019-08-01,0.8642275316531167,3,-0.04468109994413938,-0.7021743259208423,-0.4776456695178812
2018.0,7.0,Europe,Model Y,-0.4904953690326385,-0.5100827469690918,1.6684410155790186,100.0,559.0,670.13,Official (Quarter),12589.0,2018-07-01,0.9615996070189761,3,-0.01958737793645332,-0.2844069728305577,-0.8183625916456209
2019.0,1.0,Europe,Model 3,1.9746877771527933,1.9245421117469497,-0.7721161895274287,60.0,346.0,918.27,Interpolated (Month),7164.0,2019-01-01,1.0260558940746303,1,-0.05014566540584364,-0.4904953690326385,-1.524688402001603
2019.0,6.0,Asia,Model X,1.2123385926814714,1.4015121064225509,-0.8889280514076016,82.0,473.0,1042.47,Estimated (Region),5309.0,2019-06-01,0.8650218482778883,2,0.1891735137410795,1.9746877771527933,-1.0776817828385743
2025.0,12.0,Asia,Cybertruck,-0.662023935538686,-0.6509346335016948,-0.5312904783590684,100.0,583.0,639.87,Interpolated (Month),14412.0,2025-12-01,1.017035968692181,4,0.011089302036991211,1.2123385926814714,0.35172701339750156
2015.0,8.0,Middle East,Model S,1.131783695522335,1.2796752245718492,-1.7188892553721384,60.0,340.0,733.18,Interpolated (Month),7778.0,2015-08-01,0.8844304193675427,3,0.1478915290495142,-0.662023935538686,-1.9454108336387135
2023.0,12.0,Europe,Model S,0.3290300042740328,0.1908901416748287,-1.421988939829412,75.0,433.0,728.54,Official (Quarter),4365.0,2023-12-01,1.7236615855967987,4,-0.13813986259920408,1.131783695522335,-0.4678770269496988
2022.0,6.0,Asia,Model S,-1.8040230138767264,-1.822352823164509,-0.318357681707635,120.0,673.0,284.98,Official (Quarter),9417.0,2022-06-01,0.9899416792100922,2,-0.018329809287782606,0.3290300042740328,0.5743245844450152
2019.0,3.0,North America,Model X,0.4144131129348208,0.494191204008367,-1.4454538001145931,75.0,444.0,769.43,Estimated (Region),8766.0,2019-03-01,0.8385683710546262,1,0.07977809107354622,-1.8040230138767264,-0.5990150089089548
2023.0,7.0,Asia,Cybertruck,-0.3095644959181113,-0.3506853620430295,1.177937958062914,82.0,453.0,591.44,Estimated (Region),14308.0,2023-07-01,0.8827414241491134,3,-0.04112086612491822,0.4144131129348208,-0.3646477702105553
2024.0,3.0,Middle East,Model 3,1.7111690757205398,1.5665435668099172,-1.386493927492917,100.0,567.0,1416.59,Interpolated (Month),7835.0,2024-03-01,1.0923214087209432,1,-0.14462550891062254,-0.3095644959181113,-2.372525532400196
2015.0,9.0,Middle East,Model 3,0.3325876338015656,0.3855004982340417,-0.8377566634431761,82.0,456.0,768.2,Interpolated (Month),13019.0,2015-09-01,0.8627424227079672,3,0.052912864432476114,1.7111690757205398,-0.2786275063960605
2025.0,8.0,Europe,Model 3,-0.0628174765442267,-0.2039646469049014,1.6040967999904,60.0,356.0,516.64,Official (Quarter),12056.0,2025-08-01,0.3079821797427246,3,-0.1411471703606747,0.3325876338015656,-0.10076531310806605
2025.0,5.0,Europe,Model Y,-0.6424569731372554,-0.7136137230087031,0.9588186094951568,75.0,439.0,486.89,Interpolated (Month),10619.0,2025-05-01,0.9002867411637768,2,-0.07115674987144771,-0.0628174765442267,-0.6159997016439305
2020.0,1.0,North America,Model Y,-1.3768533541779624,-1.337822333492355,-0.7975656968602423,60.0,338.0,228.35,Interpolated (Month),14200.0,2020-01-01,1.0291750404433135,1,0.03903102068560749,-0.6424569731372554,1.0981310048993085
2022.0,8.0,North America,Model X,0.3674015798924226,0.3188306052752764,-0.5511130913201701,60.0,348.0,593.41,Estimated (Region),13691.0,2022-08-01,1.1523410043248838,3,-0.04857097461714621,-1.3768533541779624,-0.20247982045042745
2025.0,5.0,North America,Model 3,0.8438698201869991,0.7758949770735729,0.3573154802135705,120.0,696.0,1382.57,Official (Quarter),9725.0,2025-05-01,1.0876083041158553,2,-0.06797484311342616,0.3674015798924226,0.301527750037857
2021.0,6.0,Asia,Model Y,-0.4546649573624863,-0.4844946542490023,-0.4713897249807762,82.0,453.0,552.64,Interpolated (Month),11226.0,2021-06-01,0.9384313188496292,2,-0.02982969688651599,0.8438698201869991,0.21432438920949876
2021.0,11.0,Europe,Model S,-0.9021639286471524,-0.8446059774840238,-0.9913677484920478,120.0,671.0,641.34,Estimated (Region),7953.0,2021-11-01,1.068147695727405,4,0.05755795116312867,-0.4546649573624863,0.894376222713668
2023.0,4.0,Asia,Model Y,-1.0538714163569456,-1.0295914551301757,1.2328176985498502,60.0,354.0,306.65,Official (Quarter),4586.0,2023-04-01,1.0235821316365723,2,0.024279961226769897,-0.9021639286471524,-1.2992313340806407
2018.0,8.0,Middle East,Model S,1.11933199217597,1.3331989414542385,-0.6794595647792079,82.0,483.0,1037.99,Official (Quarter),12190.0,2018-08-01,0.8395836190471432,3,0.21386694927826855,-1.0538714163569456,-0.7605408282473283
2024.0,11.0,Asia,Model Y,2.1075906516456278,1.8944937092866607,0.5435551965511792,82.0,466.0,1273.3,Estimated (Region),14789.0,2024-11-01,1.1124822644247285,4,-0.21309694235896703,1.11933199217597,1.1455918509046672
2018.0,11.0,Middle East,Model Y,-1.3933709198415076,-1.433601616334525,1.4536632377503222,100.0,566.0,376.87,Official (Quarter),7464.0,2018-11-01,0.9719373248225818,4,-0.04023069649301747,2.1075906516456278,-2.0254920827239506
2024.0,11.0,Middle East,Model S,0.1381885917613785,0.013416764643749,0.06145545174089,82.0,483.0,758.26,Estimated (Region),8191.0,2024-11-01,10.299695599546936,4,-0.12477182711762949,-1.3933709198415076,0.008492442332132945
2016.0,6.0,Europe,Model 3,-0.6345793648977184,-0.5023358932097987,0.3590739778981497,75.0,434.0,483.37,Official (Quarter),11976.0,2016-06-01,1.263257062605894,2,0.13224347168791972,0.1381885917613785,-0.22786093684590522
2024.0,3.0,Europe,Model Y,1.1427107004997572,1.365594875356737,1.0679836407147176,120.0,682.0,1475.06,Official (Quarter),12464.0,2024-03-01,0.8367860198664298,1,0.22288417485697987,-0.6345793648977184,1.220396334203396
2025.0,11.0,Asia,Cybertruck,1.3396509064881823,1.4761636062848305,1.058781598280491,82.0,487.0,1109.92,Estimated (Region),14252.0,2025-11-01,0.9075219716734382,4,0.13651269979664815,1.1427107004997572,1.4183977279094662
2021.0,8.0,North America,Model X,0.4172083932778824,0.5622696158324585,-0.0128502705165612,120.0,667.0,1156.98,Interpolated (Month),11354.0,2021-08-01,0.7420077157471718,3,0.1450612225545761,1.3396509064881823,-0.005361240715400642
2016.0,8.0,Europe,Model S,-0.5181940560684298,-0.5960023977539796,0.2319039781585565,82.0,470.0,555.75,Interpolated (Month),14664.0,2016-08-01,0.869449616345893,3,-0.07780834168554973,0.4172083932778824,-0.12017126306038696
2022.0,5.0,North America,Model X,0.4832786559320636,0.5603915906786904,0.4683279777682302,75.0,442.0,783.93,Estimated (Region),3537.0,2022-05-01,0.862394554041692,2,0.07711293474662678,-0.5181940560684298,0.22633291563121166
2022.0,8.0,Europe,Model 3,-0.3446325584037922,-0.3835508022339702,1.0170731943230455,75.0,431.0,553.79,Estimated (Region),4534.0,2022-08-01,0.8985317105230888,3,-0.038918243830178,0.4832786559320636,-0.35051653704346847
2016.0,1.0,North America,Model Y,-1.1578050218398692,-1.1803029737200608,0.0662284458802382,60.0,332.0,267.23,Interpolated (Month),7207.0,2016-01-01,0.9809388331800243,1,-0.022497951880191547,-0.3446325584037922,-0.07667962722878978
2025.0,2.0,Asia,Model S,-0.6881979242055347,-0.6661935878760601,-1.5330491524145184,75.0,438.0,473.96,Estimated (Region),3633.0,2025-02-01,1.0330299431425454,1,0.022004336329474627,-1.1578050218398692,1.055041244396726
2018.0,11.0,Middle East,Model 3,-0.358354843724276,-0.2257966893174549,-1.1724338632471858,120.0,717.0,915.47,Interpolated (Month),5469.0,2018-11-01,1.5870686359818735,4,0.13255815440682112,-0.6881979242055347,0.42014735384099444
2024.0,6.0,Asia,Model X,1.7823216662711965,2.066567764000658,-1.2772414187175376,60.0,331.0,840.87,Estimated (Region),11332.0,2024-06-01,0.8624549832427508,2,0.2842460977294614,-0.358354843724276,-2.2764550536392285
2016.0,4.0,Asia,Model X,0.1554685066093951,0.2613160849411302,0.7308744654526399,82.0,452.0,714.21,Interpolated (Month),6637.0,2016-04-01,0.5949442669953492,2,0.10584757833173508,1.7823216662711965,0.11362796166286185
2021.0,1.0,Middle East,Cybertruck,0.8504768464524172,0.6312870402334338,0.4272070651231572,60.0,353.0,702.59,Estimated (Region),9004.0,2021-01-01,1.347211002681019,1,-0.21918980621898332,0.1554685066093951,0.36332971752813514
2025.0,9.0,Middle East,Model 3,0.0665277684210742,0.0819646827562824,0.9812854303934988,75.0,424.0,647.7,Interpolated (Month),8782.0,2025-09-01,0.81166383110261,3,0.01543691433520819,0.8504768464524172,0.06528272986819282
2025.0,3.0,Middle East,Model Y,0.9907490963951404,0.7519501563630304,0.894178660124083,82.0,461.0,955.72,Official (Quarter),6720.0,2025-03-01,1.31757283113965,1,-0.23879894003211,0.0665277684210742,0.8859066995337526
2020.0,7.0,Asia,Model X,-0.2112214511213108,-0.0701553546989287,0.2820286176425636,100.0,583.0,795.01,Interpolated (Month),13938.0,2020-07-01,3.0107673466660736,3,0.1410660964223821,0.9907490963951404,-0.0595704938761996
2019.0,1.0,Europe,Model Y,-2.09244512200171,-2.0505328793473256,-1.6932439176018674,120.0,693.0,175.47,Official (Quarter),11887.0,2019-01-01,1.0204396833020912,1,0.041912242654384535,-0.2112214511213108,3.5430199757450933
2021.0,1.0,Asia,Cybertruck,2.55280257537688,2.414941430024629,1.6871472956402995,60.0,350.0,1048.32,Interpolated (Month),3526.0,2021-01-01,1.0570867448950285,1,-0.13786114535225114,-2.09244512200171,4.306953961350695
2017.0,10.0,North America,Model S,2.005944093716118,2.1057715390855654,-0.4368291319905245,82.0,489.0,1306.8,Interpolated (Month),5008.0,2017-10-01,0.952593411243084,4,0.09982744536944743,2.55280257537688,-0.876254817279531
2018.0,11.0,Middle East,Model S,0.6207556255317254,0.4401979808375359,1.4339609064284708,60.0,330.0,612.07,Official (Quarter),8806.0,2018-11-01,1.4101737230839955,4,-0.18055764469418945,2.005944093716118,0.8901392994580454
2016.0,7.0,Asia,Model S,1.557936889641804,1.8311103603469896,1.511502304188073,100.0,582.0,1401.43,Official (Quarter),8054.0,2016-07-01,0.850815397793162,3,0.2731734707051856,0.6207556255317254,2.3548251984731863
2017.0,5.0,Europe,Model 3,-1.0899559444219216,-1.0232531202362083,0.820287959225202,120.0,683.0,577.1,Estimated (Region),3302.0,2017-05-01,1.0651870225133695,2,0.06670282418571327,1.557936889641804,-0.8940777372952358
2019.0,4.0,North America,Cybertruck,-0.6012901171758039,-0.6255812939258262,-0.5278579783563262,120.0,685.0,776.38,Interpolated (Month),12381.0,2019-04-01,0.9611702316135713,2,-0.024291176750022236,-1.0899559444219216,0.31739578565805837
2018.0,6.0,North America,Cybertruck,0.4626952279513379,0.495130216585251,1.5213276242075071,82.0,478.0,841.97,Official (Quarter),8775.0,2018-06-01,0.9344920032196651,2,0.03243498863391314,-0.6012901171758039,0.7039110318713598
2019.0,2.0,North America,Model X,0.9973561226605584,1.065345603898072,1.39368047416345,75.0,435.0,903.52,Official (Quarter),4575.0,2019-02-01,0.9361808215205076,1,0.06798948123751358,0.4626952279513379,1.389995753939387
2025.0,12.0,Europe,Cybertruck,-0.1926709542991753,-0.3051432520641545,0.2948261864335578,120.0,719.0,988.34,Official (Quarter),4155.0,2025-12-01,0.6314114862309569,4,-0.11247229776497919,0.9973561226605584,-0.05680444269254015
2022.0,2.0,Asia,Model S,-0.7725645672870277,-0.803524177245348,-0.0769196276485462,120.0,677.0,698.87,Interpolated (Month),9179.0,2022-02-01,0.9614702197705408,1,-0.030959609958320256,-0.1926709542991753,0.05942537885017838
2024.0,6.0,Asia,Cybertruck,0.9028248237861146,1.12098209907845,1.212442883517645,100.0,565.0,1142.01,Interpolated (Month),5354.0,2024-06-01,0.8053873692794197,2,0.21815727529233542,-0.7725645672870277,1.0946235326625466
2023.0,6.0,North America,Cybertruck,-0.8315195708861433,-0.806575968120221,1.3764722472455606,75.0,430.0,428.92,Estimated (Region),14341.0,2023-06-01,1.0309252987341726,2,0.024943602765922224,0.9028248237861146,-1.1445636123663139
2018.0,5.0,Asia,Model Y,0.0980382013792221,-0.0229699727105067,0.5546782659924435,60.0,359.0,555.09,Official (Quarter),8420.0,2018-05-01,-4.26810264926342,2,-0.1210081740897288,-0.8315195708861433,0.0543796595420449
2020.0,12.0,Asia,Model S,0.6743741848395417,0.6343388311083069,-0.5975010474823383,60.0,348.0,656.47,Estimated (Region),14165.0,2020-12-01,1.0631135156289986,4,-0.04003535373123479,0.0980382013792221,-0.4029392818366742
2018.0,3.0,Middle East,Model Y,1.2225032484744225,1.2653552827743682,0.3634876182144467,75.0,438.0,967.96,Interpolated (Month),9904.0,2018-03-01,0.9661343854304777,1,0.04285203429994566,0.6743741848395417,0.44436479404739176
2020.0,7.0,North America,Model S,1.0118407571655137,0.9193291481926068,-1.4096277647543758,100.0,571.0,1190.88,Estimated (Region),4545.0,2020-07-01,1.1006294743887801,3,-0.09251160897290689,1.2225032484744225,-1.4263188248105982
2022.0,1.0,Asia,Model 3,-0.2831363908564389,-0.4309709373666132,-1.2477580031857294,75.0,424.0,560.19,Estimated (Region),9943.0,2022-01-01,0.6569732812762356,1,-0.1478345465101743,1.0118407571655137,0.3532856976842444
2025.0,7.0,Europe,Cybertruck,0.0197703517734997,0.0859554862080395,-0.5554496917435593,75.0,433.0,649.5,Estimated (Region),8368.0,2025-07-01,0.23000686338565043,3,0.0661851344345398,-0.2831363908564389,-0.01098143579825214
2019.0,5.0,Asia,Model X,0.4304224458087186,0.2688281855562023,0.9644435157406004,120.0,708.0,1233.62,Official (Quarter),12213.0,2019-05-01,1.6011060927937288,2,-0.16159426025251628,0.0197703517734997,0.4151181368894286
2023.0,6.0,North America,Model X,0.1450497344216204,0.1667105678200652,0.8481689449845163,100.0,560.0,881.41,Official (Quarter),7419.0,2023-06-01,0.870069224274829,2,0.021660833398444795,0.4304224458087186,0.12302668021467004
2019.0,3.0,Asia,Model Y,0.2876090319177576,0.4387894619722098,1.3751874206444767,100.0,566.0,938.48,Official (Quarter),10380.0,2019-03-01,0.6554602077840533,1,0.1511804300544522,0.1450497344216204,0.3955163227570361
2020.0,11.0,North America,Model 3,0.1613131836903419,0.0392396105080595,0.9108192769922862,100.0,599.0,948.55,Interpolated (Month),14349.0,2020-11-01,4.110978208033168,4,-0.1220735731822824,0.2876090319177576,0.14692715733816106
2022.0,12.0,Europe,Model S,-0.4739778033690932,-0.4748697753359411,1.2769600660916325,120.0,661.0,798.85,Interpolated (Month),10726.0,2022-12-01,0.9981216493169798,4,-0.0008919719668479265,0.1613131836903419,-0.605250727116164
2024.0,2.0,Middle East,Model S,0.5686617645928518,0.5211878155937826,1.2273384225535822,75.0,446.0,813.5,Official (Quarter),9076.0,2024-02-01,1.0910879870531562,1,-0.047473948999069204,-0.4739778033690932,0.6979404331219272
2023.0,2.0,Middle East,Model 3,-1.156788556260574,-1.0558838072829282,-1.426631214666599,60.0,357.0,287.56,Official (Quarter),8762.0,2023-02-01,1.0955642545909485,1,0.10090474897764579,0.5686617645928518,1.650310663130444
2015.0,7.0,Europe,Model 3,0.0690689323693119,0.0387701042196175,1.6829071193409375,60.0,333.0,509.19,Interpolated (Month),7774.0,2015-07-01,1.781499785970741,3,-0.030298828149694403,-1.156788556260574,0.11623659800959273
2018.0,9.0,Europe,Model X,-1.258943346979731,-1.1852327897487018,-1.276837332053444,82.0,479.0,356.95,Interpolated (Month),11903.0,2018-09-01,1.0621907846868275,3,0.07371055723102926,0.0690689323693119,1.6074658643640332
2024.0,1.0,North America,Model X,-0.6503345813767923,-0.709857672701167,0.8013938012315381,82.0,468.0,516.88,Official (Quarter),14776.0,2024-01-01,0.9161478510221972,1,-0.05952309132437461,-1.258943346979731,-0.5211741022418687
2020.0,8.0,Europe,Model X,-0.99491641275783,-1.0143325007558104,-0.2304606312464492,100.0,581.0,523.51,Official (Quarter),3893.0,2020-08-01,0.9808582609908361,3,-0.019416087997980336,-0.6503345813767923,0.22928906452162232
2019.0,3.0,Europe,Model X,-0.2307884135227414,-0.3328441230822331,-0.5773658016654992,100.0,596.0,805.85,Estimated (Region),7116.0,2019-03-01,0.6933828705929183,1,-0.1020557095594917,-0.99491641275783,0.13324933738866634
2016.0,6.0,Middle East,Model S,0.6156732976352499,0.6531190826459873,0.0336937535576922,60.0,338.0,625.89,Official (Quarter),9780.0,2016-06-01,0.9426662212057365,2,0.037445785010737365,-0.2307884135227414,0.02074434436257379
2019.0,3.0,North America,Model Y,-0.0767938782595343,-0.2199278607119298,0.1775829011530978,100.0,570.0,822.51,Estimated (Region),13532.0,2019-03-01,0.34917758037087426,1,-0.1431339824523955,0.6156732976352499,-0.013637279692125907
2021.0,3.0,North America,Model Y,0.991257329184788,1.203145699555802,-0.0329134467561636,75.0,425.0,881.22,Official (Quarter),14090.0,2021-03-01,0.8238880208363437,1,0.21188837037101405,-0.0767938782595343,-0.03262569532578046
2017.0,11.0,North America,Model X,0.5097067609937361,0.4303383487802537,0.1368949030030125,120.0,710.0,1270.33,Official (Quarter),14873.0,2017-11-01,1.184432580639033,4,-0.07936841221348245,0.991257329184788,0.06977625760621718
2018.0,6.0,Europe,Model X,-0.3901193930772477,-0.3556151780716706,1.4046554281977026,60.0,341.0,429.0,Estimated (Region),5595.0,2018-06-01,1.0970268344356864,2,0.0345042150055771,0.5097067609937361,-0.5479833231311492
2021.0,11.0,Middle East,Model Y,1.9848524329457444,2.212818972850344,-0.0102960252929742,120.0,678.0,1803.45,Official (Quarter),12043.0,2021-11-01,0.8969791281159549,4,0.22796653990459936,-0.3901193930772477,-0.020436090852430762
2019.0,2.0,North America,Cybertruck,-1.1890613384031934,-1.2368784814773228,0.8968556721447564,82.0,470.0,369.63,Interpolated (Month),5709.0,2019-02-01,0.961340468129887,1,-0.04781714307412943,1.9848524329457444,-1.0664164058749397
2020.0,2.0,Asia,Model Y,0.0888900111655663,0.1439395128306277,1.6361667677976597,82.0,480.0,739.58,Estimated (Region),14095.0,2020-02-01,0.6175511464330323,1,0.055049501665061396,-1.1890613384031934,0.1454388822582625
2024.0,5.0,Europe,Model 3,-0.4366226933299984,-0.5060919435173348,0.058696926543204,100.0,578.0,711.29,Official (Quarter),5659.0,2024-05-01,0.8627339338687637,2,-0.06946925018733635,0.0888900111655663,-0.025628410157486806
2015.0,8.0,North America,Model S,0.0383208485956352,-0.0546616471803423,1.3948137061365533,120.0,683.0,1031.98,Interpolated (Month),9522.0,2015-08-01,-0.7010555036734484,3,-0.0929824957759775,-0.4366226933299984,0.05345044485197566
2015.0,11.0,Middle East,Model X,-0.5199728708321963,-0.5786306650816253,1.3219429140134658,82.0,483.0,570.62,Official (Quarter),10901.0,2015-11-01,0.8986265371173262,4,-0.05865779424942896,0.0383208485956352,-0.6873744520758611
2024.0,1.0,Asia,Model S,-0.1863180444285809,-0.0727376392853597,0.3186170994267899,75.0,419.0,577.53,Estimated (Region),9973.0,2024-01-01,2.561507993098728,1,0.11358040514322121,-0.5199728708321963,-0.05936411488670622
2022.0,9.0,Europe,Model 3,1.1414401185256384,1.3731069759718093,-0.2088258411915167,82.0,467.0,1009.7,Interpolated (Month),13158.0,2022-09-01,0.8312827321540553,3,0.23166685744617088,-0.1863180444285809,-0.23836219292086097
2024.0,10.0,Europe,Model 3,-1.4647776267869883,-1.4068397578933305,0.95664807264141,75.0,417.0,260.08,Official (Quarter),8565.0,2024-10-01,1.0411829908620274,4,0.05793786889365782,1.1414401185256384,-1.401276693514031
2024.0,9.0,Europe,Cybertruck,0.3056512959502456,0.1253940144371683,-0.4711914093854835,120.0,696.0,1161.45,Interpolated (Month),4431.0,2024-09-01,2.4375270009670165,3,-0.1802572815130773,-1.4647776267869883,-0.14402026491929573
2024.0,4.0,Middle East,Model Y,-0.6638027503024524,-0.6401359888675285,-0.8697510824522295,120.0,685.0,751.1,Official (Quarter),10608.0,2024-04-01,1.036971458950141,2,0.023666761434923855,0.3056512959502456,0.577343160610325
2015.0,2.0,North America,Model X,-0.6940426012864815,-0.7558692889684839,-0.2490023938590035,75.0,443.0,477.84,Estimated (Region),13328.0,2015-02-01,0.9182045247976992,1,-0.06182668768200239,-0.6638027503024524,0.1728182691604638
2017.0,12.0,Asia,Model 3,1.516515917285529,1.4763983594290515,-0.8267593429884015,60.0,340.0,810.39,Interpolated (Month),13014.0,2017-12-01,1.0271725836054109,4,-0.040117557856477415,-0.6940426012864815,-1.2537937034064368
2019.0,10.0,Middle East,Model X,-0.9748412175667518,-0.9685556376327144,-0.5727866498373403,60.0,333.0,304.0,Estimated (Region),5866.0,2019-10-01,1.0064896426078322,4,0.006285579934037444,1.516515917285529,0.5583760351334135
2025.0,2.0,North America,Model Y,-0.2958422105976276,-0.3161766498425418,0.3987430613355754,75.0,441.0,579.34,Estimated (Region),9548.0,2025-02-01,0.9356864611759254,1,-0.020334439244914182,-0.9748412175667518,-0.11796502872598204
2018.0,8.0,Asia,Model 3,-1.484090472793595,-1.439939951228492,-0.7356991836338691,82.0,487.0,298.19,Official (Quarter),3590.0,2018-08-01,1.0306613630154755,3,0.04415052156510302,-0.2958422105976276,1.0918441492730506
2021.0,10.0,Europe,Model 3,-0.8012797199021142,-0.6945987183268016,-1.418269652612424,60.0,349.0,354.36,Interpolated (Month),7958.0,2021-10-01,1.1535865223481743,4,0.10668100157531257,-1.484090472793595,1.136430709990952
2015.0,1.0,Asia,Model S,-0.0978855390299076,-0.1321301847732739,-0.7909218759021398,82.0,484.0,692.39,Official (Quarter),7281.0,2015-01-01,0.7408264750244034,1,-0.0342446457433663,-0.8012797199021142,0.07741981415322664
2023.0,2.0,North America,Model X,-0.6198406139979395,-0.6075053018208089,-1.1362315749906358,75.0,423.0,474.8,Interpolated (Month),6857.0,2023-02-01,1.0203048634146228,1,0.012335312177130686,-0.0978855390299076,0.7042824770860415
2025.0,5.0,Asia,Model X,-0.3474278387468537,-0.473226503326394,0.1849275366208821,82.0,455.0,583.88,Estimated (Region),3268.0,2025-05-01,0.7341681759257376,2,-0.1257986645795403,-0.6198406139979395,-0.06424897437297271
2022.0,11.0,Europe,Model Y,0.6720871372861278,0.4913741662777149,0.3748283874821225,100.0,572.0,1078.25,Interpolated (Month),14261.0,2022-11-01,1.367770598070631,4,-0.18071297100841288,-0.3474278387468537,0.25191733791643517
2020.0,6.0,Middle East,Model S,-1.7834395858960008,-1.7930086801368834,-1.5528777297544254,120.0,673.0,293.16,Interpolated (Month),12622.0,2020-06-01,0.9946631076877152,2,-0.009569094240882592,0.6720871372861278,2.7694636153003542
2018.0,2.0,Asia,Cybertruck,-0.2861857875943241,-0.2020866217511334,1.3892126574063328,82.0,454.0,599.01,Official (Quarter),7717.0,2018-02-01,1.416154048766066,1,0.08409916584319072,-1.7834395858960008,-0.3975729184958353
2017.0,8.0,Europe,Model 3,1.134070743075749,1.1038451195503167,-1.0967692566851444,82.0,486.0,1048.67,Interpolated (Month),13590.0,2017-08-01,1.0273821236241418,3,-0.030225623525432344,-0.2861857875943241,-1.2438139259115586
2023.0,1.0,Europe,Model 3,0.2616891596457327,0.1056747503226039,0.8893097388922752,120.0,661.0,1085.89,Official (Quarter),5992.0,2023-01-01,2.476364115806737,1,-0.1560144093231288,1.134070743075749,0.23272271823548546
2022.0,2.0,North America,Model Y,-0.5446221611301024,-0.4988145960464836,1.2274974726550705,82.0,475.0,554.25,Official (Quarter),13238.0,2022-02-01,1.0918328482098991,1,0.04580756508361883,0.2616891596457327,-0.6685223263391433
2015.0,7.0,Europe,Cybertruck,-0.9740788683822804,-0.907285066991032,-1.08423859384571,120.0,679.0,620.16,Official (Quarter),8105.0,2015-07-01,1.0736194210853343,3,0.06679380139124846,-0.5446221611301024,1.0561339025496241
2018.0,7.0,North America,Model Y,1.428845761071327,1.3313209163004704,-1.118896605023123,100.0,554.0,1291.79,Estimated (Region),14480.0,2018-07-01,1.073254197073582,3,-0.09752484477085654,-0.9740788683822804,-1.5987306711643883
2016.0,5.0,North America,Model Y,0.5579888760102533,0.5305779413626228,-1.3673741171677667,100.0,582.0,1057.9,Estimated (Region),5592.0,2016-05-01,1.0516624090651678,2,-0.027410934647630447,1.428845761071327,-0.7629795467239545
2023.0,7.0,North America,Model S,-0.7430870654874699,-0.8152618344563982,0.4708235732668939,60.0,340.0,356.9,Official (Quarter),13228.0,2023-07-01,0.9114704430913866,3,-0.07217476896892827,0.5579888760102533,-0.349862907421221
2021.0,9.0,Asia,Model X,-1.254623368267727,-1.1781901954220717,0.7175366233481525,75.0,415.0,310.32,Estimated (Region),10801.0,2021-09-01,1.0648733737070983,3,0.07643317284565532,-0.7430870654874699,-0.9002382152405105
2020.0,5.0,North America,Cybertruck,1.121619039729384,1.1045493789829797,1.7253039120188862,100.0,583.0,1253.68,Official (Quarter),3888.0,2020-05-01,1.0154539589367397,2,-0.017069660746404258,-1.254623368267727,1.9351337170399727
2025.0,11.0,Asia,Model X,0.007064532032311,-0.1462153734265342,1.6667113457253342,100.0,589.0,879.08,Interpolated (Month),8881.0,2025-11-01,-0.04831593194856879,4,-0.1532799054588452,1.121619039729384,0.011774535690492798
2015.0,1.0,Asia,Cybertruck,0.3564745749150004,0.2890169559592088,-1.5138716864275783,60.0,339.0,575.88,Estimated (Region),6902.0,2015-01-01,1.2334036725696897,1,-0.06745761895579161,0.007064532032311,-0.5396567658951258
2018.0,12.0,Europe,Model X,-0.9385025731069522,-0.998369286948782,0.8722168232979653,60.0,346.0,323.29,Estimated (Region),5448.0,2018-12-01,0.9400355012674773,4,-0.059866713841829844,0.3564745749150004,-0.8185777329723123
2015.0,11.0,Middle East,Model S,-0.7232659866912156,-0.6701843913278172,-1.470128932265786,82.0,485.0,514.78,Interpolated (Month),8941.0,2015-11-01,1.0792044638017149,4,0.053081595363398404,-0.9385025731069522,1.063294252758517
2022.0,7.0,Asia,Cybertruck,0.1989224101242604,0.0397091167965015,-0.1321800943159201,100.0,594.0,953.82,Estimated (Region),4133.0,2022-07-01,5.009489663134137,3,-0.1592132933277589,-0.7232659866912156,-0.02629358293177488
2023.0,10.0,Europe,Model 3,-0.4389097408834124,-0.4910677422871904,0.1128420543738925,75.0,427.0,524.89,Official (Quarter),6286.0,2023-10-01,0.893786545292412,4,-0.05215800140377802,0.1989224101242604,-0.049527476845997086
2019.0,12.0,North America,Model X,0.6624307142828244,0.5319864602279488,-1.482683949652011,82.0,479.0,900.21,Estimated (Region),7830.0,2019-12-01,1.2452022068362079,4,-0.13044425405487559,-0.4389097408834124,-0.9821753878236609
2024.0,8.0,Middle East,Model Y,1.0636805017095636,0.8751955570790579,0.9185486148930454,82.0,453.0,958.64,Interpolated (Month),3151.0,2024-08-01,1.2153632329436967,3,-0.1884849446305057,0.6624307142828244,0.9770422515340593
2022.0,4.0,North America,Model 3,0.5928028221011102,0.5519404774867342,0.1583179576103391,120.0,692.0,1272.07,Estimated (Region),8965.0,2022-04-01,1.0740339697505843,2,-0.04086234461437599,1.0636805017095636,0.09385133206069296
2018.0,8.0,North America,Cybertruck,-0.2826281580667913,-0.2009128560300284,1.4416678779087084,75.0,433.0,572.21,Estimated (Region),5169.0,2018-08-01,1.4067201255879302,3,0.08171530203676292,0.5928028221011102,-0.40745593687739806
2017.0,2.0,Middle East,Model 3,0.1231957244667758,0.0690532598241272,-0.4416418886552442,82.0,451.0,704.03,Official (Quarter),6597.0,2017-02-01,1.7840681928781474,1,-0.0541424646426486,-0.2826281580667913,-0.05440839242775794
2021.0,6.0,Europe,Model S,-0.6559251420629154,-0.7032845846629788,0.453094954298198,100.0,555.0,611.14,Interpolated (Month),10859.0,2021-06-01,0.9326596321988793,2,-0.04735944260006342,0.1231957244667758,-0.2971963722660357
2017.0,6.0,Middle East,Model X,-0.7080190030017891,-0.5873165314178024,1.1822934456858545,82.0,484.0,518.07,Interpolated (Month),12875.0,2017-06-01,1.2055151951752605,2,0.12070247158398673,-0.6559251420629154,-0.8370862266700486
2015.0,10.0,Middle East,Model S,1.090108606771236,1.266059542207031,1.2033690752277433,100.0,565.0,1204.47,Official (Quarter),12946.0,2015-10-01,0.8610247547053969,4,0.1759509354357951,-0.7080190030017891,1.311802986028106
2020.0,4.0,Middle East,Model X,1.4054670527475397,1.3322599288773544,-0.6816097233387021,82.0,469.0,1087.12,Estimated (Region),12815.0,2020-04-01,1.0549495802458564,2,-0.07320712387018524,1.090108606771236,-0.9579800089849115
2016.0,3.0,Europe,Model Y,0.1254827720201898,-0.0342381236331149,1.5161043194683212,82.0,465.0,726.52,Interpolated (Month),4217.0,2016-03-01,-3.665001428373359,1,-0.1597208956533047,1.4054670527475397,0.19024497267866833
2018.0,12.0,Asia,Model S,1.9058222341555509,1.743077931264113,-0.1807450487422076,120.0,667.0,1743.07,Official (Quarter),5471.0,2018-12-01,1.0933660509220104,4,-0.16274430289143793,0.1254827720201898,-0.344467932606428
2025.0,5.0,Europe,Model 3,-0.5166693576994872,-0.6025754857921678,-1.3651434394943944,60.0,357.0,422.46,Interpolated (Month),14971.0,2025-05-01,0.8574350764041699,2,-0.08590612809268061,1.9058222341555509,0.7053277840512375
2023.0,6.0,Asia,Cybertruck,0.1798636805124774,0.3561563552064161,-0.072317612368298,120.0,703.0,1120.93,Official (Quarter),7448.0,2023-06-01,0.5050132557882746,2,0.1762926746939387,-0.5166693576994872,-0.013007311926436737
2025.0,6.0,Middle East,Model X,1.7248913610410237,1.4768678657174934,-0.5282128588952717,82.0,452.0,1132.94,Estimated (Region),5236.0,2025-06-01,1.1679388529474404,2,-0.2480234953235303,0.1798636805124774,-0.9111097970992355
2019.0,9.0,North America,Model S,-1.5506689682374235,-1.4882990989380191,0.5935272473440707,120.0,686.0,393.08,Interpolated (Month),8854.0,2019-09-01,1.0419068111671295,3,0.06236986929940436,1.7248913610410237,-0.9203642842598282
2022.0,11.0,Asia,Model 3,-0.3822417848377107,-0.3936451874354734,1.7424942458003578,60.0,355.0,448.26,Estimated (Region),13721.0,2022-11-01,0.9710312663237324,4,-0.01140340259776268,-1.5506689682374235,-0.6660541105841694
2017.0,4.0,Europe,Cybertruck,1.5556498420883902,1.451984032430067,1.2398337961517487,60.0,336.0,808.62,Official (Quarter),3853.0,2017-04-01,1.0713959708529481,2,-0.10366580965832317,-0.3822417848377107,1.9287472491993172
2015.0,8.0,Middle East,Model 3,0.856321523533364,0.780824793102214,-0.5278783566505796,120.0,704.0,1403.64,Interpolated (Month),8426.0,2015-08-01,1.096688439068644,3,-0.07549673043115002,1.5556498420883902,-0.4520335986073128
2016.0,9.0,Middle East,Cybertruck,0.2131529282343918,0.3103794920833202,1.0654433123750109,120.0,661.0,1066.95,Interpolated (Month),14553.0,2016-09-01,0.6867493944386367,3,0.09722656384892842,0.856321523533364,0.22710236190048338
2018.0,11.0,North America,Model X,0.0548384142591806,0.1627197643683081,0.8377720386628599,100.0,582.0,885.05,Interpolated (Month),4869.0,2018-11-01,0.33701139177571926,4,0.1078813501091275,0.2131529282343918,0.045942090110952176
2022.0,8.0,Asia,Model 3,1.4064835183268347,1.6186587648269803,-1.3718737439451814,100.0,599.0,1388.81,Estimated (Region),13322.0,2022-08-01,0.868919100732868,3,0.21217524650014563,0.0548384142591806,-1.9295178100842258
2016.0,12.0,Middle East,Model X,0.3099712746622498,0.1927681668285967,-1.3548509098018395,75.0,444.0,742.06,Estimated (Region),8269.0,2016-12-01,1.6080003237145806,4,-0.11720310783365306,1.4064835183268347,-0.41996486348858497
2022.0,6.0,Asia,Model X,-0.4386556244885886,-0.4424738414334424,-1.4884266523788694,120.0,695.0,854.43,Estimated (Region),6172.0,2022-06-01,0.9913707510200279,2,-0.003818216944853847,0.3099712746622498,0.6529067227047123
2022.0,8.0,Middle East,Cybertruck,0.4200036736209439,0.4272865579053806,0.2227133674503748,100.0,597.0,1036.54,Official (Quarter),5346.0,2022-08-01,0.9829555033976766,3,0.007282884284436741,-0.4386556244885886,0.09354043249364856
2021.0,5.0,North America,Model Y,-0.5758784776934266,-0.5100827469690918,0.6562044190564664,120.0,665.0,763.69,Estimated (Region),14070.0,2021-05-01,1.1289903081711596,2,0.06579573072433476,0.4200036736209439,-0.3778940019019373
2021.0,2.0,Asia,Model 3,-0.0213965041879516,0.1206989515527482,-1.2488862648431611,82.0,454.0,669.97,Estimated (Region),8094.0,2021-02-01,-0.17727166568303485,1,0.1420954557406998,-0.5758784776934266,0.026721800195991928
2017.0,4.0,Asia,Model Y,0.344531104358283,0.1460522911286167,-0.2856803413253171,100.0,576.0,974.42,Official (Quarter),3655.0,2017-04-01,2.3589572042720075,2,-0.1984788132296663,-0.0213965041879516,-0.09842576349026273
2020.0,1.0,North America,Model X,-1.4767210973437055,-1.4603634747757197,1.0789869255482984,120.0,681.0,419.94,Interpolated (Month),9291.0,2020-01-01,1.011201062509796,1,0.016357622567985786,0.344531104358283,-1.5933627567151945
2016.0,8.0,Asia,Model S,0.4634575771358092,0.447005822019945,-0.3023815960447127,120.0,699.0,1231.57,Official (Quarter),9545.0,2016-08-01,1.0368043419244999,3,-0.01645175511586422,-1.4767210973437055,-0.14014104187334153
2017.0,5.0,Middle East,Model Y,-0.3461572567727348,-0.2657047238350257,-1.3823064365396731,100.0,563.0,722.89,Estimated (Region),6315.0,2017-05-01,1.3027892458082964,2,0.0804525329377091,0.4634575771358092,0.47849540409186764
2025.0,3.0,Europe,Model X,0.2472045251407775,0.0998059217170788,-1.4429184420905576,100.0,566.0,924.99,Official (Quarter),6730.0,2025-03-01,2.4768522837906506,1,-0.1473986034236987,-0.3461572567727348,-0.3566959682938668
2022.0,8.0,Asia,Model Y,0.1920612674640185,0.1516863665899209,0.8451957021498218,60.0,341.0,546.18,Estimated (Region),6963.0,2022-08-01,1.2661735644525642,3,-0.04037490087409759,0.2472045251407775,0.16232935781003582
2024.0,12.0,Middle East,Model X,-0.7776468951835032,-0.7723020090639543,-1.6346021451831676,60.0,331.0,340.7,Official (Quarter),9455.0,2024-12-01,1.0069207202063697,4,0.005344886119548864,0.1920612674640185,1.2711432830619842
2021.0,10.0,Middle East,Cybertruck,0.3491051994651109,0.2427705865476708,1.5715760245517345,100.0,597.0,1011.56,Estimated (Region),4172.0,2021-10-01,1.4380045145895797,4,-0.10633461291744012,-0.7776468951835032,0.5486453615257193
2018.0,6.0,North America,Model S,-0.8099196773261225,-0.7863871977172145,1.4241922480076927,120.0,683.0,690.0,Interpolated (Month),6555.0,2018-06-01,1.0299247999932093,2,0.02353247960890792,0.3491051994651109,-1.1534813259567556
2025.0,7.0,Europe,Model X,1.3754813181583343,1.2634772576206,-0.1360002789410399,60.0,335.0,770.58,Estimated (Region),10636.0,2025-07-01,1.088647468612662,3,-0.11200406053773437,-0.8099196773261225,-0.1870658429477227
2019.0,3.0,Europe,Model 3,-0.2826281580667913,-0.3410604831299683,0.9789548493751296,120.0,688.0,909.19,Estimated (Region),5729.0,2019-03-01,0.82867459599267,1,-0.05843232506317697,1.3754813181583343,-0.276680205909446
2020.0,3.0,Europe,Model Y,-0.1675134312116216,-0.2180498355581617,0.0805598540874592,100.0,579.0,804.49,Interpolated (Month),3101.0,2020-03-01,0.7682346138112072,1,-0.05053640434654011,-0.2826281580667913,-0.013494857576097872
2022.0,8.0,Europe,Model S,-1.12756517085584,-1.1610532158939384,0.1702581469479984,75.0,417.0,343.09,Official (Quarter),4607.0,2022-08-01,0.9711571833403737,3,-0.033488045038098324,-0.1675134312116216,-0.19197715655301853
2017.0,10.0,North America,Cybertruck,1.5993578619980793,1.7836902252143467,1.0581518592849113,100.0,598.0,1454.58,Interpolated (Month),9431.0,2017-10-01,0.896656739712684,4,0.18433236321626745,-1.12756517085584,1.6923634953352082
2024.0,10.0,North America,Model X,-0.7433411818822937,-0.8126795498699672,0.0063271954703784,75.0,442.0,463.9,Interpolated (Month),4801.0,2024-10-01,0.9146793247119754,4,-0.06933836798767345,1.5993578619980793,-0.004703264958951375
2015.0,8.0,North America,Model X,-1.4833281236091238,-1.5225730579942858,1.02758392087358,60.0,348.0,213.24,Estimated (Region),9401.0,2015-08-01,0.9742245968565475,3,-0.03924493438516197,-0.7433411818822937,-1.5242441292003137
2025.0,1.0,Asia,Model Y,-0.5306457594147949,-0.4800343445088032,0.1800640827363136,75.0,417.0,490.02,Interpolated (Month),4352.0,2025-01-01,1.1054329038847834,1,0.050611414905991636,-1.4833281236091238,-0.09555024192693959
2023.0,6.0,Middle East,Model S,0.2177270233412197,0.0988669091401948,-0.1934456963776075,75.0,418.0,675.84,Interpolated (Month),14784.0,2023-06-01,2.202223425761995,2,-0.11886011420102491,-0.5306457594147949,-0.04211835565046585
2016.0,10.0,North America,Model 3,1.1233978544931504,1.220752185372377,0.146204304255744,82.0,454.0,976.76,Official (Quarter),5902.0,2016-10-01,0.9202505372951434,4,0.09735433087922662,0.2177270233412197,0.1642456017185666
2021.0,12.0,North America,Model S,-1.35245818027488,-1.3641146856451076,-0.7465439153975288,100.0,558.0,385.02,Official (Quarter),11919.0,2021-12-01,0.9914548934243641,4,-0.011656505370227555,1.1233978544931504,1.0096694253138259
2018.0,4.0,Middle East,Cybertruck,-2.5091960095127,-2.489756012184826,-0.6712540706371184,75.0,427.0,3.07,Interpolated (Month),11070.0,2018-04-01,1.007807992924903,2,0.01943999732787427,-1.35245818027488,1.6843080354118136
2023.0,9.0,Middle East,Model S,1.4224928512007324,1.6198325305480854,1.4800660516289303,100.0,583.0,1357.22,Interpolated (Month),14175.0,2023-09-01,0.8781727890842016,3,0.19733967934735297,-2.5091960095127,2.1053833777470476
2017.0,7.0,Middle East,Model S,-0.91410739920387,-0.856813140983516,0.8131799107833811,60.0,345.0,327.32,Estimated (Region),4936.0,2017-07-01,1.0668690236876937,3,0.057294258220353944,1.4224928512007324,-0.7433337733310316
2020.0,6.0,Middle East,Model Y,-1.35245818027488,-1.2704481811009267,-1.5663870477495796,82.0,459.0,316.71,Official (Quarter),9790.0,2020-06-01,1.0645520221870728,2,0.08200999917395335,-0.91410739920387,2.1184729762055383
2016.0,3.0,Middle East,Model S,-0.416801614533744,-0.4908329891429694,-0.9972540933418128,100.0,580.0,720.53,Interpolated (Month),7932.0,2016-03-01,0.8491719663372879,1,-0.07403137460922543,-1.35245818027488,0.4156571162052526
2016.0,9.0,North America,Model 3,-0.3906276258668953,-0.4032700663485346,0.4057526975271007,100.0,554.0,696.79,Interpolated (Month),13588.0,2016-09-01,0.9686501887032876,3,-0.012642440481639261,-0.416801614533744,-0.15849821292409982
2015.0,5.0,Europe,Model Y,0.2474586415356013,0.0845469673427135,0.1919764383062126,82.0,490.0,800.86,Official (Quarter),9277.0,2015-05-01,2.926877797195502,2,-0.1629116741928878,-0.3906276258668953,0.04750622863009854
2024.0,1.0,Europe,Model S,1.4113117298284863,1.2554956507170858,-1.0414218094935188,100.0,571.0,1325.52,Interpolated (Month),12065.0,2024-01-01,1.1241072233284162,1,-0.1558160791114005,0.2474586415356013,-1.4697708154374103
2025.0,10.0,Middle East,Model Y,0.3145453697690776,0.2326762013461676,1.0287221231623551,60.0,344.0,575.86,Estimated (Region),3477.0,2025-10-01,1.3518587975446097,4,-0.08186916842291,1.4113117298284863,0.3235797806197336
2015.0,7.0,Asia,Model 3,0.0685606995796644,-0.0537226346034583,-0.0610121323418902,120.0,691.0,1056.4,Estimated (Region),3621.0,2015-07-01,-1.2761976415663525,3,-0.1222833341831227,0.3145453697690776,-0.00418303447620706
2022.0,4.0,Asia,Cybertruck,0.2055294363896786,0.2185910126929073,-0.8082185744389817,100.0,594.0,956.13,Estimated (Region),14128.0,2022-04-01,0.9402465081143179,2,0.013061576303228684,0.0685606995796644,-0.1661127080841134
2022.0,4.0,North America,Model X,0.0073186484271348,-0.1063073389089634,-1.296150487658216,75.0,447.0,667.21,Estimated (Region),10259.0,2022-04-01,-0.06884424445430005,2,-0.1136259873360982,0.2055294363896786,-0.009486069727829807
2022.0,10.0,North America,Model S,-0.2318048791020365,-0.1854191485114421,0.9123044073149318,120.0,719.0,971.73,Official (Quarter),5165.0,2022-10-01,1.2501668838573703,4,0.04638573059059442,0.0073186484271348,-0.21147661284189284
2020.0,11.0,North America,Model X,0.3196276976655531,0.400289946319965,-0.1559724984038537,100.0,577.0,967.63,Interpolated (Month),13195.0,2020-11-01,0.7984904457482029,4,0.0806622486544119,-0.2318048791020365,-0.04985313056396791
2024.0,1.0,Asia,Cybertruck,-0.4241709899836334,-0.5349665802565183,0.6089869172087243,100.0,550.0,680.87,Interpolated (Month),8703.0,2024-01-01,0.7928925013974554,1,-0.11079559027288494,0.3196276976655531,-0.2583145835595056
2024.0,7.0,Asia,Model Y,1.0265795080652926,1.2005634149693707,-0.6110650389498787,75.0,429.0,898.45,Estimated (Region),7980.0,2024-07-01,0.8550814519793468,3,0.17398390690407806,-0.4241709899836334,-0.6273068470810654
2019.0,12.0,Europe,Model Y,-0.5072670510910076,-0.4795648382203611,1.4357546933543173,60.0,346.0,411.36,Interpolated (Month),5093.0,2019-12-01,1.0577653127644802,4,0.027702212870646448,1.0265795080652926,-0.7283110493879184
2018.0,1.0,North America,Cybertruck,-1.1290898692247826,-1.192510137219553,1.676608735322005,120.0,672.0,552.28,Official (Quarter),3806.0,2018-01-01,0.9468178374209543,1,-0.06342026799477041,-0.5072670510910076,-1.8930419377058507
2020.0,6.0,Asia,Cybertruck,-0.7641787262578431,-0.8223044287830283,-1.040651410564435,100.0,551.0,571.52,Estimated (Region),10720.0,2020-06-01,0.9293136452989698,2,-0.05812570252518523,-1.1290898692247826,0.7952436694035577
2023.0,3.0,Asia,Model S,-0.1243136440915801,-0.1250875904466438,1.4917040457737627,60.0,345.0,488.16,Official (Quarter),8851.0,2023-03-01,0.993812764701117,1,-0.0007739463550636982,-0.7641787262578431,-0.18543916583628967
2016.0,2.0,Europe,Cybertruck,0.072372445502021,0.0082521954708869,0.0297771448085452,60.0,331.0,506.78,Official (Quarter),4780.0,2016-02-01,8.7700837622358,1,-0.0641202500311341,-0.1243136440915801,0.002155044789862225
2023.0,4.0,Europe,Model S,-1.3349241490320396,-1.3523770284340573,1.182868511209048,82.0,455.0,318.66,Estimated (Region),13052.0,2023-04-01,0.9870946644056601,2,-0.017452879402017674,0.072372445502021,-1.579039740742534
2024.0,2.0,Asia,Model S,-1.2640256748762069,-1.332657764319493,0.3463961937148382,75.0,444.0,329.54,Estimated (Region),7578.0,2024-02-01,0.9484998389827921,1,-0.06863208944328614,-1.3349241490320396,-0.43785368253494766
2020.0,9.0,Asia,Model X,-0.9471425305309604,-0.9342816785764476,-1.3432124186254402,60.0,358.0,332.67,Official (Quarter),5202.0,2020-09-01,1.0137654973327836,3,0.012860851954512809,-1.2640256748762069,1.2722136092175111
2025.0,3.0,Middle East,Model S,0.428897747439776,0.4040459966275012,0.0722857695891026,120.0,697.0,1213.83,Official (Quarter),12608.0,2025-03-01,1.0615072318986152,1,-0.02485175081227481,-0.9471425305309604,0.031003203748716766
2018.0,10.0,Middle East,Model X,-0.8800558022974841,-0.7985943612167068,0.1598860922046995,120.0,664.0,643.32,Interpolated (Month),14465.0,2018-10-01,1.102006030892412,4,0.08146144108077735,0.428897747439776,-0.14070868315141632
2022.0,7.0,Europe,Cybertruck,-0.4889706706636958,-0.3549109186390076,-0.987893994869232,82.0,472.0,566.26,Interpolated (Month),11832.0,2022-07-01,1.3777278888425666,3,0.13405975202468823,-0.8800558022974841,0.48305118921584606
2020.0,6.0,Middle East,Cybertruck,1.81688149596723,1.8761829640374228,-1.59737547486672,60.0,342.0,875.79,Official (Quarter),10789.0,2020-06-01,0.9683924919867197,2,0.059301468070192875,-0.4889706706636958,-2.9022419423972106
2025.0,9.0,North America,Model Y,-0.8815805006664268,-0.959165511863874,1.5006173128674742,120.0,693.0,670.79,Estimated (Region),12556.0,2025-09-01,0.9191119673947804,3,-0.0775850111974472,1.81688149596723,-1.322914961986416
2025.0,7.0,Asia,Model 3,0.1676660935609362,0.0505077614306678,-0.652113882017715,120.0,690.0,1095.24,Official (Quarter),13356.0,2025-07-01,3.319610468008805,3,-0.11715833213026841,-0.8815805006664268,-0.10933738715476753
2017.0,6.0,Europe,Model X,-0.9130909336245748,-0.9814670605648697,1.5519412895230154,60.0,352.0,334.17,Estimated (Region),13595.0,2017-06-01,0.930332733835263,2,-0.06837612694029482,0.1676660935609362,-1.4170635209810967
2022.0,5.0,Middle East,Model 3,1.0748616230818095,1.0404617706106454,0.7577743108983986,75.0,426.0,904.31,Interpolated (Month),5535.0,2022-05-01,1.0330621013119732,2,-0.03439985247116417,-0.9130909336245748,0.8145025257419525
2025.0,12.0,Asia,Model S,0.7178280883544071,0.5233005938917716,1.3123949376085018,75.0,432.0,826.01,Official (Quarter),7899.0,2025-12-01,1.3717318434820416,4,-0.1945274944626355,1.0748616230818095,0.9420739492295123
2016.0,7.0,Middle East,Model S,-1.7778490252098778,-1.724695515168571,1.194267930201648,120.0,671.0,294.5,Interpolated (Month),12631.0,2016-07-01,1.0308190689741032,3,0.05315351004130675,0.7178280883544071,-2.123228075548418
2016.0,5.0,Asia,Model Y,0.6085580385801842,0.4324511270782427,-0.0363061842335336,82.0,457.0,844.33,Interpolated (Month),6896.0,2016-05-01,1.4072296277541643,2,-0.17610691150194152,-1.7778490252098778,-0.022094420265490015
2023.0,4.0,Middle East,Model X,1.0949368182728878,1.1458659323658766,-1.155556162321452,75.0,432.0,922.17,Interpolated (Month),10081.0,2023-04-01,0.9555540376457172,2,0.050929114092988836,0.6085580385801842,-1.2652609877078793
2025.0,5.0,North America,Cybertruck,-0.7679904721801998,-0.7643204021604401,0.7069294726735907,75.0,421.0,435.73,Estimated (Region),3049.0,2025-05-01,1.004801742841596,2,0.003670070019759719,1.0949368182728878,-0.5429150995166906
2021.0,9.0,North America,Cybertruck,0.4083143194590503,0.2307981761923995,1.2655939482140317,120.0,717.0,1239.94,Interpolated (Month),5960.0,2021-09-01,1.7691401474449633,3,-0.17751614326665077,-0.7679904721801998,0.5167601316765049
2019.0,8.0,Middle East,Model Y,-0.4414509048316501,-0.3692308604364889,-0.9242804156843244,120.0,708.0,869.25,Interpolated (Month),10061.0,2019-08-01,1.1955959052550098,3,0.07222004439516122,0.4083143194590503,0.4080244258220187
2023.0,4.0,Asia,Cybertruck,-0.5075211674858313,-0.5589114009670608,-1.5609783502358463,100.0,574.0,682.34,Interpolated (Month),7265.0,2023-04-01,0.908052987660815,2,-0.05139023348122951,-0.4414509048316501,0.7922295547318036
2021.0,1.0,North America,Model X,0.716811622775112,0.5564007872269333,0.8615858151081806,120.0,660.0,1261.56,Interpolated (Month),5023.0,2021-01-01,1.2883008781271792,1,-0.1604108355481787,-0.5075211674858313,0.6175947262877125
2022.0,3.0,Europe,Cybertruck,-0.7682445885750235,-0.8272342448116694,0.3948304288389656,60.0,342.0,353.92,Estimated (Region),3852.0,2022-03-01,0.9286905050091638,1,-0.05898965623664587,0.716811622775112,-0.3033263403602912
2018.0,10.0,Asia,Model S,-0.9717918208288664,-1.0685604770708623,-0.3312054506869119,60.0,337.0,308.25,Estimated (Region),12826.0,2018-10-01,0.9094401689764363,4,-0.09676865624199593,-0.7682445885750235,0.3218627479914794
2018.0,3.0,Middle East,Model 3,-0.9484131125050792,-0.8816969742709425,-0.8546706476733121,60.0,355.0,329.62,Official (Quarter),4234.0,2018-03-01,1.0756678770382568,1,0.06671613823413669,-0.9717918208288664,0.8105808491265779
2023.0,8.0,Middle East,Model X,-0.1499793999687813,-0.1107676486491625,-0.7785383344065815,100.0,585.0,818.88,Official (Quarter),10138.0,2023-08-01,1.3540000333835314,3,0.03921175131961879,-0.9484131125050792,0.11676471224699349
2016.0,5.0,Europe,Model Y,-2.466758571577129,-2.4500827308114763,1.3496872160918136,60.0,343.0,11.06,Official (Quarter),5335.0,2016-05-01,1.0068062357878542,2,0.016675840765652872,-0.1499793999687813,-3.3293525092425544
2024.0,4.0,North America,Model 3,1.2415619780862055,1.1500914889618548,-1.2323420720989853,60.0,336.0,746.32,Official (Quarter),13865.0,2024-04-01,1.0795332284450847,2,-0.09147048912435074,-2.466758571577129,-1.5300290607140694
2020.0,8.0,North America,Model X,-0.1558240770497281,-0.0771979490255588,-1.664233676121987,60.0,336.0,469.17,Official (Quarter),8844.0,2020-08-01,2.018500219457095,3,0.07862612802416928,1.2415619780862055,0.2593276765767847
2016.0,5.0,North America,Model S,1.4326575069936835,1.2470445375251296,0.0135336561624956,75.0,427.0,996.62,Interpolated (Month),4756.0,2016-05-01,1.1488422938261045,2,-0.185612969468554,-0.1558240770497281,0.019389094098270648
2021.0,9.0,Middle East,Cybertruck,0.4936974281198384,0.4171921727038774,-0.8575370287210697,120.0,717.0,1276.08,Estimated (Region),14079.0,2021-09-01,1.1833813298080844,3,-0.07650525541596104,1.4326575069936835,-0.42336382559712016
2021.0,12.0,Europe,Model S,0.4769257460614693,0.3639032089657093,-0.5953295165654571,82.0,459.0,812.36,Official (Quarter),8902.0,2021-12-01,1.3105840627704113,4,-0.11302253709575999,0.4936974281198384,-0.2839279738403945
2023.0,12.0,Asia,Model Y,0.199430642913908,0.3681287655616874,0.9774254832430076,100.0,580.0,931.51,Official (Quarter),8459.0,2023-12-01,0.5417415360345954,4,0.1686981226477794,0.4769257460614693,0.1949285925235902
2015.0,1.0,Asia,Model X,-0.6683768454092803,-0.7882652228709826,1.102165495650801,120.0,702.0,767.85,Estimated (Region),11748.0,2015-01-01,0.8479085795196566,1,-0.11988837746170222,0.199430642913908,-0.7366618971020382
2018.0,9.0,Middle East,Model X,0.0596666257608323,0.0404133762291646,1.326412221865284,60.0,345.0,525.62,Interpolated (Month),9093.0,2018-09-01,1.476407846315336,3,-0.019253249531667703,-0.6683768454092803,0.07914254164662997
2015.0,9.0,Asia,Model 3,-0.2950798614131563,-0.3889501245510533,0.2935254548223247,75.0,428.0,562.46,Estimated (Region),13712.0,2015-09-01,0.7586573259328634,3,-0.09387026313789704,0.0596666257608323,-0.08661345053020525
2021.0,12.0,Asia,Model Y,-0.709289584975908,-0.7957773234860548,-0.076737217063402,82.0,482.0,515.57,Official (Quarter),6099.0,2021-12-01,0.8913166586209434,4,-0.0864877385101468,-0.2950798614131563,0.05442890884310657
2016.0,2.0,North America,Model S,0.5722193941203846,0.5472454146023141,0.0561580892981993,120.0,681.0,1243.57,Estimated (Region),10115.0,2016-02-01,1.0456357949316382,1,-0.024973979518070455,-0.709289584975908,0.032134747833174056
2024.0,9.0,Asia,Cybertruck,0.0012198549513642,-0.0816582587657579,1.3657791101098822,82.0,471.0,701.34,Interpolated (Month),10190.0,2024-09-01,-0.014938537384974547,3,-0.0828781137171221,0.5722193941203846,0.0016660524099373305
2017.0,11.0,Europe,Cybertruck,-1.1674614448431726,-1.2098818698919074,-1.098872197245759,60.0,354.0,282.92,Estimated (Region),6428.0,2017-11-01,0.9649383744773986,4,-0.04242042504873478,0.0012198549513642,1.2828909230945253
2018.0,10.0,North America,Model 3,-2.334618046268767,-2.313691154019072,1.7293750975854172,82.0,468.0,51.6,Official (Quarter),14048.0,2018-10-01,1.009044807995805,4,0.020926892249694795,-1.1674614448431726,-4.037430311590724
2025.0,1.0,North America,Model Y,-0.7639246098630194,-0.8131490561584092,0.3639796794659262,75.0,437.0,453.34,Official (Quarter),10860.0,2025-01-01,0.9394644242373683,1,-0.0492244462953898,-2.334618046268767,-0.2780530346340745
2016.0,1.0,Middle East,Model Y,-0.6162829844704066,-0.5528078192173147,1.4277201780713278,75.0,419.0,471.19,Official (Quarter),5850.0,2016-01-01,1.114823204460028,1,0.06347516525309194,-0.7639246098630194,-0.8798796523304183
2018.0,7.0,North America,Cybertruck,1.574962688094997,1.461608911343128,-0.3671592231598866,82.0,460.0,1112.28,Interpolated (Month),4163.0,2018-07-01,1.0775541089495027,3,-0.11335377675186886,-0.6162829844704066,-0.5782620770667658
2025.0,2.0,Middle East,Model 3,-0.849815951313455,-0.8758281456654174,-1.1312319344566673,60.0,341.0,336.46,Official (Quarter),8010.0,2025-02-01,0.9702998876198486,1,-0.026012194351962448,1.574962688094997,0.9613389425364527
2015.0,7.0,Middle East,Model Y,0.3142912533742539,0.2589685534989201,1.316969616152556,82.0,467.0,781.69,Estimated (Region),12799.0,2015-07-01,1.2136270953668684,3,-0.05532269987533378,-0.849815951313455,0.41391203131639687
2021.0,7.0,Asia,Model Y,1.4677255694793645,1.221925951093482,0.3140334743145268,100.0,576.0,1356.31,Estimated (Region),11906.0,2021-07-01,1.2011575400014383,3,-0.2457996183858826,0.3142912533742539,0.4609149599238722
2016.0,4.0,Middle East,Cybertruck,-0.8935239712231442,-0.9678513782000512,1.2641336694697427,100.0,596.0,572.7,Interpolated (Month),8844.0,2016-04-01,0.9232036977463044,2,-0.07432740697690698,1.4677255694793645,-1.1295337365014901
2017.0,9.0,Asia,Model Y,-0.2285013659693274,-0.2840154690842641,0.5415954010819046,120.0,673.0,910.87,Official (Quarter),3172.0,2017-09-01,0.8045384524514532,3,-0.05551410311493671,-0.8935239712231442,-0.12375528894992095
2024.0,3.0,Asia,Model X,-1.7176234396366434,-1.7519268798982075,-1.5613138465436731,82.0,455.0,215.87,Interpolated (Month),3856.0,2024-03-01,0.9804195936170822,1,-0.03430344026156407,-0.2285013659693274,2.6817492594526624
2023.0,6.0,North America,Model Y,-1.4624905792335745,-1.4699883536887808,1.60309726950886,82.0,469.0,293.15,Interpolated (Month),12061.0,2023-06-01,0.99489943274966,2,-0.007497774455206274,-1.7176234396366434,-2.3445146542517743
2017.0,4.0,Middle East,Model Y,-0.587821948250144,-0.5570333758132928,0.5648097574572418,75.0,415.0,473.66,Estimated (Region),9533.0,2017-04-01,1.0552724015718062,2,0.03078857243685118,-1.4624905792335745,-0.33200757201920716
2015.0,7.0,Middle East,Cybertruck,2.129190545205648,2.077601161779045,-0.4235320464745438,75.0,429.0,1177.67,Estimated (Region),6616.0,2015-07-01,1.0248312257307497,3,-0.05158938342660324,-0.587821948250144,-0.9017804289451978
2015.0,6.0,Asia,Model X,-0.5194646380425487,-0.6030449920806098,-1.4263891602933965,75.0,417.0,492.77,Official (Quarter),8529.0,2015-06-01,0.8614027889532846,2,-0.08358035403806108,2.129190545205648,0.7409587288596242
2017.0,3.0,Asia,Model 3,0.6179603451886639,0.7080513183937025,1.6786107784744877,75.0,433.0,802.39,Official (Quarter),6114.0,2017-03-01,0.8727620853677379,1,0.09009097320503856,-0.5194646380425487,1.0373148961035064
2015.0,12.0,North America,Cybertruck,-0.0773021110491819,-0.0295430607486948,1.5077268524039973,60.0,333.0,480.42,Official (Quarter),14246.0,2015-12-01,2.6165911415457206,4,0.047759050300487105,0.6179603451886639,-0.11655046857636729
2018.0,1.0,North America,Model Y,1.312968685031686,1.0463305992161704,1.1407490621455696,82.0,483.0,1093.2,Official (Quarter),4253.0,2018-01-01,1.254831585748577,1,-0.2666380858155155,-0.0773021110491819,1.4977677960763975
2025.0,7.0,Middle East,Model 3,-0.3741100602033499,-0.4413000757123374,-0.4078869838353433,100.0,567.0,718.67,Official (Quarter),7468.0,2025-07-01,0.8477452889611886,3,-0.06719001550898751,1.312968685031686,0.1525946240788031
2024.0,6.0,North America,Model X,-0.7153883784516786,-0.8169051064659452,1.6567920867397097,100.0,584.0,622.57,Interpolated (Month),8009.0,2024-06-01,0.8757300851583077,2,-0.10151672801426659,-0.3741100602033499,-1.1852498043642936
2020.0,12.0,Asia,Model Y,0.4296600966242473,0.3756408661767595,0.0248172667999486,75.0,433.0,754.26,Estimated (Region),11743.0,2020-12-01,1.1438055209415603,4,-0.0540192304474878,-0.7153883784516786,0.010662989251215641
2016.0,5.0,Europe,Model S,1.2585877765393982,1.020742506496081,1.7263546367518428,82.0,453.0,1010.76,Official (Quarter),11340.0,2016-05-01,1.2330120167717642,2,-0.23784527004331735,0.4296600966242473,2.172768843787982
2023.0,6.0,Middle East,Cybertruck,-0.6155206352859354,-0.6065662892439249,1.3539104933178925,120.0,701.0,788.62,Official (Quarter),7735.0,2023-06-01,1.0147623535972827,2,0.008954346042010508,1.2585877765393982,-0.8333598469673233
2020.0,7.0,North America,Model Y,-0.001829541786521,0.0237459029894732,0.9206664664006742,75.0,417.0,620.18,Interpolated (Month),5744.0,2020-07-01,-0.07704662936305494,3,0.025575444775994202,-0.6155206352859354,-0.0016843977717286658
2023.0,11.0,Asia,Model S,0.5445207070845932,0.3852657450898207,-0.812382207877002,60.0,355.0,642.46,Interpolated (Month),6925.0,2023-11-01,1.413363928728322,4,-0.15925496199477251,-0.001829541786521,-0.4423589342561281
2021.0,1.0,Middle East,Model Y,0.8532721267954787,0.9507860695182216,0.5939348132291341,60.0,344.0,685.25,Estimated (Region),10707.0,2021-01-01,0.8974386080644252,1,0.09751394272274294,0.5445207070845932,0.5067880212618987
2023.0,8.0,Europe,Model 3,-0.1276171572242891,-0.2544365729124175,0.0272243906796595,120.0,665.0,939.64,Interpolated (Month),14634.0,2023-08-01,0.5015676628698251,3,-0.1268194156881284,0.8532721267954787,-0.003474299345701577
2024.0,11.0,Middle East,Cybertruck,0.4746386985080553,0.3282207310441166,0.2835569897115518,60.0,349.0,617.21,Interpolated (Month),11653.0,2024-11-01,1.4460960372556677,4,-0.1464179674639387,-0.1276171572242891,0.13458712054955296
2017.0,12.0,Asia,Cybertruck,-0.1703087115546832,-0.1140541926682566,0.8785062607486891,60.0,352.0,488.51,Interpolated (Month),9934.0,2017-12-01,1.4932262249231918,4,0.05625451888642659,0.4746386985080553,-0.14961726936083178
2018.0,7.0,Europe,Model 3,0.8486980316886508,0.6456069820309152,-0.7587326205187634,60.0,340.0,676.36,Interpolated (Month),12389.0,2018-07-01,1.3145738124127204,3,-0.2030910496577356,-0.1703087115546832,-0.6439348816122465
2015.0,10.0,Asia,Model Y,-1.668578975435655,-1.6303247511917272,1.4841382312585958,100.0,559.0,281.4,Interpolated (Month),9815.0,2015-10-01,1.0234641743713728,4,0.03825422424392788,0.8486980316886508,-2.476401849318353
2021.0,2.0,North America,Cybertruck,0.2027341560466171,0.2969985628627229,-0.6505203988134303,82.0,463.0,744.5,Official (Quarter),13054.0,2021-02-01,0.6826098890597116,1,0.09426440681610582,-1.668578975435655,-0.13188270404454955
2017.0,5.0,Asia,Model Y,0.6469296141985741,0.8230803590619948,-1.6927091116356132,100.0,583.0,1090.33,Official (Quarter),3622.0,2017-05-01,0.7859859697488505,2,0.17615074486342075,0.2027341560466171,-1.0950636525408384
2018.0,12.0,Europe,Model 3,1.7162514036170151,1.6775818040264523,0.8708032655209889,60.0,340.0,850.48,Interpolated (Month),10616.0,2018-12-01,1.0230507981773227,4,-0.03866959959056282,0.6469296141985741,1.4945173267246774
2017.0,2.0,North America,Model Y,0.2202681872894575,0.0493339957095627,-0.4823100055426429,75.0,448.0,725.02,Official (Quarter),9004.0,2017-02-01,4.4648357409809725,1,-0.17093419157989478,1.7162514036170151,-0.10623755063244615
2021.0,10.0,Europe,Cybertruck,0.5376595644243513,0.5301084350741808,0.1508485672191995,75.0,446.0,805.34,Official (Quarter),13798.0,2021-10-01,1.0142444995222795,4,-0.007551129350170438,0.2202681872894575,0.08110517494511228
2023.0,5.0,Middle East,Model 3,-0.0381681862463207,-0.1410508042536721,-1.0099920183447488,82.0,478.0,700.65,Official (Quarter),13935.0,2023-05-01,0.2705988558397534,2,-0.1028826180073514,0.5376595644243513,0.03854956346347973
2023.0,5.0,North America,Cybertruck,-1.427930749537541,-1.4413484700938182,-1.4207667392057886,60.0,346.0,223.33,Official (Quarter),8748.0,2023-05-01,0.9906908559347875,2,-0.013417720556277102,-0.0381681862463207,2.02875651483213
2017.0,9.0,Europe,Model S,-0.944347250187899,-0.8666727730407983,0.9719168823842772,75.0,441.0,410.53,Interpolated (Month),5252.0,2017-09-01,1.0896237652356067,3,0.07767447714710074,-1.427930749537541,-0.9178270352907878
2015.0,1.0,North America,Model Y,0.5712029285410894,0.540437573419905,-0.7217544659858912,120.0,696.0,1270.55,Official (Quarter),4673.0,2015-01-01,1.0569267509039026,1,-0.0307653551211845,-0.944347250187899,-0.4122682646587512
2025.0,6.0,North America,Model 3,-0.3990134668960798,-0.4269801339148561,1.1934264557584615,82.0,459.0,575.04,Official (Quarter),11810.0,2025-06-01,0.9345012453802988,2,-0.027966667018776314,0.5712029285410894,-0.47619322759768473
2022.0,4.0,Middle East,Model S,-0.828470174148258,-0.8431974586186978,1.3625543693022086,75.0,426.0,425.7,Estimated (Region),11841.0,2022-04-01,0.9825340027772788,2,-0.014727284470439805,-0.3990134668960798,-1.1288356556222705
2016.0,12.0,Europe,Model X,-0.4602555180486093,-0.4316751967992762,-1.2507088795999028,100.0,572.0,695.92,Official (Quarter),10514.0,2016-12-01,1.0662079300855052,4,0.02858032124933313,-0.828470174148258,0.5756456633082491
2020.0,8.0,Europe,Model S,-0.0071659860778202,0.1495735882919318,0.0749916094406708,82.0,478.0,709.4,Official (Quarter),12342.0,2020-08-01,-0.04790943481167218,3,0.156739574369752,-0.4602555180486093,-0.0005373888292051768
2015.0,1.0,Europe,Model S,-1.4159872789808237,-1.3897027783651972,-1.573393701751702,82.0,475.0,309.94,Interpolated (Month),5046.0,2015-01-01,1.018913756973665,1,0.026284500615626483,-0.0071659860778202,2.227905466508958
2020.0,3.0,Europe,Model 3,2.332991893854315,2.1097623425373224,1.0656525626647808,75.0,448.0,1283.72,Interpolated (Month),6223.0,2020-03-01,1.1058079134394463,1,-0.2232295513169924,-1.4159872789808237,2.486158790362011
2018.0,10.0,Middle East,Cybertruck,-0.3995216996857273,-0.3152376372656578,1.5173553479228394,120.0,714.0,894.28,Official (Quarter),12835.0,2018-10-01,1.2673667495770546,4,0.08428406242006953,2.332991893854315,-0.6062163876293609
2017.0,4.0,Europe,Model X,-1.5702359306388545,-1.5052013253219314,1.557926543654644,82.0,487.0,273.43,Estimated (Region),8033.0,2017-04-01,1.043206582550021,2,0.06503460531692307,-0.3995216996857273,-2.4463122361425236
2015.0,12.0,Europe,Model Y,1.611047216159973,1.7071607001982991,-0.1836109327583983,75.0,422.0,1029.38,Official (Quarter),14965.0,2015-12-01,0.9436998028204597,4,0.0961134840383262,-1.5702359306388545,-0.2958058820769536
2019.0,6.0,North America,Model Y,-0.9603565830617968,-0.8786451833960695,1.6552845899965416,75.0,449.0,413.73,Interpolated (Month),3783.0,2019-06-01,1.0929970381786,2,0.08171139966572738,1.611047216159973,-1.589663452843926
2017.0,4.0,North America,Model X,-1.877716768375621,-1.8366727649619905,-0.8617155731061047,100.0,578.0,219.61,Estimated (Region),7302.0,2017-04-01,1.0223469331045913,2,0.04104400341363057,-0.9603565830617968,1.6180577811917412
2016.0,1.0,North America,Model X,0.0159586058511431,0.059663134055287,0.7090259518238325,75.0,433.0,648.53,Official (Quarter),3117.0,2016-01-01,0.2674785041690069,1,0.043704528204143896,-1.877716768375621,0.011315065703388121
2018.0,9.0,Middle East,Model Y,-0.1647181508685601,-0.1079506109185104,0.3364063562466775,100.0,570.0,792.93,Interpolated (Month),8066.0,2018-09-01,1.5258658516801011,3,0.0567675399500497,0.0159586058511431,-0.05541223294138279
2023.0,2.0,Middle East,Model X,-1.9938479608100856,-1.968604032014195,1.1533850956772398,100.0,568.0,176.88,Official (Quarter),8165.0,2023-02-01,1.01282326378762,1,0.025243928795890547,-0.1647181508685601,-2.29967452104481
2019.0,11.0,North America,Model S,0.5351184004761136,0.4817492873646538,-0.8365767105027602,60.0,337.0,608.02,Interpolated (Month),8493.0,2019-11-01,1.1107819243561492,4,-0.05336911311145981,-1.9938479608100856,-0.44766759119980576
2023.0,7.0,Europe,Model S,-0.0132647795535908,-0.1309564190521689,0.5144336200002574,82.0,458.0,678.07,Interpolated (Month),12006.0,2023-07-01,0.10129155676062379,3,-0.1176916394985781,0.5351184004761136,-0.006823848564259114
2024.0,2.0,Asia,Model Y,0.4751469312977028,0.5033465766329862,0.8969481200162464,82.0,455.0,804.8,Official (Quarter),13060.0,2024-02-01,0.9439756886320395,1,0.028199645335283408,-0.0132647795535908,0.4261821467589631
2025.0,11.0,North America,Model 3,0.2380563349271217,0.3312725219189896,0.0025338505498851,120.0,688.0,1120.65,Interpolated (Month),4320.0,2025-11-01,0.7186117748254917,4,0.0932161869918679,0.4751469312977028,0.0006031991751587188
2023.0,11.0,Asia,Model X,1.4631514743725365,1.6771122977380106,1.4501278522131795,100.0,588.0,1382.98,Official (Quarter),5739.0,2023-11-01,0.8724230788516357,4,0.21396082336547417,0.2380563349271217,2.121756704994393
2023.0,5.0,Middle East,Model Y,0.5976310336027619,0.6115677761188695,0.8809387332383244,75.0,417.0,767.74,Estimated (Region),7179.0,2023-05-01,0.9772114505369252,2,0.013936742516107548,1.4631514743725365,0.5264763256859276
2018.0,7.0,North America,Model X,1.1922633974903931,1.1404666100487937,-0.0314248372125477,75.0,428.0,938.22,Estimated (Region),3288.0,2018-07-01,1.0454171888814732,3,-0.051796787441599434,0.5976310336027619,-0.037466683180614656
2020.0,9.0,Asia,Model Y,-0.3278608763454231,-0.3983402503198935,-0.3202265204001217,60.0,341.0,441.53,Estimated (Region),12535.0,2020-09-01,0.8230674055211071,3,-0.0704793739744704,1.1922633974903931,0.1049897476074294
2024.0,4.0,Asia,Model X,-0.9288461501036488,-0.9626868090271892,-0.0815837718746875,60.0,343.0,322.44,Interpolated (Month),11502.0,2024-04-01,0.9648476964613892,2,-0.03384065892354038,-0.3278608763454231,0.07577877241673783
2023.0,4.0,Asia,Model S,-0.1570946590238469,-0.2349520619420741,-0.4465794002433183,60.0,330.0,460.55,Interpolated (Month),9287.0,2023-04-01,0.6686243045722985,2,-0.07785740291822721,-0.9288461501036488,0.07015523860829814
2021.0,5.0,Europe,Model 3,1.1391530709722244,1.120043086501566,0.4142032282317958,60.0,343.0,741.14,Interpolated (Month),13729.0,2021-05-01,1.017061829764378,2,-0.01910998447065837,-0.1570946590238469,0.4718408794468593
2021.0,9.0,Europe,Model S,-1.3140866046564903,-1.3110604750511603,-1.657994438859545,75.0,436.0,310.72,Estimated (Region),7967.0,2021-09-01,1.0023081540957994,3,0.003026129605329997,1.1391530709722244,2.1787482827002824
2025.0,3.0,Middle East,Model X,-0.1822521821114006,-0.1598310557913525,-1.5380289116858004,82.0,457.0,631.0,Estimated (Region),6423.0,2025-03-01,1.1402801615057663,1,0.022421126320048085,-1.3140866046564903,0.2803091253051598
2016.0,2.0,Middle East,Model 3,0.6687836241534187,0.6195493830223836,0.5307785030860053,60.0,333.0,627.07,Interpolated (Month),10894.0,2016-02-01,1.0794678236799347,1,-0.04923424113103514,-0.1822521821114006,0.35497597091658517
2017.0,10.0,North America,Model 3,-0.4943071149549951,-0.4884854577007594,0.6687330937696326,60.0,350.0,418.79,Interpolated (Month),10783.0,2017-10-01,1.0119177698383028,4,0.005821657254235668,0.6687836241534187,-0.3305595262561953
2024.0,11.0,Europe,Model S,-0.4470414655177731,-0.5359055928334023,0.9169645752885366,82.0,491.0,601.2,Interpolated (Month),12333.0,2024-11-01,0.8341795112721383,4,-0.08886412731562926,-0.4943071149549951,-0.4099211875648698
2024.0,5.0,North America,Model 3,-0.7021743259208423,-0.6046882640901567,0.624117055144356,60.0,338.0,362.96,Estimated (Region),9739.0,2024-05-01,1.1612170561592885,2,0.09748606183068553,-0.4470414655177731,-0.4382389724916893
2025.0,5.0,Asia,Model Y,0.1440332688423252,0.0239806561336942,0.2302299758403936,100.0,585.0,920.41,Official (Quarter),5429.0,2025-05-01,6.00622718741837,2,-0.120052612708631,-0.7021743259208423,0.03316077600578145
2022.0,5.0,North America,Cybertruck,0.2472045251407775,0.3106142452275412,-0.409071907091431,60.0,351.0,573.62,Estimated (Region),7033.0,2022-05-01,0.7958570121588829,2,0.06340972008676371,0.1440332688423252,-0.10112442654096945
2023.0,8.0,North America,Model Y,2.20339253249419,1.9475479198806085,1.2408228889703783,75.0,434.0,1210.4,Official (Quarter),13669.0,2023-08-01,1.131367557122428,3,-0.2558446126135816,0.2472045251407775,2.734019887705199
2016.0,4.0,Asia,Cybertruck,-1.8467145682071209,-1.8411330747021892,-0.1790884425288952,120.0,696.0,277.18,Official (Quarter),9188.0,2016-04-01,1.0030315535479881,2,0.005581493504931645,2.20339253249419,0.33072523581563446
2021.0,2.0,Europe,Model 3,0.2075623675482688,0.1761006935889054,0.6640366424916261,100.0,567.0,913.35,Interpolated (Month),6327.0,2021-02-01,1.1786572972438623,1,-0.03146167395936339,-1.8467145682071209,0.13782901765436525
2022.0,5.0,North America,Model 3,-0.4061287259511455,-0.4765130473454881,-1.1468158622131082,100.0,588.0,734.18,Interpolated (Month),4556.0,2022-05-01,0.8522929817212086,2,-0.07038432139434259,0.2075623675482688,0.4657548650211741
2020.0,8.0,North America,Model Y,0.6687836241534187,0.83364425055194,0.0994321426921684,120.0,715.0,1346.42,Interpolated (Month),8805.0,2020-08-01,0.8022410323235958,3,0.16486062639852128,-0.4061287259511455,0.06649858874700824
2020.0,6.0,Europe,Model S,-2.19409167993122,-2.158049819400546,0.9832780299462064,75.0,413.0,79.79,Interpolated (Month),6924.0,2020-06-01,1.0167011253431977,2,0.03604186053067382,0.6687836241534187,-2.1574021445641325
2017.0,11.0,Asia,Model 3,0.2439010120080685,0.2662459009697713,1.2053572014963456,100.0,589.0,961.42,Estimated (Region),5101.0,2017-11-01,0.916074242343961,4,0.022344888961702808,-2.19409167993122,0.293987841276172
2021.0,6.0,North America,Model 3,1.1361036742343391,0.9193291481926068,-1.0702933791661648,120.0,686.0,1481.04,Interpolated (Month),10017.0,2021-06-01,1.2357964244557123,2,-0.2167745260417323,0.2439010120080685,-1.2159642405793665
2017.0,7.0,Asia,Model X,0.3930673357696239,0.4641428015480784,1.1802635687656116,100.0,592.0,1018.45,Estimated (Region),11980.0,2017-07-01,0.8468672452930585,3,0.07107546577845453,1.1361036742343391,0.4639230564806472
2016.0,10.0,North America,Cybertruck,0.985666768498665,1.171923531374408,-1.0902004874936817,82.0,454.0,939.85,Official (Quarter),5874.0,2016-10-01,0.8410674776217651,4,0.1862567628757431,0.3930673357696239,-1.0745743915235664
2021.0,7.0,Middle East,Model X,-0.0224129697672467,-0.1685169221275297,-1.0761767418265265,120.0,706.0,1041.42,Official (Quarter),13097.0,2021-07-01,0.1330013003102744,3,-0.146103952360283,0.985666768498665,0.024120316778771998
2017.0,6.0,Asia,Cybertruck,-0.4915118346119336,-0.5704143050338901,1.317907017688202,75.0,440.0,527.21,Estimated (Region),3164.0,2017-06-01,0.8616751548380809,2,-0.07890247042195653,-0.0224129697672467,-0.6477668961118702
2025.0,11.0,Middle East,Model S,0.3061595287398931,0.2692976918446443,0.2438685220430065,100.0,589.0,983.07,Estimated (Region),11365.0,2025-11-01,1.1368813696201827,4,-0.0368618368952488,-0.4915118346119336,0.0746626717831811
2020.0,10.0,Asia,Model X,-0.5075211674858313,-0.42087655216511,-1.626406094640854,100.0,598.0,710.87,Estimated (Region),9319.0,2020-10-01,1.2058670526428628,4,0.08664461532072132,0.3061595287398931,0.8254355199581977
2024.0,11.0,Europe,Model 3,-1.016008073528203,-1.0655086861959893,-1.259412399372277,60.0,346.0,307.46,Estimated (Region),10264.0,2024-11-01,0.9535427413130624,4,-0.04950061266778616,-0.5075211674858313,1.279573165663759
2017.0,8.0,North America,Model X,0.8921519352035161,0.7484288591997154,0.0317607977930435,60.0,342.0,689.11,Estimated (Region),3217.0,2017-08-01,1.1920330492833773,3,-0.14372307600380074,-1.016008073528203,0.02833545721467132
2023.0,5.0,Asia,Model Y,-0.1545534950756092,-0.1412855573978931,-0.6156108896630387,82.0,454.0,634.28,Interpolated (Month),13747.0,2023-05-01,1.0939086621596465,2,0.013267937677716085,0.8921519352035161,0.09514481460402785
2021.0,3.0,Asia,Model Y,-0.248068328370758,-0.28072892506517,1.2887824589478765,82.0,474.0,636.06,Interpolated (Month),8274.0,2021-03-01,0.8836578856744812,1,-0.032660596694411986,-0.1545534950756092,-0.31970611022475476
2022.0,7.0,Middle East,Model S,0.4781963280355881,0.6803504473756239,1.5670172510178286,82.0,454.0,803.85,Official (Quarter),14200.0,2022-07-01,0.7028676616296458,3,0.2021541193400358,-0.248068328370758,0.7493418954051471
2015.0,12.0,Europe,Model X,-0.6920096701278913,-0.564780229572586,1.6359351510873674,100.0,587.0,633.87,Official (Quarter),4561.0,2015-12-01,1.2252724757231497,4,0.12722944055530527,0.4781963280355881,-1.132082944254591
2024.0,4.0,North America,Cybertruck,0.0896523603500376,0.0293799784507773,0.538627625594448,60.0,338.0,520.94,Interpolated (Month),9848.0,2024-04-01,3.0514780839693123,2,-0.0602723818992603,-0.6920096701278913,0.04828923798427859
2019.0,11.0,Europe,Cybertruck,0.6494707781468119,0.5927875245811891,0.8963651019879789,60.0,346.0,647.61,Official (Quarter),3929.0,2019-11-01,1.095621535904741,4,-0.05668325356562276,0.0896523603500376,0.5821629402917791
2015.0,6.0,Europe,Model Y,-1.7117787625556966,-1.7021592133233543,1.67474486694519,60.0,344.0,164.4,Official (Quarter),6945.0,2015-06-01,1.005651380409686,2,0.009619549232342317,0.6494707781468119,-2.8667926959359424
2022.0,11.0,Middle East,Model X,-1.0147374915540843,-0.9868663828819528,0.2505506144317797,100.0,574.0,510.49,Estimated (Region),9599.0,2022-11-01,1.0282420286632312,4,0.027871108672131495,-1.7117787625556966,-0.25424310199583866
2015.0,4.0,Europe,Model 3,0.0906688259293327,0.251691206028069,0.2671966986472215,120.0,683.0,1053.08,Estimated (Region),10719.0,2015-04-01,0.36023835460989917,2,0.1610223800987363,-1.0147374915540843,0.024226410958537295
2020.0,11.0,Middle East,Model X,-1.8037688974819028,-1.817657760280089,-0.9433644397366404,120.0,676.0,286.35,Official (Quarter),4528.0,2020-11-01,0.992358923059286,4,-0.01388886279818613,0.0906688259293327,1.7016114353873928
2025.0,2.0,Europe,Cybertruck,-0.6650733322765713,-0.6802787765293203,1.578677114551615,82.0,484.0,530.34,Official (Quarter),8772.0,2025-02-01,0.977648216029427,1,-0.015205444252749056,-1.8037688974819028,-1.049936049163605
2015.0,2.0,North America,Cybertruck,-0.3286232255298944,-0.1894099519631991,-0.6105103517209384,82.0,472.0,610.93,Interpolated (Month),11436.0,2015-02-01,1.7349839442108268,1,0.13921327356669533,-0.6650733322765713,0.2006278810019251
2020.0,2.0,Middle East,Model S,0.0665277684210742,0.1124825915050131,-1.7000492738192938,60.0,335.0,511.75,Estimated (Region),8895.0,2020-02-01,0.591449463698649,1,0.04595482308393889,-0.3286232255298944,-0.11310048439306535
2025.0,2.0,North America,Model S,0.238818684111593,0.1155343823798861,-0.4410966450260798,60.0,330.0,537.67,Official (Quarter),4644.0,2025-02-01,2.0670789006024064,1,-0.12328430173170689,0.0665277684210742,-0.10534212033116681
2015.0,8.0,North America,Cybertruck,0.8636908989832534,0.641381425434937,0.2477672376557362,60.0,352.0,703.35,Interpolated (Month),13521.0,2015-08-01,1.3466104017551843,3,-0.22230947354831632,0.238818684111593,0.21399430822948018
2017.0,3.0,Middle East,Model 3,1.5282052714474226,1.5193581848214954,-1.692895498473295,100.0,550.0,1314.72,Estimated (Region),7284.0,2017-03-01,1.0058229104330436,1,-0.008847086625927147,0.8636908989832534,-2.5870918247765013
2018.0,5.0,Asia,Model 3,1.270023014306468,1.217465641353283,1.5171267134019495,75.0,421.0,942.2,Official (Quarter),4445.0,2018-05-01,1.0431694917441485,2,-0.052557372953184966,1.5282052714474226,1.9267858416396086
2023.0,1.0,Middle East,Model 3,-1.8220652779092144,-1.8073286219343647,-0.1428026529690634,60.0,345.0,142.42,Interpolated (Month),4679.0,2023-01-01,1.008153833119224,1,0.014736655974849633,1.270023014306468,0.2601957555682496
2021.0,3.0,Middle East,Model X,0.9930361439485544,0.8113427018509446,-1.0506820046211025,82.0,453.0,939.75,Interpolated (Month),5377.0,2021-03-01,1.2239416730847597,1,-0.18169344209760985,-1.8220652779092144,-1.043365206385077
2015.0,5.0,Europe,Model S,-0.1428641409137156,-0.2856587410938112,-1.321611426717074,120.0,667.0,936.47,Interpolated (Month),10790.0,2015-05-01,0.500121719946944,2,-0.14279460018009557,0.9930361439485544,0.18881088109968477
2020.0,3.0,Asia,Cybertruck,-0.3553054469863907,-0.2997439297470715,-0.3074677200713652,82.0,470.0,600.94,Estimated (Region),3589.0,2020-03-01,1.1853632775356049,1,0.055561517239319236,-0.1428641409137156,0.10924495571384286
2024.0,2.0,Europe,Model Y,-0.1136407555089815,-0.1870624205209891,1.741902778235449,100.0,565.0,803.01,Official (Quarter),13613.0,2024-02-01,0.6075017910731599,1,-0.07342166501200759,-0.3553054469863907,-0.19795114774187028
2024.0,1.0,Europe,Model X,0.9262035321099018,1.1561950707116009,-0.319383057830667,75.0,412.0,838.44,Interpolated (Month),5037.0,2024-01-01,0.8010789490218578,1,0.22999153860169907,-0.1136407555089815,-0.2958137162588248
2023.0,7.0,Europe,Model 3,1.3071240079507391,1.0606505410136515,-0.3159699420590437,75.0,438.0,989.84,Estimated (Region),5722.0,2023-07-01,1.232379523138258,3,-0.2464734669370876,0.9262035321099018,-0.41301189705618
2022.0,10.0,North America,Model 3,0.3582533896787668,0.4643775546922994,-0.556240965998463,82.0,458.0,778.51,Estimated (Region),8056.0,2022-10-01,0.7714700808831051,4,0.10612416501353261,1.3071240079507391,-0.19927521154714103
2017.0,1.0,North America,Cybertruck,-0.007420102472644,-0.1520842020320593,-0.3170728551065511,120.0,684.0,1015.02,Official (Quarter),3792.0,2017-01-01,0.0487894362037672,1,-0.1446640995594153,0.3582533896787668,0.0023527130761844123
2021.0,11.0,Asia,Cybertruck,2.5009628308328296,2.808152946594812,0.3158943605019388,60.0,344.0,1019.82,Estimated (Region),9880.0,2021-11-01,0.8906077690196741,4,0.3071901157619825,-0.007420102472644,0.7900400540850553
2024.0,10.0,Middle East,Model S,1.1086591035933715,1.2259167545452392,0.1022269511942562,100.0,570.0,1221.37,Official (Quarter),6225.0,2024-10-01,0.9043510495169266,4,0.11725765095186769,2.5009628308328296,0.11333484007410742
2025.0,7.0,North America,Model X,-1.3400064769285152,-1.3190420819546749,1.594221279782684,75.0,445.0,310.32,Estimated (Region),7854.0,2025-07-01,1.015893651355515,3,0.020964394973840283,1.1086591035933715,-2.136266840566063
2018.0,1.0,Middle East,Model Y,1.1978539581765162,1.354091971289908,0.393690238423922,60.0,341.0,748.63,Official (Quarter),6064.0,2018-01-01,0.8846178720308344,1,0.1562380131133918,-1.3400064769285152,0.4715834103915513
2024.0,6.0,Middle East,Model S,0.0431490600972869,0.062245418641718,-0.1588667132193716,75.0,445.0,673.64,Official (Quarter),4200.0,2024-06-01,0.6932086093861953,2,0.019096358544431105,1.1978539581765162,-0.0068549493561611075
2024.0,8.0,Middle East,Model S,-0.3098186123129351,-0.2431684219898092,0.4013882633359511,120.0,690.0,900.76,Interpolated (Month),8205.0,2024-08-01,1.274090647863476,3,0.06665019032312591,0.0431490600972869,-0.12435755474544335
2025.0,11.0,North America,Model S,-0.0821303225508336,-0.1715687130024028,-1.285710836621784,60.0,358.0,515.47,Official (Quarter),11542.0,2025-11-01,0.47870221273783975,4,-0.0894383904515692,-0.3098186123129351,0.10559584571884925
2023.0,2.0,Europe,Model S,-0.2732258514583117,-0.1424593231189982,0.9929189512542272,120.0,697.0,924.95,Estimated (Region),6780.0,2023-02-01,1.9179218704421503,1,0.1307665283393135,-0.0821303225508336,-0.2712911258855301
2022.0,5.0,Asia,Cybertruck,0.3308088190377992,0.3768146318978645,-0.2433754994872916,82.0,458.0,771.09,Estimated (Region),14307.0,2022-05-01,0.8779086347354601,2,0.04600581286006533,-0.2732258514583117,-0.08051076156812544
2016.0,7.0,North America,Model X,0.753912616419383,0.9763741622383112,-0.4535746225193965,120.0,686.0,1326.28,Estimated (Region),11664.0,2016-07-01,0.7721554354644729,3,0.22246154581892819,0.3308088190377992,-0.34195563040503224
2018.0,2.0,Europe,Cybertruck,0.7917759592481254,1.0024317612468423,-0.3601724504204506,120.0,703.0,1374.86,Official (Quarter),7149.0,2018-02-01,0.7898552199336746,1,0.21065580199871692,0.753912616419383,-0.28517588742640015
2023.0,4.0,Europe,Model X,2.2412558753229326,2.1989685373413046,-0.5366638866315339,100.0,584.0,1641.8,Estimated (Region),12114.0,2023-04-01,1.0192305334358063,2,-0.04228733798162798,0.7917759592481254,-1.2028010889865655
2021.0,11.0,Europe,Model 3,0.4685399050322847,0.4143751349732253,-0.1731419568595043,60.0,346.0,610.66,Official (Quarter),5442.0,2021-11-01,1.1307143346392134,4,-0.0541647700590594,2.2412558753229326,-0.08112391602405608
2019.0,4.0,Europe,Model 3,-0.579944340010607,-0.6476480894826007,0.0202719131183563,60.0,337.0,386.2,Official (Quarter),3109.0,2019-04-01,0.895462133569974,2,-0.06770374947199365,0.4685399050322847,-0.011756581274177511
2019.0,4.0,Asia,Model S,1.0336947671203582,0.9028964280971364,1.628477192422272,82.0,490.0,1028.26,Estimated (Region),5971.0,2019-04-01,1.1448652746349663,2,-0.1307983390232218,-0.579944340010607,1.6833483521817554
2018.0,9.0,North America,Model X,0.2825267040212821,0.206149096049194,1.252595578669908,120.0,711.0,1176.78,Estimated (Region),12175.0,2018-09-01,1.37049693370405,3,-0.07637760797208809,1.0336947671203582,0.35389170031323963
2020.0,7.0,Middle East,Model S,0.6565860372018776,0.540437573419905,-1.01052036290063,100.0,562.0,1054.26,Official (Quarter),12670.0,2020-07-01,1.214915597091042,3,-0.11614846378197263,0.2825267040212821,-0.6634935605887279
2024.0,2.0,North America,Model 3,-0.6820991307297641,-0.6427182734539596,-0.5647039224923369,75.0,437.0,474.45,Interpolated (Month),3385.0,2024-02-01,1.0612723473135006,1,0.03938085727580454,0.6565860372018776,0.3851840546517111
2025.0,7.0,Middle East,Cybertruck,1.4057211691423634,1.3754545074140194,0.238285863480771,82.0,487.0,1128.91,Official (Quarter),14639.0,2025-07-01,1.022004843900834,3,-0.030266661728344024,-0.6820991307297641,0.33496348260228703
2017.0,10.0,Europe,Model S,0.8875778400966882,0.878247347953931,-0.336750831881611,60.0,334.0,672.09,Official (Quarter),9871.0,2017-10-01,1.0106239912531414,4,-0.009330492142757163,1.4057211691423634,-0.2988925760122432
2016.0,7.0,North America,Cybertruck,-1.5311020058359932,-1.477735207448074,-1.4114702607738034,82.0,475.0,277.66,Official (Quarter),8771.0,2016-07-01,1.0361139114226554,3,0.053366798387919134,0.8875778400966882,2.161104947448623
2024.0,9.0,Europe,Model S,-0.2780540629599634,-0.325566775611382,1.7165158968800962,100.0,555.0,734.93,Interpolated (Month),3635.0,2024-09-01,0.8540615437119022,3,-0.0475127126514186,-1.5311020058359932,-0.4772842192628763
2020.0,2.0,Middle East,Cybertruck,-0.0511281223823331,-0.0572439317667734,-1.700319658991824,120.0,665.0,969.67,Estimated (Region),12691.0,2020-02-01,0.8931623109090814,1,-0.006115809384440299,-0.2780540629599634,0.08693415161402086
2015.0,4.0,Middle East,Model X,0.624567371454082,0.6977221800479783,0.882672379344546,100.0,589.0,1093.77,Interpolated (Month),12475.0,2015-04-01,0.895151952043626,2,0.07315480859389623,-0.0511281223823331,0.5512883678223435
2015.0,2.0,Europe,Model X,-0.007420102472644,-0.1612395746566786,-0.7655325093889511,82.0,488.0,724.17,Official (Quarter),5874.0,2015-02-01,0.04601911465248744,1,-0.1538194721840346,0.624567371454082,0.005680329665806322
2016.0,12.0,Asia,Model Y,-0.329131458319542,-0.3358959139571062,1.6780670259400243,60.0,344.0,445.15,Estimated (Region),13362.0,2016-12-01,0.9798614530380145,4,-0.006764455637564226,-0.007420102472644,-0.5523046474055769
2017.0,3.0,Europe,Model S,-1.0121963276058463,-1.0091679315829485,1.361992723631329,75.0,439.0,391.08,Official (Quarter),3746.0,2017-03-01,1.0030008841225737,1,0.003028396022897839,-0.329131458319542,-1.3786040330855156
2018.0,1.0,Europe,Model S,2.470977096243624,2.521754110645186,0.8356755595126182,82.0,452.0,1332.0,Interpolated (Month),10904.0,2018-01-01,0.9798644070065299,1,0.05077701440156179,-1.0121963276058463,2.0649351674462553
2015.0,3.0,Middle East,Model S,-1.07572542631179,-1.1556538935768552,0.1136949605431232,60.0,346.0,295.26,Interpolated (Month),10649.0,2015-03-01,0.9308370198817231,1,-0.0799284672650653,2.470977096243624,-0.12230455989975333
2017.0,8.0,Middle East,Model Y,1.7475077201803395,1.967971443427836,0.2787914510457113,82.0,476.0,1199.45,Interpolated (Month),4877.0,2017-08-01,0.8879741248361358,3,0.2204637232474964,-1.07572542631179,0.4871902130226597
2016.0,4.0,North America,Model X,0.5978851499975858,0.4984167606043451,-1.4586872655899783,100.0,554.0,1020.05,Official (Quarter),13730.0,2016-04-01,1.1995687088705291,2,-0.09946838939324071,1.7475077201803395,-0.8721274545868325
2017.0,12.0,Middle East,Model Y,-0.5179399396736061,-0.5314452830932033,1.156050675971869,60.0,333.0,393.81,Estimated (Region),11819.0,2017-12-01,0.9745875185099184,4,-0.013505343419597193,0.5978851499975858,-0.5987648173725013
2024.0,7.0,Middle East,Model Y,-1.1888072220083696,-1.237817494054207,1.3024786608122798,100.0,587.0,461.73,Official (Quarter),10912.0,2024-07-01,0.9604058980574635,3,-0.04901027204583741,-0.5179399396736061,-1.5483960384854278
2020.0,4.0,Middle East,Model 3,-1.2172682582286325,-1.1507240775482142,-0.7096736167147274,75.0,433.0,333.32,Interpolated (Month),11944.0,2020-04-01,1.0578280944830845,2,0.06654418068041834,-1.1888072220083696,0.8638631673291504
2017.0,8.0,North America,Cybertruck,1.5078759598615206,1.362073578193422,-1.7002868549083916,100.0,586.0,1393.74,Official (Quarter),9427.0,2017-08-01,1.1070444240328652,3,-0.14580238166809867,-1.2172682582286325,-2.563821673384917
2015.0,1.0,Europe,Model X,-0.2767834809858445,-0.4173552550017949,1.428721696679136,82.0,461.0,610.8,Official (Quarter),10950.0,2015-01-01,0.6631843679185354,1,-0.1405717740159504,1.5078759598615206,-0.3954465645668531
2020.0,5.0,North America,Model S,-0.1116078243503914,-0.1983305714435973,-0.7218682862147684,75.0,441.0,627.3,Official (Quarter),3906.0,2020-05-01,0.5627363625185301,2,-0.0867227470932059,-0.2767834809858445,0.08056614889197594
2018.0,5.0,North America,Model Y,0.0192621189838522,0.0014443542884777,0.4120431290409589,82.0,485.0,727.35,Estimated (Region),5354.0,2018-05-01,13.33614552711566,2,-0.0178177646953745,-0.1116078243503914,0.007936823778065717
2019.0,5.0,Europe,Cybertruck,-0.6366122960563085,-0.6091485738303559,1.3580244235991978,82.0,474.0,527.35,Official (Quarter),10580.0,2019-05-01,1.0450854248139487,2,0.027463722225952614,0.0192621189838522,-0.8645350464080302
2016.0,5.0,Middle East,Model 3,-0.5959536728845047,-0.6549254369534518,1.1905729975314496,60.0,331.0,376.2,Official (Quarter),13821.0,2016-05-01,0.9099565221603411,2,-0.05897176406894711,-0.6366122960563085,-0.7095263507159818
2021.0,8.0,Middle East,Model 3,-0.7804421755265647,-0.661968031280082,0.754943716123476,120.0,707.0,726.55,Estimated (Region),11449.0,2021-08-01,1.1789726069057793,3,0.11847414424648273,-0.5959536728845047,-0.5891899162115148
2015.0,3.0,Europe,Model X,-1.520175000858571,-1.4467477924109011,0.686636667849965,75.0,433.0,255.9,Interpolated (Month),4166.0,2015-03-01,1.0507532887437891,1,0.07342720844766992,-0.7804421755265647,-1.0438078971383469
2025.0,6.0,Asia,Model Y,-0.5730831973503651,-0.6377884574253185,0.678303933626685,60.0,359.0,412.87,Interpolated (Month),14547.0,2025-06-01,0.8985474582964994,2,-0.06470526007495347,-1.520175000858571,-0.3887245870581104
2015.0,6.0,Europe,Model 3,-0.2541671218465286,-0.2457507065762403,0.9914969439406092,75.0,427.0,571.45,Official (Quarter),10465.0,2015-06-01,1.0342477764867677,2,0.00841641527028833,-0.5730831973503651,-0.25200592456101356
2016.0,6.0,Europe,Cybertruck,-1.979109209910307,-1.9916098401478537,-1.0479617508540868,120.0,713.0,228.23,Interpolated (Month),10749.0,2016-06-01,0.9937233538489553,2,-0.012500630237546773,-0.2541671218465286,2.074030752749054
2019.0,6.0,Middle East,Cybertruck,1.8994693242849563,1.6597405650656565,-1.2832038093970766,60.0,350.0,913.34,Estimated (Region),13303.0,2019-06-01,1.144437488764888,2,-0.23972875921929981,-1.979109209910307,-2.437406272755347
2015.0,12.0,Middle East,Model Y,-0.6678686126196328,-0.7377932968634665,-0.0246388652262402,82.0,453.0,495.63,Interpolated (Month),9983.0,2015-12-01,0.9052245601293749,4,-0.06992468424383369,1.8994693242849563,0.01645552473517116
2015.0,11.0,Asia,Model Y,-0.3743641765981738,-0.3232192441691719,0.1815497100905268,120.0,665.0,842.79,Estimated (Region),7901.0,2015-11-01,1.158236037462648,4,0.051144932429001866,-0.6678686126196328,-0.06796570772967724
2019.0,10.0,North America,Cybertruck,1.6384917868009403,1.6210062962691905,-1.215273511051466,60.0,349.0,856.97,Estimated (Region),5068.0,2019-10-01,1.010786812223983,4,-0.01748549053174986,-0.3743641765981738,-1.991215666574569
2024.0,7.0,Europe,Model X,0.0517890175212953,-0.039637445950198,1.22613162990854,60.0,346.0,525.54,Official (Quarter),5482.0,2024-07-01,-1.30656797580664,3,-0.0914264634714933,1.6384917868009403,0.06350015246474774
2023.0,3.0,North America,Cybertruck,0.3053971795554218,0.2969985628627229,-0.957419001360958,75.0,438.0,730.85,Estimated (Region),5289.0,2023-03-01,1.0282783075168644,1,-0.008398616692698868,0.0517890175212953,-0.2923930626684051
2018.0,4.0,Asia,Model Y,-0.3647077535948703,-0.4783910724992561,-0.3362632439142364,82.0,480.0,611.06,Estimated (Region),12357.0,2018-04-01,0.7623632098515747,2,-0.11368331890438582,0.3053971795554218,0.12263781230448509
2019.0,7.0,Middle East,Model 3,0.5287654906055193,0.6012386377731452,1.674476469898929,100.0,599.0,1078.47,Interpolated (Month),11240.0,2019-07-01,0.8794602631726223,3,0.07247314716762598,-0.3647077535948703,0.8854053721135051
2022.0,8.0,Middle East,Model 3,-0.3619124732518088,-0.3619535129656377,0.0082497135721174,60.0,339.0,432.12,Official (Quarter),4585.0,2022-08-01,0.999886616064332,3,-4.1039713828905366e-05,0.5287654906055193,-0.0029856742425040227
2022.0,4.0,Asia,Model Y,1.4014011904303594,1.1350672877317105,-0.5888914666761551,75.0,432.0,1000.32,Interpolated (Month),13929.0,2022-04-01,1.2346415103115902,2,-0.26633390269864887,-0.3619124732518088,-0.8252732024342441
2023.0,6.0,Europe,Model 3,0.2573691809337285,0.2127221840873822,1.5165292814582352,60.0,342.0,560.97,Interpolated (Month),9465.0,2023-06-01,1.2098840656318486,2,-0.04464699684634632,1.4014011904303594,0.39030789903092183
2023.0,2.0,North America,Model 3,-0.1664969656323266,-0.2520890414702075,1.498167941304556,60.0,351.0,487.91,Interpolated (Month),12151.0,2023-02-01,0.6604688750502613,1,-0.0855920758378809,0.2573691809337285,-0.24944041623483817
2024.0,10.0,Asia,Model 3,0.3503757814392298,0.2758707798828325,0.2626314637029427,120.0,690.0,1169.65,Official (Quarter),8874.0,2024-10-01,1.2700721025548303,4,-0.07450500155639733,-0.1664969656323266,0.09201970432544727
2016.0,6.0,Europe,Model S,-0.749694091752888,-0.713848476152924,0.960116855948554,120.0,698.0,729.97,Official (Quarter),9363.0,2016-06-01,1.050214599872992,2,0.03584561559996402,0.3503757814392298,-0.7197939342969897
2017.0,3.0,North America,Model Y,-0.606880677861927,-0.5795696776585093,-1.2236892495464602,100.0,590.0,666.76,Official (Quarter),10631.0,2017-03-01,1.0471228935125723,1,0.0273110002034177,-0.749694091752888,0.7426333612571085
2015.0,12.0,Asia,Model X,1.896674043941895,1.823128753443476,-0.7809499315703966,120.0,719.0,1875.08,Interpolated (Month),7912.0,2015-12-01,1.0403401517087087,4,-0.07354529049841907,-0.606880677861927,-1.4812074648277702
2017.0,9.0,North America,Cybertruck,0.6266003026126722,0.5019380577676602,0.336186668293997,60.0,337.0,626.21,Interpolated (Month),10943.0,2017-09-01,1.2483618106175092,3,-0.12466224484501198,1.896674043941895,0.21065466808736458
2021.0,5.0,Middle East,Model 3,-2.0916827728172387,-2.0779989972211834,0.2504631368759614,100.0,571.0,144.83,Estimated (Region),7978.0,2021-05-01,1.0065850732432278,2,0.01368377559605527,0.6266003026126722,-0.5238894286292145
2024.0,7.0,Middle East,Model 3,-0.1842851132699907,-0.1394075322441251,0.2348811972457892,75.0,435.0,600.1,Interpolated (Month),9591.0,2024-07-01,1.3219164725423709,3,0.04487758102586559,-2.0916827728172387,-0.043285108039431294
2020.0,12.0,Europe,Model Y,0.8306557676561628,0.9949196606317704,-1.4624488004901746,120.0,664.0,1313.82,Estimated (Region),13203.0,2020-12-01,0.834897329427282,4,0.16426389297560762,-0.1842851132699907,-1.2147915310290005
2017.0,3.0,Asia,Model Y,-1.36592634920054,-1.3073044247436243,1.4237757355544205,75.0,447.0,304.88,Official (Quarter),14521.0,2017-03-01,1.0448418312883871,1,0.05862192445691572,0.8306557676561628,-1.944772792546163
2023.0,10.0,Europe,Model X,-0.1133866391141578,-0.233308789932527,1.1150495479344793,82.0,491.0,697.91,Estimated (Region),6954.0,2023-10-01,0.4859938588123888,4,-0.11992215081836918,-1.36592634920054,-0.1264317206860516
2024.0,7.0,Middle East,Model X,-0.3916440914461904,-0.4535072392118296,-0.884309634085638,60.0,334.0,419.89,Official (Quarter),13188.0,2024-07-01,0.863589503283004,3,-0.061863147765639226,-0.1133866391141578,0.34633464319858276
2017.0,7.0,North America,Model Y,1.767328798976594,1.9503649576112605,-0.7177394449864478,120.0,686.0,1736.64,Interpolated (Month),3262.0,2017-07-01,0.9061528674823799,3,0.1830361586346665,-0.3916440914461904,-1.268481591286026
2021.0,3.0,Europe,Cybertruck,-0.9135991664142225,-0.8145575750237352,0.2370388112787896,75.0,425.0,403.35,Estimated (Region),7573.0,2021-03-01,1.1215894301733076,1,0.0990415913904873,1.767328798976594,-0.21655846039212037
2025.0,8.0,Middle East,Model X,1.8600812830872715,1.640490807239534,0.3384074053360264,82.0,461.0,1192.28,Estimated (Region),7006.0,2025-08-01,1.1338565719958187,3,-0.2195904758477374,-0.9135991664142225,0.6294652807236704
2022.0,7.0,Asia,Model X,0.2403433824805356,0.2883126965265457,-1.077372102745524,60.0,344.0,560.79,Estimated (Region),11643.0,2022-07-01,0.8336205285999487,3,0.04796931404601007,1.8600812830872715,-0.2589392553640264
2020.0,12.0,Europe,Model 3,-0.1593817065772609,-0.1875319268094311,0.6262035936632548,82.0,468.0,652.51,Interpolated (Month),14537.0,2020-12-01,0.8498910520938853,4,-0.028150220232170203,0.2403433824805356,-0.09980539742286319
2019.0,6.0,Asia,Cybertruck,-1.9491234753211013,-1.929635010073508,-1.4171667395649166,75.0,440.0,148.63,Official (Quarter),9989.0,2019-06-01,1.0100995603551217,2,0.01948846524759329,-0.1593817065772609,2.7622329605302443
2024.0,1.0,North America,Model Y,1.370144873867035,1.2817880028698383,1.4718883912546012,75.0,447.0,1026.8,Official (Quarter),5902.0,2024-01-01,1.0689325152048323,1,-0.08835687099719669,-1.9491234753211013,2.0167003341818885
2015.0,4.0,North America,Model S,2.1767103110376937,2.1116403676910904,-0.8730941167728844,120.0,681.0,1888.55,Interpolated (Month),12094.0,2015-04-01,1.0308148794378997,2,-0.06506994334660332,1.370144873867035,-1.9004729664858857
2017.0,10.0,Asia,Model 3,0.8535262431903025,0.7728431861986998,-1.501839546249996,75.0,449.0,894.48,Estimated (Region),12803.0,2017-10-01,1.1043977076235214,4,-0.08068305699160261,2.1767103110376937,-1.2818594657853877
2015.0,5.0,Asia,Model X,-2.1392025386492843,-2.117672278594533,-1.4645492558929532,60.0,359.0,80.99,Official (Quarter),14834.0,2015-05-01,1.010166946166496,2,0.021530260054751338,0.8535262431903025,3.1329674861831256
2017.0,10.0,Europe,Model 3,0.4123801817762307,0.445597303154619,0.327616850013186,75.0,425.0,735.99,Estimated (Region),3623.0,2017-10-01,0.9254548419767653,4,0.03321712137838828,-2.1392025386492843,0.13510269616139375
2022.0,12.0,Middle East,Model Y,-1.4192907921135327,-1.333362023752156,-0.7812247900270308,75.0,420.0,273.23,Interpolated (Month),8305.0,2022-12-01,1.064445189551423,4,0.08592876836137675,0.4123801817762307,1.1087851510561928
2022.0,11.0,Europe,Model X,1.2044609844419345,1.017221209332766,0.2077378063321262,120.0,715.0,1572.5,Estimated (Region),7697.0,2022-11-01,1.1840698693571148,4,-0.18723977510916856,-1.4192907921135327,0.2502120827206007
2024.0,11.0,Middle East,Model X,-0.0015754253916972,0.0526205397286568,-0.3293296535524851,60.0,330.0,490.84,Interpolated (Month),10100.0,2024-11-01,-0.029939362078402126,4,0.054195965120354,1.2044609844419345,0.000518834298445427
2016.0,3.0,North America,Model S,-0.2828822744616151,-0.1800198261943589,-1.3167713333161613,60.0,346.0,457.19,Interpolated (Month),3069.0,2016-03-01,1.571395109315351,1,0.10286244826725621,-0.0015754253916972,0.3724912697143292
2022.0,2.0,Middle East,Cybertruck,-0.9446013665827228,-1.0213750950824405,1.208830458087594,82.0,481.0,447.69,Official (Quarter),5540.0,2022-02-01,0.924832973831694,1,-0.07677372849971775,-0.2828822744616151,-1.14186290267636
2025.0,6.0,Middle East,Model S,-0.2096967527523681,-0.2584273763641746,-1.1443133082725048,60.0,347.0,473.5,Official (Quarter),8804.0,2025-06-01,0.8114339730666322,2,-0.04873062361180652,-0.9446013665827228,0.2399587848760638
2016.0,6.0,Middle East,Cybertruck,-0.8449877398118033,-0.809862512139315,-1.0808254780740862,60.0,340.0,336.45,Interpolated (Month),12405.0,2016-06-01,1.0433718404617869,2,0.03512522767248827,-0.2096967527523681,0.9132842778488339
2023.0,2.0,Asia,Model 3,0.8100723396754371,0.6991306989133043,1.6293494828226216,75.0,418.0,822.0,Official (Quarter),12447.0,2023-02-01,1.1586851227310935,1,-0.11094164076213286,-0.8449877398118033,1.3198909476990845
2021.0,6.0,North America,Model Y,-0.1090666604021536,-0.0248479978642747,0.9454280820445514,82.0,471.0,670.68,Official (Quarter),6662.0,2021-06-01,4.389354063772059,2,0.0842186625378789,0.8100723396754371,-0.1031146835590125
2020.0,10.0,Middle East,Model X,-0.8302489889120244,-0.7185435390373441,0.0689467115209843,100.0,567.0,566.01,Estimated (Region),5808.0,2020-10-01,1.1554609342453146,4,0.11170544987468023,-0.1090666604021536,-0.05724293752910624
2023.0,5.0,Asia,Model 3,-0.1072878456383872,-0.0607652289300885,1.2063950034085558,100.0,564.0,803.7,Estimated (Region),7251.0,2023-05-01,1.765612465013895,2,0.0465226167082987,-0.8302489889120244,-0.12943152090461874
2018.0,7.0,Europe,Model X,-0.0292741124274886,0.1434700065421857,-0.8976589079161696,120.0,712.0,1047.39,Official (Quarter),12967.0,2018-07-01,-0.20404343132779384,3,0.1727441189696743,-0.1072878456383872,0.02627816779187459
2020.0,1.0,Europe,Model 3,-0.0971231898454362,-0.1053683263320794,-1.55161576660543,60.0,331.0,473.66,Official (Quarter),11606.0,2020-01-01,0.9217493835798646,1,-0.008245136486643198,-0.0292741124274886,0.1506978726671912
2024.0,10.0,Europe,Model X,0.2106117642861541,0.3155440612561823,-0.5613608881716814,100.0,581.0,936.95,Estimated (Region),3602.0,2024-10-01,0.6674559598672457,4,0.10493229697002818,-0.0971231898454362,-0.11822920705908027
2018.0,3.0,North America,Model S,0.0616995569194225,-0.0168663909607605,0.7332895418374247,120.0,676.0,1030.73,Interpolated (Month),13850.0,2018-03-01,-3.65813629382634,1,-0.078565947880183,0.2106117642861541,0.04524363982501543
2015.0,6.0,Asia,Model S,0.3923049865851525,0.2634288632391192,-0.5323521377865021,120.0,713.0,1226.29,Estimated (Region),8687.0,2015-06-01,1.4892255228275806,2,-0.12887612334603332,0.0616995569194225,-0.20884439827291099
2024.0,8.0,Europe,Cybertruck,-2.2721054131421186,-2.270731328626628,-1.4648509540542136,100.0,569.0,83.73,Estimated (Region),4847.0,2024-08-01,1.0006051286200914,3,0.0013740845154903703,0.3923049865851525,3.3282957821529755
2022.0,5.0,Middle East,Model S,-0.2152873134384912,-0.1300174064752849,-1.0112415557045655,60.0,340.0,462.82,Estimated (Region),12716.0,2022-05-01,1.6558345476566272,2,0.0852699069632063,-2.2721054131421186,0.21770747776499624
2015.0,3.0,North America,Model X,-0.0587516142270463,0.0777391261603043,0.4608655458190308,82.0,483.0,702.11,Interpolated (Month),9031.0,2015-03-01,-0.755753468413007,1,0.1364907403873506,-0.2152873134384912,-0.027076594758496827
2022.0,5.0,Asia,Model S,-0.017584758265595,0.1052052440341619,0.0225781395899356,75.0,440.0,650.3,Interpolated (Month),4667.0,2022-05-01,-0.16714716483034758,2,0.1227900022997569,-0.0587516142270463,-0.0003970311267758778
2015.0,7.0,Europe,Model S,0.5917863565218152,0.4547526757792382,-0.7430960074162044,82.0,458.0,841.64,Estimated (Region),13761.0,2015-07-01,1.3013367222254688,3,-0.137033680742577,-0.017584758265595,-0.4397540787747434
2015.0,11.0,North America,Cybertruck,-0.0155518271070048,-0.0532531283150163,0.6296380817922653,120.0,673.0,995.47,Estimated (Region),14399.0,2015-11-01,0.29203593477192025,4,-0.0377013012080115,0.5917863565218152,-0.009792022588019457
2021.0,2.0,Asia,Model Y,0.7699219492932807,0.5789370890721498,0.470298707931983,75.0,446.0,866.49,Estimated (Region),5503.0,2021-02-01,1.3298887976364036,1,-0.19098486022113093,-0.0155518271070048,0.3620932979611036
2015.0,3.0,Asia,Model X,-0.4737236869742694,-0.4779215662108141,0.1529753652950367,120.0,677.0,818.29,Official (Quarter),10089.0,2015-03-01,0.9912163845841329,1,-0.004197879236544688,0.7699219492932807,-0.07246805406380048
2022.0,6.0,Middle East,Model X,1.0580899410234406,0.8054738732454195,0.7534620650218,82.0,458.0,967.71,Official (Quarter),4253.0,2022-06-01,1.3136241610918789,2,-0.25261606777802104,-0.4737236869742694,0.7972306319423161
2017.0,4.0,Europe,Model S,-0.949937810874022,-0.8610386975794941,-0.7521991405685686,100.0,597.0,553.78,Official (Quarter),9979.0,2017-04-01,1.10324636226506,2,0.08889911329452782,1.0580899410234406,0.7145424049330268
2015.0,4.0,Europe,Model Y,0.305143063160598,0.1373664247924396,-0.6252185098560604,100.0,592.0,987.72,Official (Quarter),3279.0,2015-04-01,2.2213802508267113,2,-0.16777663836815843,-0.949937810874022,-0.19078109124218282
2023.0,3.0,North America,Model 3,0.0304432403560982,0.1648325426662971,-0.485718648030162,75.0,414.0,623.61,Estimated (Region),13147.0,2023-03-01,0.18469192954045752,1,0.1343893023101989,0.305143063160598,-0.014786849547421285
2022.0,10.0,Middle East,Model S,0.4710810689805225,0.3847962388013787,0.7360883265920497,60.0,333.0,588.21,Estimated (Region),7881.0,2022-10-01,1.224235118430255,4,-0.08628483017914379,0.0304432403560982,0.3467572757550667
2023.0,10.0,Middle East,Model S,-0.4429756032005927,-0.3645357975520688,-0.206571803034489,75.0,440.0,539.81,Estimated (Region),5457.0,2023-10-01,1.2151772368454978,4,0.07843980564852393,0.4710810689805225,0.09150626905343678
2025.0,12.0,North America,Model S,-0.0107236156053531,0.0953456119768797,-1.2924336855990637,120.0,683.0,1012.21,Interpolated (Month),6257.0,2025-12-01,-0.11247099245588212,4,0.1060692275822328,-0.4429756032005927,0.013859562039774141
2023.0,9.0,Asia,Model S,0.410855483407288,0.4756457056149076,0.4034733107601478,60.0,355.0,614.45,Official (Quarter),8763.0,2023-09-01,0.863784700581161,3,0.0647902222076196,-0.0107236156053531,0.16576922213429945
2020.0,12.0,North America,Cybertruck,0.0578878109970658,0.0235111498452522,-0.0052501608232608,100.0,583.0,887.62,Interpolated (Month),3153.0,2020-12-01,2.4621429142375852,4,-0.034376661151813606,0.410855483407288,-0.0003039203174411206
2015.0,10.0,North America,Model Y,-0.7179295423999162,-0.7633813895835561,-0.4975410408864069,100.0,585.0,622.76,Official (Quarter),6565.0,2015-10-01,0.9404598437899633,4,-0.045451847183639815,0.0578878109970658,0.3571994118087561
2015.0,7.0,Middle East,Model X,-0.1385441622017114,-0.2337782962209691,-1.165609619830208,82.0,457.0,642.79,Official (Quarter),12774.0,2015-07-01,0.5926305582737174,3,-0.0952341340192577,-0.7179295423999162,0.16148840823363148
2018.0,9.0,Middle East,Cybertruck,-0.0884832324214279,0.0105997269130969,-1.0540777242878756,100.0,591.0,848.74,Interpolated (Month),10784.0,2018-09-01,-8.347689817564927,3,0.0990829593345248,-0.1385441622017114,0.0932682042684139
2018.0,4.0,Middle East,Model 3,-2.1681718076591947,-2.145607902756833,-0.3825403620369303,120.0,674.0,140.53,Official (Quarter),4139.0,2018-04-01,1.0105163226111211,2,0.02256390490236182,-0.0884832324214279,0.829413228260214
2015.0,7.0,Asia,Model X,-0.8548982792099304,-0.947427854652824,1.709285578672756,100.0,566.0,556.77,Official (Quarter),12718.0,2015-07-01,0.9023360195834647,3,-0.09252957544289353,-2.1681718076591947,-1.4612652998856894
2015.0,5.0,North America,Model S,-0.816018470801893,-0.906346054414148,0.7038215342841979,100.0,553.0,556.68,Estimated (Region),12862.0,2015-05-01,0.9003387468038997,2,-0.0903275836122549,-0.8548982792099304,-0.5743313721240333
2021.0,8.0,Europe,Model 3,1.5190570812337667,1.6909627332470498,0.1941852465906301,120.0,670.0,1597.95,Estimated (Region),8613.0,2021-08-01,0.8983385921916899,3,0.17190565201328312,-0.816018470801893,0.29497847390462184
2024.0,7.0,North America,Model Y,-0.1850474624544621,-0.0565396723341104,1.2140224498380496,120.0,672.0,926.76,Official (Quarter),10491.0,2024-07-01,3.2728782254159428,3,0.1285077901203517,1.5190570812337667,-0.22465177370528058
2018.0,2.0,Middle East,Model Y,-1.9211706718904864,-1.9446592113036527,0.2942590734154388,75.0,412.0,145.97,Interpolated (Month),12448.0,2018-02-01,0.9879215138176215,1,-0.02348853941316631,-0.1850474624544621,-0.5653219017834105
2017.0,4.0,North America,Model 3,-0.1644640344737364,-0.1959830400013873,0.8892495980726504,82.0,488.0,678.93,Estimated (Region),14411.0,2017-04-01,0.8391748310087046,2,-0.03151900552765091,-1.9211706718904864,-0.1462495765531766
2019.0,3.0,Middle East,Cybertruck,-1.8703473929257317,-1.8918397538539264,-1.1732927337952224,60.0,358.0,137.58,Estimated (Region),9450.0,2019-03-01,0.9886394389987778,1,-0.02149236092819473,-0.1644640344737364,2.1944650057925985
2025.0,2.0,Europe,Model 3,-0.0958526078713174,-0.0323600984793469,1.3868398287047554,75.0,417.0,597.04,Interpolated (Month),6004.0,2025-02-01,2.9620616863231475,1,0.0634925093919705,-1.8703473929257317,-0.13293221428116192
2019.0,2.0,North America,Model Y,-0.2213861069142617,-0.278146640478739,-1.0329156112533031,100.0,595.0,807.8,Estimated (Region),12124.0,2019-02-01,0.7959330608243821,1,-0.0567605335644773,-0.0958526078713174,0.22867316594633375
2024.0,11.0,North America,Model S,0.1796095641176536,0.0878335113618075,1.5872673111266795,60.0,344.0,548.46,Estimated (Region),6980.0,2024-11-01,2.0448865283069275,4,-0.0917760527558461,-0.2213861069142617,0.285088389889663
2015.0,9.0,Europe,Model S,-2.087871026894882,-2.0787032566538466,-0.7930243194311865,100.0,582.0,148.93,Estimated (Region),7904.0,2015-09-01,1.0044103313985244,3,0.009167770241035544,0.1796095641176536,1.6557325001634062
2016.0,1.0,Europe,Model Y,1.358709636099965,1.3259215939833873,0.5041440724971048,82.0,472.0,1081.05,Estimated (Region),11779.0,2016-01-01,1.0247284924428108,1,-0.03278804211657782,-2.087871026894882,0.6849854092844957
2020.0,7.0,Asia,Model 3,-1.385239195207147,-1.384303456048114,-0.0973148209750049,100.0,557.0,373.55,Interpolated (Month),3372.0,2020-07-01,1.000675963897182,3,0.000935739159033,1.358709636099965,0.1348043042891434
2016.0,11.0,Europe,Model 3,-0.0806056241818909,-0.0316558390466838,1.4425222751726403,100.0,580.0,835.63,Estimated (Region),13484.0,2016-11-01,2.5463114107643587,4,0.048949785135207105,-1.385239195207147,-0.11627540838657206
2023.0,4.0,North America,Model S,-0.5296292938354997,-0.6178344401665331,-1.0542387625156322,120.0,718.0,844.15,Official (Quarter),4837.0,2023-04-01,0.8572349797993484,2,-0.08820514633103338,-0.0806056241818909,0.5583557313251654
2018.0,7.0,Middle East,Model Y,0.7180822047492309,0.7101640966916916,-1.2716349026400784,75.0,422.0,806.95,Estimated (Region),8029.0,2018-07-01,1.011149687930474,3,-0.007918108057539341,-0.5296292938354997,-0.913138394523861
2020.0,8.0,Middle East,Model Y,0.416446044093411,0.3275164716114536,-0.1315409117205644,75.0,437.0,757.82,Estimated (Region),4946.0,2020-08-01,1.2715270228834727,3,-0.08892957248195743,0.7180822047492309,-0.054779692322469646
2023.0,8.0,North America,Cybertruck,-2.3734978546768044,-2.3521906696713173,1.0260739389725768,60.0,338.0,29.51,Official (Quarter),9681.0,2023-08-01,1.0090584429571199,3,0.021307185005487117,0.416446044093411,-2.4353842928911895
2022.0,10.0,Asia,Model Y,-0.0112318483950006,-0.040341705382861,1.380333685490754,75.0,418.0,619.35,Interpolated (Month),14946.0,2022-10-01,0.2784177884500739,4,-0.029109856987860398,-2.3734978546768044,-0.015503698689944589
2015.0,5.0,Middle East,Model X,-0.4572061213107241,-0.3173504155636468,1.1949125801442424,120.0,710.0,865.1,Interpolated (Month),8624.0,2015-05-01,1.440698038786807,2,0.13985570574707729,-0.0112318483950006,-0.5463213460731388
2023.0,5.0,North America,Model 3,-1.9178671587577771,-1.8822148749408651,0.7211043159371596,100.0,576.0,205.2,Estimated (Region),11146.0,2023-05-01,1.0189416651050704,2,0.03565228381691199,-0.4572061213107241,-1.3829822855743708
2018.0,5.0,Europe,Model S,-0.9789070798839322,-1.0540057821291602,0.3023840484436501,120.0,692.0,630.07,Interpolated (Month),5804.0,2018-05-01,0.9287492502237287,2,-0.07509870224522797,-1.9178671587577771,-0.296005885865455
2018.0,1.0,Middle East,Model X,0.1928236166484899,0.254742996902942,-1.4677903987423424,82.0,465.0,745.0,Official (Quarter),9607.0,2018-01-01,0.7569339255357681,1,0.061919380254452094,-0.9789070798839322,-0.2830246531674276
2025.0,9.0,North America,Model X,1.4773819924826677,1.317705233935652,0.5488013647424543,100.0,558.0,1317.1,Interpolated (Month),3671.0,2025-09-01,1.1211779041585055,3,-0.15967675854701557,0.1928236166484899,0.8107892537204144
2022.0,3.0,Europe,Model X,-2.36714494480621,-2.343739556479361,-1.0234894075822911,75.0,425.0,38.7,Official (Quarter),8638.0,2022-03-01,1.0099863435176248,1,0.023405388326848797,1.4773819924826677,2.422747777221123
2023.0,12.0,Europe,Model Y,-0.2071555888041304,-0.0598262163532044,-0.5440423202458855,60.0,343.0,468.56,Official (Quarter),11485.0,2023-12-01,3.462622265481691,4,0.147329372450926,-2.36714494480621,0.11270140718490168
2015.0,6.0,North America,Model X,0.3574910404942955,0.3655464809752564,0.9520614653397432,82.0,472.0,802.09,Estimated (Region),13226.0,2015-06-01,0.9779632935886308,2,0.008055440480960907,-0.2071555888041304,0.34035344385882843
2016.0,10.0,Asia,Cybertruck,-0.416801614533744,-0.2741558370269819,-0.582175576140816,100.0,574.0,713.08,Official (Quarter),5353.0,2016-10-01,1.5203091024931312,4,0.1426457775067621,0.3574910404942955,0.24265172007760474
2015.0,4.0,Asia,Cybertruck,1.3465120491484242,1.2430537340733725,1.3807183879237288,60.0,341.0,778.55,Estimated (Region),3130.0,2015-04-01,1.083229157548989,2,-0.10345831507505165,-0.416801614533744,1.859153945820089
2017.0,5.0,Middle East,Model X,-1.715844624872877,-1.6519220404600596,0.4977308741861603,82.0,478.0,227.29,Official (Quarter),10587.0,2017-05-01,1.0386958844589391,2,0.06392258441281728,1.3465120491484242,-0.8540288451056013
2023.0,1.0,Asia,Model Y,1.5424357895575538,1.410432725902949,-1.550186800849872,82.0,483.0,1158.62,Estimated (Region),8004.0,2023-01-01,1.0935904713711868,1,-0.1320030636546048,-1.715844624872877,-2.3910636021305707
2023.0,7.0,Middle East,Model S,0.2350069381892364,0.4214177292998555,-1.4268568669980854,75.0,423.0,688.24,Interpolated (Month),7468.0,2023-07-01,0.557657929056942,3,0.1864107911106191,1.5424357895575538,-0.3353212635475066
2023.0,10.0,North America,Model X,1.1455059808428187,1.3878964240577325,-0.5299296059282104,75.0,434.0,939.39,Official (Quarter),14245.0,2023-10-01,0.825354083335522,4,0.24239044321491376,0.2350069381892364,-0.607037533016443
2020.0,2.0,Asia,Model S,-1.395149734605274,-1.4547293993144157,-0.526711823562477,82.0,461.0,306.47,Estimated (Region),11233.0,2020-02-01,0.9590441598710933,1,-0.05957966470914178,1.1455059808428187,0.7348418608566497
2018.0,10.0,Middle East,Model Y,0.6154191812404262,0.4695421238651615,1.2360508888941653,82.0,451.0,835.07,Official (Quarter),9141.0,2018-10-01,1.3106793830858852,4,-0.14587705737526468,-1.395149734605274,0.7606894260147481
2020.0,7.0,Europe,Model 3,-2.403991822055657,-2.3775440092471856,0.4990385642393335,100.0,564.0,39.09,Official (Quarter),4517.0,2020-07-01,1.011124005572812,3,0.026447812808471305,0.6154191812404262,-1.1996846273217543
2025.0,3.0,Asia,Model S,-0.3204915008955337,-0.4565590300867027,1.2146447333601225,82.0,486.0,631.39,Interpolated (Month),10154.0,2025-03-01,0.701971661440298,1,-0.136067529191169,-2.403991822055657,-0.38928331364944097
2025.0,1.0,Middle East,Model Y,0.5056408986765558,0.681993719385171,0.8677634204562954,120.0,699.0,1248.97,Estimated (Region),9992.0,2025-01-01,0.7414157701223404,1,0.17635282070861513,-0.3204915008955337,0.43877667575816315
2024.0,11.0,Middle East,Model 3,0.3437687551738116,0.3141355423908563,0.3666954599488373,100.0,552.0,933.57,Official (Quarter),13106.0,2024-11-01,1.0943325691751393,4,-0.02963321278295533,0.5056408986765558,0.1260584417945001
2022.0,9.0,Europe,Model Y,1.4146152429611956,1.56020523191595,-0.9869560963020187,60.0,351.0,815.5,Official (Quarter),12600.0,2022-09-01,0.9066853603766164,3,0.1455899889547545,0.3437687551738116,-1.3961631379623134
2018.0,3.0,North America,Model X,0.4591375984238051,0.3444186979953659,-0.948426209216502,82.0,484.0,851.53,Official (Quarter),14164.0,2018-03-01,1.3330797691767091,1,-0.11471890042843919,1.4146152429611956,-0.43545813198185807
2024.0,5.0,North America,Model S,-0.7527434884907733,-0.6258160470700472,-0.6703420177113975,120.0,667.0,696.35,Estimated (Region),9546.0,2024-05-01,1.2028190903940166,2,0.1269274414207261,0.4591375984238051,0.5045955888940211
2019.0,2.0,Europe,Cybertruck,0.1008334817222837,0.1939419325497018,1.540105476814458,82.0,478.0,739.87,Interpolated (Month),7360.0,2019-02-01,0.5199158345833382,1,0.0931084508274181,-0.7527434884907733,0.15529419744675965
2016.0,8.0,Europe,Model Y,0.4555799688962723,0.2763402861712745,0.7277098654645919,100.0,577.0,1013.93,Interpolated (Month),3980.0,2016-08-01,1.64861944383276,3,-0.1792396827249978,0.1008334817222837,0.33153003787386925
2015.0,12.0,Middle East,Model S,1.487292531880795,1.6841548920646408,0.9669470637443378,82.0,482.0,1140.53,Interpolated (Month),13137.0,2015-12-01,0.8831091124032493,4,0.19686236018384573,0.4555799688962723,1.4381331466310168
2024.0,7.0,Middle East,Model S,-0.2340919266554504,-0.2044341531933435,0.4415593486561993,100.0,552.0,745.28,Estimated (Region),5532.0,2024-07-01,1.1450724988894496,3,0.029657773462106907,1.487292531880795,-0.10336547865965545
2023.0,4.0,North America,Cybertruck,-0.2046144248558927,-0.1685169221275297,-0.5959890774550662,120.0,706.0,965.49,Official (Quarter),13085.0,2023-04-01,1.2142069904471984,2,0.03609750272836301,-0.2340919266554504,0.12194796230386247
2016.0,2.0,Europe,Model X,2.130461127179767,1.9285329151987067,-1.3456120870316437,120.0,676.0,1856.23,Estimated (Region),3685.0,2016-02-01,1.104705608283722,1,-0.20192821198106037,-0.2046144248558927,-2.8667742436841546
2020.0,7.0,Europe,Cybertruck,-1.276985611012219,-1.2230280459682836,1.145529014726857,100.0,588.0,431.92,Official (Quarter),3465.0,2020-07-01,1.044118011211441,3,0.05395756504393545,2.130461127179767,-1.4628240688032008
2022.0,12.0,Asia,Cybertruck,-0.1578570082083182,-0.0222657132778437,-0.3090542448337099,82.0,472.0,658.51,Interpolated (Month),8725.0,2022-12-01,7.0896901544761874,4,0.1355912949304745,-1.276985611012219,0.048786378463530525
2023.0,6.0,Middle East,Model X,-0.8454959726014508,-0.8244172070810174,-0.7357290055278978,60.0,358.0,354.15,Interpolated (Month),12144.0,2023-06-01,1.0255680805050955,2,0.021078765520433418,-0.1578570082083182,0.6220559110999081
2015.0,6.0,Middle East,Model X,-2.320133411763812,-2.3146301665959563,-0.8567209028878084,75.0,439.0,52.15,Interpolated (Month),13742.0,2015-06-01,1.0023775915683106,2,0.00550324516785583,-0.8454959726014508,1.9877067913464646
2016.0,10.0,Middle East,Model X,-0.7448658802512363,-0.6309806162429094,-0.3537020934792834,60.0,332.0,348.15,Official (Quarter),10404.0,2016-10-01,1.1804893226141269,4,0.11388526400832699,-2.320133411763812,0.2634606212061515
2017.0,10.0,Asia,Model Y,-0.7392753195651133,-0.7889694823036456,-1.38367973475971,60.0,335.0,352.4,Estimated (Region),4767.0,2017-10-01,0.9370138340542216,4,-0.04969416273853233,-0.7448658802512363,1.0229202780902558
2016.0,1.0,Europe,Cybertruck,0.2205223036842812,0.062480171785939,-1.52502656588914,120.0,674.0,1090.87,Official (Quarter),4914.0,2016-01-01,3.529476590426231,1,-0.15804213189834218,-0.7392753195651133,-0.3363023714896014
2024.0,5.0,Asia,Cybertruck,0.3498675486495822,0.3749366067440965,-1.3174890468991265,75.0,432.0,732.18,Estimated (Region),7281.0,2024-05-01,0.933137875460572,2,0.025069058094514318,0.2205223036842812,-0.4609466632112718
2021.0,7.0,Asia,Cybertruck,-2.314796967472512,-2.299371212221591,-1.6429905469419688,82.0,464.0,56.58,Official (Quarter),14712.0,2021-07-01,1.0067086841693635,3,0.01542575525092138,0.3498675486495822,3.8031895356472734
2025.0,12.0,Middle East,Model 3,0.3137830205846063,0.3808054353496217,-1.688230360184019,82.0,459.0,768.16,Interpolated (Month),11194.0,2025-12-01,0.8239982717067014,4,0.06702241476501541,-2.314796967472512,-0.5297380218611792
2015.0,5.0,Asia,Cybertruck,-0.8935239712231442,-0.7922560263227397,1.1267839662033383,75.0,448.0,430.48,Interpolated (Month),11708.0,2015-05-01,1.127822246263547,2,0.10126794490040447,0.3137830205846063,-1.006808484192572
2023.0,9.0,North America,Model Y,-1.1346804299109057,-1.187580321190912,0.9493755067508616,75.0,420.0,343.79,Official (Quarter),3970.0,2023-09-01,0.9554557360575342,3,-0.05289989128000627,-0.8935239712231442,-1.0772378081469516
2015.0,2.0,Asia,Model Y,0.0893982439552138,0.2491089214416379,-1.2565390598825794,75.0,425.0,654.97,Interpolated (Month),4361.0,2015-02-01,0.35887210878618947,1,0.1597106774864241,-1.1346804299109057,-0.11233238541463783
2024.0,8.0,Europe,Model S,2.0610873513928767,1.8041137487615744,-0.5253782878678118,60.0,352.0,952.14,Official (Quarter),10295.0,2024-08-01,1.1424375834437828,3,-0.2569736026313023,0.0893982439552138,-1.0828505438207925
2024.0,6.0,North America,Model S,-0.8030585346658806,-0.7807531222559104,-0.3504236732623582,75.0,437.0,443.25,Interpolated (Month),3667.0,2024-06-01,1.0285690979313933,2,0.022305412409970193,2.0610873513928767,0.2814107215623047
2025.0,1.0,Middle East,Model 3,0.4848033543010063,0.5127367024018264,-0.6701576189999842,100.0,560.0,993.72,Official (Quarter),6926.0,2025-01-01,0.9455210676942547,1,0.027933348100820155,-0.8030585346658806,-0.3248946616015681
2016.0,11.0,Europe,Model Y,-1.1428121545452663,-1.2258450836989356,-0.2666544699663585,60.0,338.0,275.05,Official (Quarter),8832.0,2016-11-01,0.9322647451477956,4,-0.08303292915366933,0.4848033543010063,0.30473596934138014
2021.0,2.0,Europe,Cybertruck,0.3450393371479305,0.2406578082496817,-0.1788434059662895,120.0,664.0,1123.49,Official (Quarter),14449.0,2021-02-01,1.4337342289345265,1,-0.10438152889824881,-1.1428121545452663,-0.06170801024788677
2022.0,6.0,Middle East,Model S,1.5470098846643818,1.500577933283815,1.1481110937182044,75.0,443.0,1063.86,Official (Quarter),5266.0,2022-06-01,1.0309427123714638,2,-0.04643195138056688,0.3450393371479305,1.7761392106748968
2017.0,12.0,Middle East,Model 3,-0.9448554829775464,-0.957287486710106,1.3426681363005124,120.0,713.0,663.52,Estimated (Region),13910.0,2017-12-01,0.98701330174566,4,-0.012432003732559593,1.5470098846643818,-1.2686273504027827
2023.0,10.0,Europe,Model Y,1.522106477971652,1.6362652506435558,-0.3710475011097058,82.0,488.0,1164.76,Official (Quarter),9720.0,2023-10-01,0.9302321108224939,4,0.11415877267190377,-0.9448554829775464,-0.5647738050742769
2024.0,8.0,North America,Model X,1.4514621202106428,1.6029303041641731,0.9091929897045692,60.0,340.0,797.33,Interpolated (Month),8446.0,2024-08-01,0.9055054461444526,3,0.15146818395353034,1.522106477971652,1.3196591845172472
2015.0,1.0,North America,Model S,0.5244455118935151,0.6211926550319307,0.3478599516800967,82.0,457.0,821.64,Estimated (Region),4871.0,2015-01-01,0.8442558160423796,1,0.09674714313841559,1.4514621202106428,0.18243359042612173
2022.0,12.0,North America,Model 3,-0.2231649216780282,-0.2657047238350257,0.3640979729789076,100.0,565.0,766.48,Estimated (Region),13917.0,2022-12-01,0.8398982090231479,4,-0.042539802156997486,0.5244455118935151,-0.08125389562296675
2016.0,11.0,Middle East,Model 3,1.3515943770448997,1.259016947880401,-1.4855036097324563,60.0,342.0,781.86,Estimated (Region),6734.0,2016-11-01,1.0735315194289927,4,-0.09257742916449874,-0.2231649216780282,-2.007798325994289
2019.0,8.0,North America,Model 3,0.6136403664766598,0.6695518027414576,0.7737036755940094,60.0,337.0,623.64,Interpolated (Month),11632.0,2019-08-01,0.9164942338503602,3,0.05591143626479789,1.3515943770448997,0.4747758070358466
2019.0,8.0,Europe,Model Y,-0.5560573988971722,-0.666897847308723,-1.5379921313498317,100.0,556.0,645.02,Interpolated (Month),9969.0,2019-08-01,0.8337969617703083,3,-0.11084044841155083,0.6136403664766598,0.8552119040827054
2019.0,11.0,Europe,Model Y,0.6171979960041926,0.6195493830223836,-0.6910051110525502,120.0,669.0,1239.42,Interpolated (Month),6416.0,2019-11-01,0.9962046818500244,4,0.0023513870181910423,-0.5560573988971722,-0.42648696977028855
2015.0,5.0,North America,Model X,-1.4523259234406232,-1.3936935818169542,1.5606820866629263,75.0,449.0,283.34,Official (Quarter),12040.0,2015-05-01,1.042069750760587,2,0.05863234162366893,0.6171979960041926,-2.266619052709973
2021.0,3.0,North America,Model 3,-0.5367445528905653,-0.5762831336394152,-1.6454414095995886,75.0,425.0,497.89,Interpolated (Month),12639.0,2021-03-01,0.9313903558149431,1,-0.03953858074884986,-1.4523259234406232,0.8831817137031528
2023.0,11.0,Asia,Model Y,0.6215179747161967,0.4127318629636783,-0.3997704583437741,82.0,456.0,845.97,Estimated (Region),11524.0,2023-11-01,1.5058638076869104,4,-0.20878611175251843,-0.5367445528905653,-0.24846452562118818
2017.0,10.0,Middle East,Model 3,-0.4439920687798878,-0.5218204041801421,1.0797667680771572,75.0,418.0,512.57,Official (Quarter),7111.0,2017-10-01,0.8508522572578697,4,-0.0778283354002543,0.6215179747161967,-0.4794078811583503
2021.0,8.0,Europe,Model Y,2.198056088202891,2.40109099451559,-1.563570866890104,82.0,485.0,1351.11,Official (Quarter),9580.0,2021-08-01,0.9154405614878997,3,0.20303490631269883,-0.4439920687798878,-3.4368164633044653
2024.0,5.0,Asia,Model X,0.3559663421253528,0.5479496740349772,-1.5156967863421558,60.0,357.0,606.35,Interpolated (Month),12768.0,2024-05-01,0.6496332765454487,2,0.1919833319096244,2.198056088202891,-0.5395370408053696
2019.0,5.0,Europe,Model 3,-0.5857890170915537,-0.5938896194559906,0.7944532524278467,120.0,701.0,800.93,Interpolated (Month),14848.0,2019-05-01,0.9863600876340335,2,-0.008100602364436882,0.3559663421253528,-0.4653819898648963
2021.0,2.0,North America,Model S,-1.3476299687732285,-1.3127037470607077,0.6754032574007939,82.0,486.0,336.73,Official (Quarter),7108.0,2021-02-01,1.0266063243825765,1,0.0349262217125208,-0.5857890170915537,-0.9101936706803686
2018.0,3.0,Asia,Model S,1.0141278047189275,0.9590024295659568,-1.191143622529437,75.0,440.0,918.26,Official (Quarter),7325.0,2018-03-01,1.057481997389642,1,-0.05512537515297067,-1.3476299687732285,-1.2079718670207287
2022.0,11.0,Asia,Model Y,-0.3123597762611729,-0.1736814913003918,-1.5474809609983042,75.0,412.0,537.23,Official (Quarter),10936.0,2022-11-01,1.7984632324519214,4,0.1386782849607811,1.0141278047189275,0.48337080674585514
2021.0,12.0,Europe,Model Y,-2.124972020539153,-2.0833983195382664,-1.295335355888089,120.0,718.0,168.01,Interpolated (Month),5767.0,2021-12-01,1.019954754024233,4,0.041573701000886754,-0.3123597762611729,2.752551388477315
2022.0,11.0,Europe,Model 3,0.99811847184503,1.1550213049904958,-1.5902833314350475,120.0,661.0,1373.23,Interpolated (Month),7476.0,2022-11-01,0.8641558969799635,4,0.15690283314546583,-2.124972020539153,-1.587291168572573
2025.0,11.0,North America,Model X,-1.579892353642158,-1.5042623127450474,1.036476312641472,120.0,684.0,380.13,Interpolated (Month),4816.0,2025-11-01,1.0502771626041056,4,0.07563004089711067,0.99811847184503,-1.6375210010734804
2023.0,5.0,North America,Model S,-0.6244147091047674,-0.5791001713700673,-0.015832459919465,120.0,697.0,780.47,Interpolated (Month),9530.0,2023-05-01,1.078249912493537,2,0.04531453773470007,-1.579892353642158,0.009886020855025627
2016.0,12.0,Middle East,Model S,1.302295796449087,1.3015072669844028,-0.0220960517286974,60.0,347.0,783.2,Estimated (Region),13386.0,2016-12-01,1.0006058586722388,4,-0.0007885294646843288,-0.6244147091047674,-0.02877559528440421
2017.0,2.0,Middle East,Model X,1.5942755341016035,1.6691306908344965,1.6544326778904457,120.0,710.0,1724.87,Official (Quarter),3283.0,2017-02-01,0.9551532081077075,1,0.074855156732893,1.302295796449087,2.6376215411789365
2018.0,6.0,North America,Model X,0.5335937021071709,0.6711950747510047,-1.4560177090428126,100.0,573.0,1033.29,Estimated (Region),10561.0,2018-06-01,0.7949904911103822,2,0.13760137264383376,1.5942755341016035,-0.7769218797017561
2023.0,6.0,Asia,Model 3,-0.498881210061823,-0.5805086902353933,-0.7424598070102515,82.0,470.0,561.11,Interpolated (Month),14452.0,2023-06-01,0.859386290771167,2,-0.0816274801735703,0.5335937021071709,0.37039924694354187
2016.0,9.0,North America,Cybertruck,1.2265691107916028,1.3343727071753435,1.3623992954532578,75.0,415.0,918.13,Interpolated (Month),11777.0,2016-09-01,0.919210280752861,3,0.10780359638374071,-0.498881210061823,1.6710768923672086
2016.0,8.0,North America,Cybertruck,-1.5687112322699115,-1.525155342580717,1.6791445903776077,120.0,675.0,379.59,Official (Quarter),10850.0,2016-08-01,1.0285583300750818,3,0.04355588968919455,1.2265691107916028,-2.6340929795306125
2024.0,5.0,Europe,Model Y,1.453495051369233,1.6210062962691905,-0.7243554321767899,75.0,425.0,997.18,Official (Quarter),14231.0,2024-05-01,0.8966621873798448,2,0.1675112448999574,-1.5687112322699115,-1.0528470361013862
2021.0,10.0,Asia,Model Y,-0.1629393361047937,-0.1713339598581817,-0.098643883385566,100.0,593.0,825.54,Interpolated (Month),12153.0,2021-10-01,0.9510043206826219,4,-0.008394623753388009,1.453495051369233,0.016072968869642813
2025.0,7.0,North America,Model S,-0.4856671575309867,-0.5722923301876581,0.3570798872507409,82.0,480.0,576.79,Interpolated (Month),6804.0,2025-07-01,0.8486347482094221,3,-0.08662517265667141,-0.1629393361047937,-0.17342197385255256
2017.0,11.0,Europe,Model Y,1.520835895997533,1.311601652185906,0.2512037139110156,75.0,419.0,999.75,Estimated (Region),6343.0,2017-11-01,1.159525754990411,4,-0.20923424381162703,-0.4856671575309867,0.38203962532376734
2020.0,3.0,North America,Model S,0.1717319558781166,0.3052149229104581,0.6419137674377513,75.0,414.0,658.14,Interpolated (Month),12394.0,2020-03-01,0.5626591067059266,1,0.1334829670323415,1.520835895997533,0.1102371067871755
2015.0,4.0,North America,Model X,0.4708269525856987,0.4592129855194373,-1.3946184054895612,82.0,471.0,831.9,Interpolated (Month),8681.0,2015-04-01,1.0252910249328517,2,-0.011613967066261388,0.1717319558781166,-0.6566239338765764
2018.0,7.0,Asia,Model X,-0.9618812814307394,-1.0321737397166066,-1.1827249018450396,75.0,448.0,412.41,Estimated (Region),13555.0,2018-07-01,0.9318986178575258,3,-0.07029245828586728,0.4708269525856987,1.137640944166752
2025.0,2.0,Europe,Model X,1.6450988130663586,1.6606795776425405,1.0449288314724354,100.0,551.0,1355.13,Official (Quarter),14808.0,2025-02-01,0.990617838151355,1,0.01558076457618185,-0.9618812814307394,1.7190111803941206
2020.0,4.0,North America,Model X,-0.4162933817440964,-0.3213412190154039,0.6756721514786226,100.0,577.0,716.98,Estimated (Region),11394.0,2020-04-01,1.295487030949929,2,0.0949521627286925,1.6450988130663586,-0.28127784488934515
2015.0,12.0,North America,Model Y,0.0667818848158979,0.1690580992622752,-1.3627959594027423,75.0,441.0,673.74,Official (Quarter),9495.0,2015-12-01,0.39502327961402844,4,0.10227621444637729,-0.4162933817440964,-0.09101008278840501
2016.0,7.0,Asia,Model Y,1.126193134836212,1.0371752265915513,-1.6438608492160498,60.0,330.0,710.52,Estimated (Region),12980.0,2016-07-01,1.0858272603918613,3,-0.08901790824466072,0.0667818848158979,-1.8513048030131407
2022.0,8.0,North America,Cybertruck,-1.5382172648910588,-1.4955764464088703,0.849435381417616,82.0,453.0,262.9,Official (Quarter),5653.0,2022-08-01,1.0285112931435743,3,0.04264081848218848,1.126193134836212,-1.3066161691058986
2024.0,4.0,Asia,Cybertruck,-0.6424569731372554,-0.6856780988464035,1.6918114398664408,120.0,708.0,785.24,Interpolated (Month),4975.0,2024-04-01,0.9369658652042933,2,-0.043221125709148156,-1.5382172648910588,-1.0869160567755753
2025.0,7.0,Europe,Model Y,-0.9583236519032066,-1.0148020070442525,-0.066259294596299,100.0,594.0,548.05,Interpolated (Month),9796.0,2025-07-01,0.9443454439890726,3,-0.05647835514104593,-0.6424569731372554,0.06349784917005566
2024.0,7.0,Europe,Cybertruck,1.3360932769606493,1.2735716428221031,1.6859091900065273,100.0,590.0,1343.43,Interpolated (Month),4919.0,2024-07-01,1.049091572108189,3,-0.06252163413854617,-0.9583236519032066,2.252531934333895
2025.0,10.0,Middle East,Model X,-0.2630611956653607,-0.1513799425993963,0.0473467136757523,60.0,353.0,470.57,Official (Quarter),5152.0,2025-10-01,1.7377546268564232,4,0.11168125306596438,1.3360932769606493,-0.012455083110368885
2015.0,1.0,Europe,Cybertruck,-1.972248067250065,-1.9228271688910992,1.3782968501285708,120.0,695.0,225.28,Estimated (Region),14062.0,2015-01-01,1.025702205147989,1,0.0494208983589659,-0.2630611956653607,-2.7183432987629264
2023.0,2.0,North America,Cybertruck,0.1000711325378123,0.2746970141617275,-0.5826388095614,100.0,555.0,858.81,Interpolated (Month),9844.0,2023-02-01,0.3642963970438192,1,0.17462588162391518,-1.972248067250065,-0.05830532553329204
2022.0,8.0,Middle East,Model Y,-1.3148489538409616,-1.33899609921346,-1.1717345398322048,100.0,562.0,400.26,Estimated (Region),5698.0,2022-08-01,0.9819662317263786,3,-0.024147145372498402,0.1000711325378123,1.540653933877695
2017.0,12.0,Europe,Model Y,0.9030789401809384,1.1113572201653887,1.3436015615836212,60.0,352.0,711.53,Official (Quarter),6329.0,2017-12-01,0.81259105874756,4,0.20827827998445037,-1.3148489538409616,1.2133782742603905
2016.0,1.0,Middle East,Model S,1.6194330571891573,1.821250728289708,0.2783346790354998,100.0,571.0,1395.67,Interpolated (Month),11703.0,2016-01-01,0.8891873216764214,1,0.2018176711005506,0.9030789401809384,0.4507443801922223
2021.0,9.0,Middle East,Model X,0.1653790460075223,0.0850164736311555,1.6475970027474227,75.0,418.0,662.93,Estimated (Region),11799.0,2021-09-01,1.9452588297771596,3,-0.08036257237636679,1.6194330571891573,0.2724780205192219
2016.0,8.0,Europe,Cybertruck,0.7241809982250015,0.7028867492208404,-0.0486395255408092,120.0,669.0,1281.67,Estimated (Region),14348.0,2016-08-01,1.030295419607449,3,-0.021294249004161103,0.1653790460075223,-0.03522382015933366
2021.0,8.0,North America,Model 3,-1.0205821686350312,-1.1091727710210963,0.3702770694217245,60.0,341.0,302.09,Interpolated (Month),6584.0,2021-08-01,0.9201291226212582,3,-0.0885906023860652,0.7241809982250015,-0.3778981745062476
2018.0,11.0,North America,Cybertruck,-0.369535965096522,-0.4603150803942388,-0.3703924135042016,120.0,716.0,909.46,Interpolated (Month),4694.0,2018-11-01,0.8027891781864529,4,-0.09077911529771682,-1.0205821686350312,0.13687331798870517
2023.0,6.0,Middle East,Model 3,0.2108658806809778,0.2596728129315832,0.137092721566739,82.0,478.0,770.92,Official (Quarter),4394.0,2023-06-01,0.8120445043915141,2,0.04880693225060537,-0.369535965096522,0.028908177468122496
2023.0,10.0,Asia,Model Y,1.3099192882938009,1.1930513143542985,0.5465890772370671,75.0,436.0,986.04,Official (Quarter),5513.0,2023-10-01,1.0979572064783765,4,-0.11686797393950243,0.2108658806809778,0.7159875750435443
2020.0,2.0,North America,Cybertruck,-0.0013213089968734,-0.1532579677531644,-0.822494812142249,120.0,686.0,1020.46,Estimated (Region),4882.0,2020-02-01,0.008621470167224754,1,-0.15193665875629098,1.3099192882938009,0.0010867697951652505
2023.0,2.0,Europe,Model 3,-0.8762440563751275,-0.8269994916674485,0.7877642015971335,100.0,598.0,580.72,Interpolated (Month),6124.0,2023-02-01,1.0595460640591072,1,0.04924456470767902,-0.0013213089968734,-0.6902736994745859
2018.0,1.0,Middle East,Cybertruck,-0.3222703156593001,-0.4377787785490223,-0.500237437138199,100.0,570.0,739.92,Official (Quarter),11109.0,2018-01-01,0.7361487843870266,1,-0.11550846288972222,-0.8762440563751275,0.1612116767711267
2015.0,3.0,North America,Model S,1.197345725386869,1.268641826793462,1.2196309540417771,60.0,349.0,766.09,Official (Quarter),9819.0,2015-03-01,0.9438012369600042,1,0.07129610140659315,-0.3222703156593001,1.4603199093714305
2018.0,8.0,Europe,Model Y,1.2796794373097715,1.017221209332766,0.5243275303759576,100.0,583.0,1308.08,Official (Quarter),12583.0,2018-08-01,1.2580148993837454,3,-0.2624582279770056,1.197345725386869,0.6709711590375276
2017.0,3.0,Middle East,Cybertruck,-0.4399262064627074,-0.4401263099912323,0.569749257171585,82.0,455.0,559.04,Official (Quarter),6466.0,2017-03-01,0.9995453497689586,1,-0.00020010352852489754,1.2796794373097715,-0.2506476293424409
2024.0,3.0,Asia,Model 3,0.3590157388632381,0.2876084370938827,-1.604575971180031,82.0,488.0,829.72,Official (Quarter),4675.0,2024-03-01,1.24827957931584,1,-0.07140730176935545,-0.4399262064627074,-0.5760680278553967
2020.0,9.0,Asia,Model 3,0.0665277684210742,0.1805610033291045,0.1498987398943747,60.0,333.0,508.69,Official (Quarter),12193.0,2020-09-01,0.3684503696505027,3,0.11403323490803029,0.3590157388632381,0.009972428654303797
2019.0,10.0,Europe,Model S,0.0393373141749303,0.1735184090024743,0.3981620314335762,60.0,334.0,504.86,Interpolated (Month),14548.0,2019-10-01,0.22670398144538867,4,0.134181094827544,0.0665277684210742,0.01566262492303106
2019.0,4.0,Asia,Model 3,-0.2719552694841928,-0.3150028841214368,1.3808312140894716,75.0,448.0,594.85,Official (Quarter),8321.0,2019-04-01,0.863342157144667,2,-0.04304761463724399,0.0393373141749303,-0.37552432493988736
2016.0,7.0,Asia,Model X,-0.3586089601190997,-0.3321398636495701,0.3099747145371746,82.0,458.0,584.71,Interpolated (Month),7346.0,2016-07-01,1.0796926215922587,3,0.026469096469529607,-0.2719552694841928,-0.11115971004339097
2017.0,10.0,Europe,Model X,-0.1880968591923474,-0.3358959139571062,-0.2621285005158842,120.0,665.0,915.9,Interpolated (Month),10282.0,2017-10-01,0.5599855531924312,4,-0.14779905476475882,-0.3586089601190997,0.049305547651837436
2016.0,6.0,Middle East,Model X,0.4070437374849314,0.20755761491452,-0.8767547542649484,82.0,480.0,829.73,Estimated (Region),14901.0,2016-06-01,1.9611120394333268,2,-0.1994861225704114,-0.1880968591923474,-0.3568775320336872
2019.0,1.0,Europe,Model X,-0.767736355785376,-0.6549254369534518,1.475081322041977,120.0,690.0,714.25,Interpolated (Month),6934.0,2019-01-01,1.172250018806251,1,0.11281091883192418,0.4070437374849314,-1.132473558671582
2020.0,8.0,Asia,Model Y,-0.2615364972964181,-0.3319051105053491,-1.5019280178689491,75.0,413.0,550.92,Official (Quarter),5936.0,2020-08-01,0.7879857495963536,3,-0.07036861320893101,-0.767736355785376,0.392808992984797
2019.0,4.0,Middle East,Model S,-0.0834009045249524,-0.0992647445823333,0.2709224472745822,60.0,359.0,516.64,Estimated (Region),5899.0,2019-04-01,0.8401865624685819,2,-0.015863840057380896,-0.2615364972964181,-0.02259517715881388
2016.0,12.0,Asia,Model S,2.707559459824558,2.4938184864828865,1.619064408603574,120.0,714.0,2203.8,Official (Quarter),11665.0,2016-12-01,1.0857083121727584,4,-0.2137409733416713,-0.0834009045249524,4.383713155579859
2020.0,10.0,Middle East,Model 3,0.7287550933318294,0.5859796833987799,0.2602993915898721,100.0,560.0,1074.36,Interpolated (Month),13339.0,2020-10-01,1.2436524916784286,4,-0.1427754099330495,2.707559459824558,0.18969450741229565
2024.0,8.0,Europe,Model Y,-0.4777895492914498,-0.5746398616298681,0.6078730694667396,82.0,475.0,572.99,Official (Quarter),6533.0,2024-08-01,0.8314591123843742,3,-0.09685031233841834,0.7287550933318294,-0.29043539988692363
2021.0,6.0,Europe,Cybertruck,0.3564745749150004,0.5362120168239269,-1.65775636073888,120.0,678.0,1151.75,Estimated (Region),14052.0,2021-06-01,0.6648015406787388,2,0.17973744190892654,-0.4777895492914498,-0.5909479940070304
2020.0,3.0,Middle East,Model 3,1.0659675492629774,1.1848349543065633,-0.7875594573503654,120.0,667.0,1412.41,Official (Quarter),6023.0,2020-03-01,0.899675980513966,1,0.11886740504358584,0.3564745749150004,-0.8395128246506494
2023.0,9.0,Asia,Cybertruck,-1.1199416790111267,-1.107294745867328,0.6160671318827848,82.0,490.0,405.35,Official (Quarter),6044.0,2023-09-01,1.0114214694786552,3,0.012646933143798833,1.0659675492629774,-0.6899592580643753
2021.0,6.0,Middle East,Model S,-0.266110592403246,-0.2187540949908247,-0.7324600289107486,60.0,337.0,448.63,Official (Quarter),11766.0,2021-06-01,1.2164827927651256,2,0.04735649741242132,-1.1199416790111267,0.19491537220513802
2024.0,7.0,North America,Model 3,0.771954880451871,0.6514758106364403,0.9567961880484208,60.0,345.0,670.68,Estimated (Region),14135.0,2024-07-01,1.1849325298781732,3,-0.12047906981543066,-0.266110592403246,0.7386034869617246
2020.0,3.0,Asia,Model S,-0.7590963983613677,-0.8286427636769954,0.2722833197054409,82.0,457.0,475.39,Interpolated (Month),7274.0,2020-03-01,0.9160719572243354,1,-0.06954636531562775,0.771954880451871,-0.20668928732227698
2022.0,1.0,Middle East,Cybertruck,-0.5209893364114914,-0.6293373442333623,1.373799211477425,100.0,569.0,671.88,Interpolated (Month),6760.0,2022-01-01,0.8278379492101222,1,-0.10834800782187093,-0.7590963983613677,-0.7157347395502537
2020.0,3.0,Asia,Model X,-0.1072878456383872,-0.2452812002877983,1.3310863067227685,75.0,415.0,591.38,Official (Quarter),11481.0,2020-03-01,0.43740753678839656,1,-0.1379933546494111,-0.5209893364114914,-0.1428093822070433
2025.0,3.0,Asia,Model Y,0.07567595863473,0.0371268322100705,0.3980089457108937,100.0,552.0,846.22,Official (Quarter),9077.0,2025-03-01,2.038309064628552,1,-0.038549126424659505,-0.1072878456383872,0.03011970851187009
2015.0,4.0,Middle East,Cybertruck,-0.8925075056438491,-0.9176142053367564,-1.327703045604072,82.0,456.0,438.44,Estimated (Region),12138.0,2015-04-01,0.9726391553804538,2,-0.025106699692907353,0.07567595863473,1.1849849334678317
2019.0,11.0,Asia,Model X,-2.394589515447177,-2.3735532057954285,1.5569881480558634,120.0,694.0,51.95,Official (Quarter),9482.0,2019-11-01,1.0088627925425833,4,0.021036309651748297,-0.8925075056438491,-3.728347495010087
2018.0,5.0,Asia,Cybertruck,-1.1527226939433937,-1.2152811922089906,1.3380989251036963,60.0,342.0,276.3,Estimated (Region),7647.0,2018-05-01,0.948523437483727,2,-0.0625584982655969,-2.394589515447177,-1.5424569977082923
2022.0,9.0,Asia,Model X,0.5612923891429623,0.6751858782027618,-0.1264622431674189,60.0,351.0,638.7,Estimated (Region),11831.0,2022-09-01,0.8313153566496889,3,0.11389348905979946,-1.1527226939433937,-0.0709822946038188
2024.0,8.0,Asia,Model Y,-0.2973669089665702,-0.4354312471068123,0.3717651819337736,75.0,430.0,564.5,Interpolated (Month),4269.0,2024-08-01,0.6829250563490805,3,-0.1380643381402421,0.5612923891429623,-0.11055066301304087
2023.0,10.0,Europe,Model S,0.3450393371479305,0.348644254591344,0.1171503239979538,120.0,676.0,1143.79,Interpolated (Month),13939.0,2023-10-01,0.9896601839957496,4,0.0036049174434135134,-0.2973669089665702,0.04042147013891927
2015.0,7.0,Asia,Model Y,-0.3713147798602885,-0.4394220505585693,0.6360935277864179,100.0,588.0,746.26,Official (Quarter),10147.0,2015-07-01,0.845007161994473,3,-0.06810727069828082,0.3450393371479305,-0.23619092824056806
2019.0,10.0,North America,Model S,0.1023581800912263,-0.0595914632089834,-1.2134374764424112,100.0,576.0,892.08,Estimated (Region),9909.0,2019-10-01,-1.7176651583845626,4,-0.1619496433002097,-0.3713147798602885,-0.12420525174313549
2018.0,11.0,Asia,Model Y,0.5213961151556298,0.3200043709963814,0.6658204887861296,100.0,565.0,1014.8,Estimated (Region),3668.0,2018-11-01,1.6293406041054537,4,-0.20139174415924838,0.1023581800912263,0.3471562162441106
2018.0,11.0,Europe,Model Y,-0.1863180444285809,-0.2429336688455882,0.4765454006679317,120.0,681.0,938.66,Official (Quarter),4782.0,2018-11-01,0.7669502762377787,4,-0.05661562441700729,0.5213961151556298,-0.08878900713388359
2018.0,6.0,North America,Model Y,1.533287599343898,1.7097429847847303,0.9908587554083872,75.0,422.0,1010.01,Estimated (Region),14290.0,2018-06-01,0.8967942041516553,2,0.1764553854408324,-0.1863180444285809,1.5192714423690086
2021.0,5.0,Asia,Model 3,0.1051534604342878,0.2812701021999156,-0.8016135219431163,60.0,331.0,513.18,Official (Quarter),11460.0,2021-05-01,0.37385224953468005,2,0.1761166417656278,1.533287599343898,-0.08429243576323558
2020.0,1.0,Asia,Cybertruck,1.3289780179055837,1.409728466470286,-0.5577484627416309,60.0,358.0,813.66,Interpolated (Month),13946.0,2020-01-01,0.9427191473497819,1,0.08075044856470237,0.1051534604342878,-0.741235446504259
2017.0,2.0,North America,Cybertruck,-1.448005944728619,-1.478908973169179,-0.4521913836680162,60.0,341.0,216.06,Interpolated (Month),3628.0,2017-02-01,0.9791041713849791,1,-0.03090302844055981,1.3289780179055837,0.6547758117063472
2025.0,11.0,Europe,Model Y,-0.3677571503327556,-0.3161766498425418,0.5397260653578512,75.0,416.0,528.84,Interpolated (Month),6826.0,2025-11-01,1.1631382346416197,4,0.05158050049021379,-1.448005944728619,-0.19848811975631395
2023.0,4.0,Middle East,Model 3,-1.4812951924505335,-1.5052013253219314,-1.7036721369122547,100.0,561.0,344.43,Estimated (Region),4652.0,2023-04-01,0.9841176509286658,2,-0.023906132871397867,-0.3677571503327556,2.52364134592005
2023.0,2.0,Middle East,Model Y,-1.7661596710479843,-1.7070890293519956,1.1490251347701943,75.0,416.0,185.45,Interpolated (Month),4297.0,2023-02-01,1.0346031405980107,1,0.059070641695988746,-1.4812951924505335,-2.0293618540515923
2020.0,10.0,North America,Cybertruck,-0.4356062277507033,-0.4347269876741492,-0.499898461609402,75.0,424.0,522.03,Estimated (Region),14566.0,2020-10-01,1.0020225109125573,4,0.0008792400765540997,-1.7661596710479843,0.21775888312005137
2018.0,9.0,Asia,Cybertruck,1.1023061937227772,0.981773484555394,-0.869403160355224,60.0,358.0,765.76,Official (Quarter),6579.0,2018-09-01,1.1227703854947433,3,-0.12053270916738312,-0.4356062277507033,-0.9583484885017203
2018.0,6.0,Europe,Model Y,-0.5977324876482711,-0.5058571903731137,1.140017431678724,75.0,434.0,492.81,Interpolated (Month),7237.0,2018-06-01,1.1816229936504241,2,0.09187529727515742,1.1023061937227772,-0.6814254553997167
2025.0,9.0,Asia,Model 3,0.9056201041291762,0.7683828764585007,0.6257831049574452,75.0,434.0,877.94,Estimated (Region),9635.0,2025-09-01,1.1786052655197183,3,-0.13723722767067548,-0.5977324876482711,0.5667217606738406
2022.0,1.0,North America,Model Y,0.5658664842497902,0.3627294432446043,0.6650346818784646,120.0,688.0,1253.78,Official (Quarter),4492.0,2022-01-01,1.5600235789742651,1,-0.20313704100518593,0.9056201041291762,0.37632083733874444
2024.0,6.0,Europe,Model 3,0.6670048093896522,0.8073518983991875,-0.931512224986366,60.0,332.0,624.84,Official (Quarter),14753.0,2024-06-01,0.8261636725103209,2,0.1403470890095353,0.5658664842497902,-0.6213231340711619
2024.0,5.0,Asia,Model 3,0.0411161289386968,-0.1011427697361013,-1.1342916607840468,82.0,451.0,682.18,Interpolated (Month),10123.0,2024-05-01,-0.4065157504186981,2,-0.1422588986747981,0.6670048093896522,-0.0466376821788854
2024.0,3.0,Asia,Model Y,0.4177166260675299,0.5233005938917716,-0.0456131003284291,82.0,465.0,806.73,Official (Quarter),8020.0,2024-03-01,0.7982345729076729,1,0.10558396782424173,0.0411161289386968,-0.019053350373671143
2017.0,9.0,Asia,Model X,-1.0137210259747893,-1.104242954992455,-0.4810003273632007,82.0,483.0,429.85,Estimated (Region),9794.0,2017-09-01,0.9180235394680111,3,-0.09052192901766576,0.4177166260675299,0.48760014534883334
2015.0,9.0,Asia,Model X,-0.5115870298030117,-0.5727618364761001,-0.4139711472488343,82.0,475.0,563.52,Official (Quarter),6216.0,2015-09-01,0.8931932912125142,3,-0.06117480667308839,-1.0137210259747893,0.21178226964517638
2015.0,2.0,Middle East,Model Y,0.3175947665069629,0.1230464829949583,-1.175518441152923,100.0,577.0,966.94,Official (Quarter),11302.0,2015-02-01,2.5810958491188734,1,-0.1945482835120046,-0.5115870298030117,-0.37333850484259157
2025.0,7.0,North America,Model 3,-0.9491754616895508,-0.9316993939900166,0.668860333850823,100.0,571.0,529.92,Official (Quarter),13248.0,2025-07-01,1.0187571955206418,3,0.017476067699534248,0.3175947665069629,-0.634865816188682
2017.0,12.0,Asia,Model Y,-0.1741204574770398,-0.2842502222284851,1.6331468039956527,100.0,572.0,792.53,Interpolated (Month),9018.0,2017-12-01,0.612560497268772,4,-0.11012976475144531,-0.9491754616895508,-0.28436426863888853
2015.0,5.0,Asia,Model S,0.9063824533136474,0.68645402912537,-0.7574721484644694,120.0,717.0,1450.74,Interpolated (Month),13683.0,2015-05-01,1.3203833248214658,2,-0.2199284241882774,-0.1741204574770398,-0.6865594642419851
2020.0,1.0,Europe,Model S,1.6824539231054534,1.6998833527274482,-0.4844899859961656,75.0,415.0,1029.8,Estimated (Region),5320.0,2020-01-01,0.9897466907985013,1,0.017429429621994785,0.9063824533136474,-0.815132077644555
2024.0,11.0,Europe,Model Y,-1.1054570445061718,-1.1518978432693192,-0.4326068488275801,100.0,563.0,470.56,Official (Quarter),4059.0,2024-11-01,0.9596832314301943,4,-0.04644079876314744,1.6824539231054534,0.4782282885380649
2022.0,8.0,Europe,Model X,-1.2253999828629931,-1.1716171073838837,-0.3541439545424802,75.0,422.0,322.83,Official (Quarter),7505.0,2022-08-01,1.0459048226081316,3,0.05378287547910943,-1.1054570445061718,0.4339679958273879
2019.0,10.0,Middle East,Model S,0.0393373141749303,0.0314927567487664,-0.0290997235414171,82.0,485.0,733.1,Interpolated (Month),12983.0,2019-10-01,1.2490908461505574,4,-0.007844557426163898,-1.2253999828629931,-0.0011447049673523398
2020.0,7.0,North America,Cybertruck,-0.1530287967066665,-0.1671084032622037,-1.7103144667756556,82.0,484.0,676.63,Interpolated (Month),7317.0,2020-07-01,0.9157456699921583,3,-0.014079606555537194,0.0393373141749303,0.2617273648406825
2015.0,11.0,Middle East,Model 3,2.588124754257384,2.802518871133508,-0.5249001435002131,120.0,700.0,2111.23,Interpolated (Month),9788.0,2015-11-01,0.9234994921588485,4,0.21439411687612386,-0.1530287967066665,-1.3585070549061546
2017.0,2.0,Asia,Model S,0.0611913241297749,-0.0201529349798546,1.1718155232187522,82.0,451.0,687.53,Official (Quarter),7549.0,2017-02-01,-3.0363480153607076,1,-0.0813442591096295,2.588124754257384,0.07170494350158042
2022.0,1.0,North America,Model S,2.7304299353586976,3.0196655295379373,-1.5639714743332278,82.0,474.0,1469.42,Interpolated (Month),13243.0,2022-01-01,0.9042160161945161,1,0.2892355941792397,0.0611913241297749,-4.270314531566522
2017.0,1.0,Middle East,Cybertruck,0.9084153844722376,0.8460861671956533,1.6192368785573752,75.0,415.0,840.19,Official (Quarter),11244.0,2017-01-01,1.0736676944892907,1,-0.06232921727658425,2.7304299353586976,1.4709396915863238
2024.0,2.0,North America,Model Y,-0.7814586411058598,-0.6535169180881258,-0.2282374090465846,120.0,702.0,720.99,Interpolated (Month),5191.0,2024-02-01,1.1957741559193746,1,0.127941723017734,0.9084153844722376,0.17835809552306628
2022.0,9.0,Middle East,Model 3,1.0682545968163917,0.8190895556102378,-1.6202707369759466,82.0,485.0,1027.67,Estimated (Region),11208.0,2022-09-01,1.304197556298372,3,-0.2491650412061539,-0.7814586411058598,-1.7308616628616376
2020.0,10.0,Europe,Model Y,-1.7786113743943492,-1.717887673986162,1.1961139054420455,75.0,439.0,192.48,Estimated (Region),3935.0,2020-10-01,1.0353478875992428,4,0.06072370040818731,1.0682545968163917,-2.127421797290469
2021.0,4.0,Middle East,Cybertruck,0.0772006570036727,-0.0288388013160318,-1.0008660217402965,82.0,479.0,734.74,Interpolated (Month),5636.0,2021-04-01,-2.67697177000058,2,-0.1060394583197045,-1.7786113743943492,-0.07726751445100306
2024.0,12.0,Middle East,Model Y,-0.9080086057280992,-0.8497705466568859,1.0854801459415542,120.0,684.0,651.41,Interpolated (Month),11957.0,2024-12-01,1.0685338639946158,4,0.058238059071213266,0.0772006570036727,-0.9856253138619242
2023.0,8.0,Middle East,Model 3,0.2418680808494783,0.3801011759169586,-1.4680533284413653,60.0,333.0,543.16,Official (Quarter),8942.0,2023-08-01,0.6363255263970025,3,0.13823309506748027,-0.9080086057280992,-0.3550752411348019
2021.0,6.0,North America,Model S,-0.1548076114704329,-0.1232095652928758,1.6609870331664605,120.0,691.0,965.29,Official (Quarter),13863.0,2021-06-01,1.2564577360730624,2,0.0315980461775571,0.2418680808494783,-0.2571334352878605
2020.0,1.0,Middle East,Model X,2.453443065000784,2.4783247789643004,0.8487897374118878,60.0,338.0,992.55,Interpolated (Month),9779.0,2020-01-01,0.9899602690596853,1,0.02488171396351646,-0.1548076114704329,2.0824572948970324
2020.0,11.0,Middle East,Model 3,-0.3207456172903574,-0.4096084012425017,-1.0030738359615792,75.0,413.0,536.49,Interpolated (Month),13760.0,2020-11-01,0.7830542936067988,4,-0.08886278395214431,2.453443065000784,0.3217315367033034
2024.0,3.0,Middle East,Model Y,0.2710914662542123,0.44583205629884,1.7398669369363997,82.0,466.0,768.13,Interpolated (Month),6585.0,2024-03-01,0.6080573669482853,1,0.17474059004462766,-0.3207456172903574,0.47166307902131377
2021.0,12.0,Middle East,Model 3,-0.4162933817440964,-0.3659443164173948,0.7328561303108693,100.0,579.0,719.47,Interpolated (Month),7286.0,2021-12-01,1.1375866848257692,4,0.050349065326701636,0.2710914662542123,-0.30508315681900394
2019.0,12.0,Middle East,Model X,1.0768945542403998,1.234837374025637,0.2225975590952286,120.0,705.0,1497.42,Estimated (Region),11563.0,2019-12-01,0.8720942343441266,4,0.15794281978523728,-0.4162933817440964,0.23971409917685726
2021.0,6.0,North America,Model X,-0.5039635379582985,-0.4138339578384798,0.3677690481338821,60.0,335.0,398.93,Official (Quarter),8937.0,2021-06-01,1.2177916490724439,2,0.0901295801198187,1.0768945542403998,-0.185342190649107
2018.0,12.0,Asia,Model Y,0.489631565802658,0.5850406708218959,0.9431134060363306,82.0,490.0,870.9,Interpolated (Month),9882.0,2018-12-01,0.8369188506412687,4,0.09540910501923794,-0.5039635379582985,0.46177809372704653
2018.0,2.0,Asia,Model S,1.0784192526093426,1.2961079446673196,-0.3425780299748853,100.0,589.0,1251.57,Official (Quarter),6191.0,2018-02-01,0.8320443193380374,1,0.21768869205797703,0.489631565802658,-0.36944274304589675
2015.0,12.0,Asia,Cybertruck,-1.252590437109137,-1.1774859359894088,-0.0886033486975556,100.0,598.0,447.87,Official (Quarter),5226.0,2015-12-01,1.0637837776436965,4,0.07510450111972822,1.0784192526093426,0.11098370727440444
2018.0,1.0,Asia,Model X,-1.5247490959653989,-1.4648237845159189,-0.9652666327746996,120.0,682.0,401.22,Official (Quarter),12700.0,2018-01-01,1.0409095702042301,1,0.05992531144947999,-1.252590437109137,1.4717894256887878
2025.0,12.0,Asia,Model X,0.9526316371715744,1.0921074623392664,-0.8404461012530281,60.0,348.0,713.63,Estimated (Region),8520.0,2025-12-01,0.8722874534078008,4,0.13947582516769197,-1.5247490959653989,-0.8006355453911389
2019.0,10.0,Middle East,Model 3,-1.6988188264196842,-1.685726493227884,0.257797334680836,120.0,674.0,327.26,Official (Quarter),12527.0,2019-10-01,1.007766582090509,4,0.013092333191800254,0.9526316371715744,-0.43795096555662033
2024.0,6.0,Europe,Model S,-0.0122483139742957,0.1345493870617875,1.7065852061684263,100.0,593.0,878.29,Official (Quarter),14973.0,2024-06-01,-0.09103210532405512,2,0.14679770103608322,-1.6988188264196842,-0.020902791429039044
2020.0,1.0,Europe,Cybertruck,-0.4411967884368263,-0.3922366685701474,1.1336718296609118,60.0,342.0,419.94,Interpolated (Month),3877.0,2020-01-01,1.124822903593275,1,0.04896011986667892,-0.0122483139742957,-0.5001723703876951
2019.0,6.0,Europe,Model S,1.1091673363830192,1.311132145897464,-0.2071722171676071,75.0,413.0,885.08,Interpolated (Month),7347.0,2019-06-01,0.8459615149042046,2,0.20196480951444484,-0.4411967884368263,-0.22978865628835915
2023.0,12.0,Middle East,Model 3,-0.1827604149010481,-0.0539573877476793,0.8040350269793765,60.0,334.0,461.07,Interpolated (Month),9789.0,2023-12-01,3.3871249615657795,4,0.1288030271533688,1.1091673363830192,-0.14694577512572624
2019.0,6.0,North America,Model X,-0.8958110187765581,-0.7901432480247507,-1.6492615942247082,82.0,479.0,459.62,Estimated (Region),11703.0,2019-06-01,1.133732422590413,2,0.10566777075180744,-0.1827604149010481,1.4774267089514863
2019.0,11.0,Europe,Model X,0.264738556383618,0.3265774590345695,1.706380429162761,120.0,675.0,1110.1,Official (Quarter),11064.0,2019-11-01,0.810645526994545,4,0.06183890265095149,-0.8958110187765581,0.4517446914578078
2021.0,3.0,Asia,Model X,0.362573368390771,0.2258683601637584,-0.1496601975010407,100.0,580.0,987.36,Estimated (Region),11302.0,2021-03-01,1.605241956544507,1,-0.13670500822701256,0.264738556383618,-0.05426280192198037
2024.0,1.0,Middle East,Cybertruck,-0.042234048563501,-0.1513799425993963,0.428659888393939,60.0,330.0,482.92,Interpolated (Month),7794.0,2024-01-01,0.2789936885844045,1,-0.10914589403589531,0.362573368390771,-0.01810404254365454
2018.0,9.0,North America,Cybertruck,0.0268856108285654,0.0805561638909564,0.0413823348699447,60.0,333.0,500.9,Estimated (Region),6744.0,2018-09-01,0.333749889889974,3,0.053670553062391005,-0.042234048563501,0.0011125893504907048
2015.0,8.0,North America,Model Y,1.182352858092266,1.378741051433113,1.008698709448125,120.0,669.0,1462.6,Estimated (Region),6740.0,2015-08-01,0.8575597693731436,3,0.19638819334084712,0.0268856108285654,1.1926378020699708
2025.0,10.0,Asia,Model 3,1.390474185452937,1.113000492174936,0.2132339814016779,120.0,695.0,1604.82,Official (Quarter),14664.0,2025-10-01,1.2493023994407984,4,-0.2774736932780011,1.182352858092266,0.2964963466003848
2018.0,7.0,Asia,Model S,0.4616787623720428,0.6122720355515325,-1.527583296270563,100.0,584.0,1028.34,Interpolated (Month),4679.0,2018-07-01,0.7540418891680463,3,0.15059327317948973,1.390474185452937,-0.7052527656423991
2017.0,12.0,Middle East,Model X,1.7957898351968566,1.6742952600073586,0.6693310227449147,82.0,462.0,1177.34,Estimated (Region),5287.0,2017-12-01,1.0725646055934985,4,-0.12149457518949802,0.4616787623720428,1.201977847027234
2025.0,6.0,Europe,Model X,-0.1781863197942202,-0.1330691973501579,1.1887106202493365,120.0,668.0,923.94,Official (Quarter),13264.0,2025-06-01,1.3390500832836711,2,0.045117122444062296,1.7957898351968566,-0.2118119707225341
2016.0,2.0,North America,Cybertruck,1.0324241851462397,0.9935111417664444,-0.8696730484961865,100.0,580.0,1216.69,Interpolated (Month),11481.0,2016-02-01,1.0391671937474285,1,-0.03891304337979529,-0.1781863197942202,-0.8978714884373216
2015.0,4.0,Middle East,Model S,0.0411161289386968,0.1871340913672926,-1.4173983562752088,100.0,565.0,854.62,Estimated (Region),14400.0,2015-04-01,0.21971479722525378,2,0.14601796242859577,1.0324241851462397,-0.0582779335741084
2016.0,8.0,Middle East,Model S,-1.5692194650595594,-1.5608378205023097,1.4283727805189967,120.0,692.0,388.94,Estimated (Region),8973.0,2016-08-01,1.0053699650579664,3,0.008381644557249768,0.0411161289386968,-2.2414303705516554
2024.0,5.0,North America,Model X,1.0311536031721205,1.1083054292905157,1.2947368971223412,100.0,593.0,1243.52,Interpolated (Month),9947.0,2024-05-01,0.930387577215259,2,0.07715182611839522,-1.5692194650595594,1.3350726166275932
2025.0,4.0,Asia,Model 3,-0.3771594569412352,-0.2358910745189581,0.48731011034928,100.0,592.0,749.29,Interpolated (Month),9480.0,2025-04-01,1.598871248987946,2,0.1412683824222771,1.0311536031721205,-0.18379361658130786
2016.0,8.0,Middle East,Model 3,0.3234394435879097,0.4505271191832601,-0.4114397654773365,60.0,353.0,592.78,Interpolated (Month),14573.0,2016-08-01,0.7179133726161884,3,0.1270876755953504,-0.3771594569412352,-0.1330758488159298
2020.0,9.0,Europe,Model S,-1.751929152937853,-1.71507063625551,-1.5542033129440165,82.0,486.0,220.74,Official (Quarter),8499.0,2020-09-01,1.0214909613068857,3,0.03685851668234297,0.3234394435879097,2.7228540935392154
2024.0,3.0,North America,Model 3,-0.5204811036218439,-0.6521083992227997,-0.0111931672716812,60.0,333.0,393.31,Estimated (Region),12052.0,2024-03-01,0.7981512034535473,1,-0.13162729560095587,-1.751929152937853,0.005825832054588534
2022.0,12.0,North America,Model Y,1.096969749431478,1.066754122763398,-0.6037959522803008,75.0,430.0,918.42,Interpolated (Month),12824.0,2022-12-01,1.0283248276461376,4,-0.030215626668079976,-0.5204811036218439,-0.6623458944806623
2017.0,6.0,Middle East,Model S,0.2873549155229338,0.1897163759537237,-0.9890376645052458,75.0,422.0,699.65,Official (Quarter),5970.0,2017-06-01,1.5146553062611023,2,-0.09763853956921009,1.096969749431478,-0.2842048345329046
2023.0,10.0,Europe,Cybertruck,-1.4871398695314804,-1.481726010899831,0.5149122613994229,100.0,597.0,364.47,Official (Quarter),12534.0,2023-10-01,1.0036537514977966,4,0.005413858631649449,0.2873549155229338,-0.7657465532376974
2020.0,5.0,Middle East,Model 3,-0.1736122246873922,-0.1917574834054092,1.047299672047744,100.0,586.0,812.11,Official (Quarter),8115.0,2020-05-01,0.9053739212896598,2,-0.018145258718017004,-1.4871398695314804,-0.18182402597858513
2022.0,8.0,North America,Model 3,1.3909824182425845,1.4904835480823118,0.3066729338365926,120.0,709.0,1637.36,Interpolated (Month),3867.0,2022-08-01,0.9332423830053357,3,0.09950112983972725,-0.1736122246873922,0.4265766591175717
2018.0,8.0,Asia,Model X,0.3613027864166521,0.2636636163833402,-0.9673114206419574,82.0,456.0,775.93,Official (Quarter),13309.0,2018-08-01,1.3703171919304726,3,-0.0976391700333119,1.3909824182425845,-0.34949231161058947
2021.0,6.0,Europe,Model Y,-1.8139335532748535,-1.8362032586735484,0.7127253577781343,60.0,349.0,145.74,Interpolated (Month),7487.0,2021-06-01,0.9878718735012036,2,-0.022269705398694883,0.3613027864166521,-1.2928364407435824
2015.0,2.0,Middle East,Model 3,-1.2375975698145345,-1.186406555469807,1.386239911603205,75.0,445.0,337.22,Official (Quarter),12358.0,2015-02-01,1.0431479530425019,1,0.051191014344727614,-1.8139335532748535,-1.7156071457800415
2024.0,4.0,Europe,Model S,-0.1151654538779242,-0.0213267007009596,1.493742372230647,100.0,563.0,799.66,Official (Quarter),7018.0,2024-04-01,5.400059554112949,2,0.0938387531769646,-1.2375975698145345,-0.17202751827462967
2023.0,12.0,North America,Model Y,-0.11084547516592,-0.183541123357674,-0.6821152044424941,75.0,435.0,618.96,Estimated (Region),8259.0,2023-12-01,0.6039271915640995,4,-0.072695648191754,-0.1151654538779242,0.07560938395432693
2024.0,5.0,Europe,Cybertruck,-0.2950798614131563,-0.3941146937239154,-1.5883543519229362,75.0,429.0,563.77,Interpolated (Month),12614.0,2024-05-01,0.7487157066512855,2,-0.0990348323107591,-0.11084547516592,0.46869138204040367
2019.0,1.0,Middle East,Model X,0.834975746368167,0.9514903289508844,-0.7541489954065003,60.0,339.0,671.63,Estimated (Region),14095.0,2019-01-01,0.8775451740942163,1,0.11651458258271741,-0.2950798614131563,-0.6296961203123459
2021.0,7.0,Asia,Model 3,-0.2427318840794588,-0.3694656135807099,-1.0967145832127576,60.0,352.0,473.46,Interpolated (Month),3263.0,2021-07-01,0.6569809886419482,3,-0.12673372950125109,0.834975746368167,0.26620759708065106
2019.0,9.0,North America,Model X,-2.030948954454357,-2.010155338541313,1.4545916927177591,60.0,354.0,102.48,Interpolated (Month),8413.0,2019-09-01,1.0103442831080571,3,0.02079361591304396,-0.2427318840794588,-2.9542014774831262
2022.0,11.0,Asia,Model X,-0.6416946239527841,-0.6420140140212965,0.6208709419792954,60.0,356.0,395.0,Estimated (Region),11990.0,2022-11-01,0.9995025185408152,4,-0.00031939006851244844,-2.030948954454357,-0.3984095456366148
2017.0,10.0,Middle East,Model S,0.5069114806506746,0.3934821051375559,-1.2838231107297462,60.0,337.0,602.4,Official (Quarter),7263.0,2017-10-01,1.2882707346334477,4,-0.11342937551311871,-0.6416946239527841,-0.6507846739535706
2018.0,1.0,Europe,Model Y,-1.919645973521544,-1.94160742042878,-1.5514229183573758,100.0,584.0,207.44,Official (Quarter),8495.0,2018-01-01,0.9886890384347696,1,-0.021961446907236004,0.5069114806506746,2.9781827584537797
2016.0,9.0,Asia,Model X,0.3076842271088358,0.2009845268763319,1.1772460901214403,100.0,563.0,940.18,Estimated (Region),10714.0,2016-09-01,1.5308851476818286,3,-0.10669970023250391,-1.919645973521544,0.36222005335591423
2021.0,4.0,Middle East,Model 3,-0.3486984207209725,-0.4556200175098187,-0.105124677989643,120.0,695.0,891.34,Estimated (Region),3371.0,2021-04-01,0.7653272624560619,2,-0.10692159678884616,0.3076842271088358,0.036656809193789296
2021.0,11.0,Europe,Cybertruck,-0.5329328069682088,-0.5950633851770956,1.0857053012414737,60.0,358.0,420.2,Interpolated (Month),4631.0,2021-11-01,0.8955899829219097,4,-0.06213057820888679,-0.3486984207209725,-0.5786079737308832
2018.0,6.0,Europe,Model S,-2.488866697926797,-2.467923969772273,1.5721088423917198,82.0,451.0,8.66,Official (Quarter),14790.0,2018-06-01,1.0084859697507036,2,0.020942728154524026,-0.5329328069682088,-3.912769343344999
2017.0,7.0,Middle East,Model 3,-0.7016660931311948,-0.7938992983322867,-0.9613609587200304,100.0,575.0,617.64,Estimated (Region),10293.0,2017-07-01,0.8838225384569017,3,-0.0922332052010919,-2.488866697926797,0.6745543879939435
2015.0,6.0,Asia,Cybertruck,-0.6915014373382438,-0.5896640628600125,1.468913657325205,75.0,414.0,447.18,Estimated (Region),6322.0,2015-06-01,1.1727040545497982,2,0.10183737447823127,-0.7016660931311948,-1.0157559053661558
2016.0,9.0,Middle East,Model X,-0.9710294716443952,-0.8596301787141681,-1.3497836729747388,60.0,342.0,312.98,Estimated (Region),3504.0,2016-09-01,1.1295897883632444,3,0.1113992929302271,-0.6915014373382438,1.3106797268028918
2021.0,10.0,Europe,Model S,-0.0628174765442267,-0.0948044348421342,0.0520391887012215,82.0,483.0,700.95,Official (Quarter),7483.0,2021-10-01,0.6626006119737824,4,-0.0319869582979075,-0.9710294716443952,-0.0032689705156195687
2025.0,10.0,Europe,Model Y,-0.305498633600931,-0.2664089832676887,0.6596896044053263,100.0,575.0,752.1,Official (Quarter),8707.0,2025-10-01,1.1467279738610199,4,0.0390896503332423,-0.0628174765442267,-0.2015342727465659
2015.0,5.0,Europe,Cybertruck,0.0324761715146884,0.0803214107467354,0.6856585097258129,75.0,429.0,646.72,Estimated (Region),10530.0,2015-05-01,0.4043277030714798,2,0.047845239232047004,-0.305498633600931,0.022267563362361145
2023.0,9.0,North America,Model X,1.3152557325851,1.0735619639458072,1.497595857970766,82.0,460.0,1041.76,Interpolated (Month),14996.0,2023-09-01,1.2251325743238546,3,-0.24169376863929282,0.0324761715146884,1.9697215372917511
2018.0,2.0,Asia,Model Y,0.3869685422938533,0.3089709732179941,0.1662451140748247,60.0,342.0,587.13,Estimated (Region),4922.0,2018-02-01,1.2524430313420676,1,-0.0779975690758592,1.3152557325851,0.06433162945701026
2021.0,10.0,Asia,Model S,-1.719148138005586,-1.7167139082650569,-0.3858873726101224,100.0,564.0,267.08,Official (Quarter),6222.0,2021-10-01,1.0014179588857581,4,0.0024342297405290925,0.3869685422938533,0.6633975581025597
2015.0,1.0,Asia,Model 3,-0.2864399039891479,-0.3499811026103665,0.1531547936907782,82.0,456.0,601.58,Official (Quarter),12626.0,2015-01-01,0.8184439155506092,1,-0.0635411986212186,-1.719148138005586,-0.043869644400264265
2016.0,3.0,North America,Cybertruck,1.0176854342464603,1.022385778505628,-0.0678254410643911,75.0,413.0,862.78,Estimated (Region),7094.0,2016-03-01,0.9954025727294075,1,0.004700344259167766,-0.2864399039891479,-0.06902496344257256
2019.0,6.0,Europe,Model 3,0.569424113777323,0.5505319586214082,-1.5432944641081945,75.0,428.0,780.86,Estimated (Region),8628.0,2019-06-01,1.0343161824850693,2,-0.018892155155914803,1.0176854342464603,-0.8787890825222573
2019.0,12.0,Asia,Model 3,0.3297923534585041,0.4167226664154354,-1.435319823491959,60.0,343.0,577.27,Estimated (Region),5087.0,2019-12-01,0.7913952852512478,4,0.08693031295693132,0.569424113777323,-0.4733575025550579
2021.0,1.0,North America,Model S,0.0550925306540043,0.0671752346703591,1.085264931272978,60.0,352.0,535.34,Estimated (Region),10965.0,2021-01-01,0.8201315696826845,1,0.012082704016354799,0.3297923534585041,0.059789991493872416
2025.0,4.0,Asia,Model Y,-0.0435046305376199,-0.0241437384316117,-1.7227899591111364,100.0,552.0,807.38,Interpolated (Month),5410.0,2025-04-01,1.8019011703945047,2,0.019360892106008203,0.0550925306540043,0.0749493406650513
2025.0,4.0,Asia,Model X,0.3709592094199555,0.4035764903390591,1.281039701194804,82.0,490.0,836.58,Official (Quarter),11104.0,2025-04-01,0.9191794326480697,2,0.0326172809191036,-0.0435046305376199,0.47521347479080056
2024.0,12.0,Europe,Model Y,-0.828470174148258,-0.7495309540745168,1.4487490866459034,82.0,482.0,481.66,Official (Quarter),12869.0,2024-12-01,1.1053181588360301,4,0.07893922007374121,0.3709592094199555,-1.2002454081106613
2021.0,7.0,Europe,Model Y,1.2672277339634066,1.1118267264538308,0.3207687490809847,75.0,446.0,997.41,Estimated (Region),12573.0,2021-07-01,1.1397708867866732,3,-0.15540100750957575,-0.828470174148258,0.40648705502417276
2024.0,6.0,Europe,Cybertruck,-0.1911462559302326,-0.2236839110194659,-1.089247677979454,120.0,707.0,972.48,Interpolated (Month),7992.0,2024-06-01,0.8545373471836258,2,-0.032537655089233286,1.2672277339634066,0.20820561542647228
2022.0,1.0,Europe,Model X,1.3505779114656045,1.5714733828385583,-1.343578233858863,75.0,416.0,950.79,Estimated (Region),6996.0,2022-01-01,0.8594341630057077,1,0.22089547137295384,-0.1911462559302326,-1.8146070849757487
2018.0,7.0,Asia,Model 3,0.5028456183334943,0.4664903329902884,0.1736553577094733,75.0,427.0,762.26,Estimated (Region),9235.0,2018-07-01,1.0779336307146212,3,-0.03635528534320587,1.3505779114656045,0.08732183572434424
2024.0,3.0,Europe,Model X,-0.0452834453013863,-0.037524667652209,-1.2801500474485028,82.0,459.0,670.87,Interpolated (Month),10874.0,2024-03-01,1.2067647266349755,1,0.007758777649177304,0.5028456183334943,0.05796960465120136
2018.0,9.0,Middle East,Model S,1.496186605699627,1.641664572960639,-0.3672471977472725,120.0,668.0,1584.16,Official (Quarter),3128.0,2018-09-01,0.9113838663164597,3,0.14547796726101203,-0.0452834453013863,-0.5494703382501913
2017.0,1.0,Middle East,Model 3,-0.3136303582352918,-0.2053731657702275,-1.7217148798313897,75.0,421.0,548.65,Estimated (Region),11890.0,2017-01-01,1.5271243302846242,1,0.1082571924650643,1.496186605699627,0.5399820545405511
2022.0,6.0,North America,Model X,1.3236415736142844,1.2738063959663242,-1.0600570140406973,75.0,423.0,960.06,Official (Quarter),9061.0,2022-06-01,1.039123039267011,2,-0.049835177647960194,-0.3136303582352918,-1.4031355341856881
2016.0,5.0,Middle East,Model S,1.759451190737057,1.982291385225317,1.5888155644583533,60.0,353.0,892.0,Interpolated (Month),6784.0,2016-05-01,0.8875845417332876,2,0.2228401944882601,1.3236415736142844,2.795443436747819
2017.0,2.0,Middle East,Model S,0.7495926377073788,0.8693267284735329,1.0732675833050958,82.0,455.0,878.51,Estimated (Region),6186.0,2017-02-01,0.8622680209356989,1,0.11973409076615404,1.759451190737057,0.8045134787354906
2020.0,8.0,Europe,Model Y,-1.3506793655111136,-1.3270236888581888,0.4826663444173921,82.0,473.0,326.87,Interpolated (Month),11859.0,2020-08-01,1.0178261148248822,3,0.023655676652924784,0.7495926377073788,-0.6519274718312518
2019.0,3.0,Middle East,Model S,0.6001721975509997,0.5042855892098702,-0.7642735284293585,75.0,427.0,786.79,Official (Quarter),14985.0,2019-03-01,1.1901434631343868,1,-0.0958866083411295,-1.3506793655111136,-0.4586957230875045
2025.0,4.0,Middle East,Cybertruck,0.4121260653814069,0.2256336070195374,0.3064447963472706,75.0,422.0,730.74,Official (Quarter),3389.0,2025-04-01,1.826527842307291,2,-0.18649245836186948,0.6001721975509997,0.12629388817520718
2022.0,6.0,North America,Model 3,-0.7893362493453968,-0.7009370532207688,-1.169101763621008,82.0,486.0,496.89,Official (Quarter),11241.0,2022-06-01,1.126115741375689,2,0.08839919612462799,0.4121260653814069,0.922814401199695
2022.0,6.0,Europe,Model S,0.603221594288885,0.685984522836928,-0.3104449391585971,82.0,486.0,896.38,Estimated (Region),6575.0,2022-06-01,0.8793516095585185,2,0.08276292854804301,-0.7893362493453968,-0.18726709113816487
2023.0,8.0,Asia,Model S,-0.6915014373382438,-0.71290946357604,0.3532323658894277,60.0,345.0,372.65,Interpolated (Month),11334.0,2023-08-01,0.9699709046778381,3,-0.02140802623779625,0.603221594288885,-0.2442606887269277
2016.0,6.0,Middle East,Model 3,0.785423049377531,0.8449124014745483,0.9131051251696116,120.0,669.0,1305.85,Interpolated (Month),8538.0,2016-06-01,0.9295911008132962,2,0.05948935209701722,-0.6915014373382438,0.7171738118129686
2025.0,6.0,Asia,Cybertruck,-0.3263361779764804,-0.4286234059244031,0.7075323719645448,82.0,480.0,621.94,Estimated (Region),11090.0,2025-06-01,0.7613587439833762,2,-0.10228722794792272,0.785423049377531,-0.23089341006154301
2020.0,6.0,Asia,Model X,-0.5601232612143526,-0.6492913614921477,0.0393459965393293,60.0,343.0,397.09,Interpolated (Month),13809.0,2020-06-01,0.8626685867606858,2,-0.08916810027779509,-0.3263361779764804,-0.022038607897337758
2021.0,10.0,Middle East,Model S,0.180371913302125,0.2714104701426334,0.1536602747945702,60.0,345.0,550.21,Official (Quarter),7173.0,2021-10-01,0.6645724212751806,4,0.09103855684050843,-0.5601232612143526,0.02771599776322692
2017.0,4.0,Asia,Model S,-2.4156811762175505,-2.392098704188888,1.1730178425796898,75.0,424.0,26.46,Official (Quarter),11323.0,2017-04-01,1.0098584861851088,2,0.023582472028662593,0.180371913302125,-2.8336371216870786
2020.0,2.0,Europe,Model X,0.1221792588874807,0.1430005002537437,-1.3357922343594484,60.0,333.0,519.63,Official (Quarter),9354.0,2020-02-01,0.8543974228809181,1,0.020821241366262996,-2.4156811762175505,-0.16320610522168932
2024.0,10.0,Middle East,Cybertruck,0.4011990604039846,0.3840919793687157,0.3302844184340833,60.0,338.0,583.1,Estimated (Region),10750.0,2024-10-01,1.0445390217816726,4,-0.017107081035268923,0.1221792588874807,0.13250979834183071
2018.0,12.0,Middle East,Model X,0.9480575420647464,0.7909191783037172,-0.237734191200132,75.0,418.0,856.04,Estimated (Region),11479.0,2018-12-01,1.1986781558364075,4,-0.1571383637610292,0.4011990604039846,-0.2253856929739476
2022.0,5.0,Asia,Model Y,-1.2891831979637602,-1.2258450836989356,-0.4480809326076807,75.0,436.0,317.12,Interpolated (Month),11704.0,2022-05-01,1.0516689385201143,2,0.06333811426482461,0.9480575420647464,0.577658409645754
2023.0,12.0,North America,Model 3,-1.2248917500733456,-1.238991259775312,1.2300363099000755,75.0,433.0,331.37,Interpolated (Month),11614.0,2023-12-01,0.9886201701660725,4,-0.014099509701966495,-1.2891831979637602,-1.5066613282872636
2019.0,3.0,Europe,Model Y,0.0101139287701963,-0.1002037571592173,1.365468465380413,75.0,429.0,641.05,Estimated (Region),11516.0,2019-03-01,-0.10093362820843056,1,-0.1103176859294136,-1.2248917500733456,0.01381025079680675
2019.0,7.0,Asia,Model X,-0.4046040275822029,-0.5079699686711028,0.5036266626357009,75.0,419.0,523.54,Estimated (Region),4171.0,2019-07-01,0.7965117084395463,3,-0.1033659410888999,0.0101139287701963,-0.20376937610018792
2024.0,10.0,Asia,Model Y,-0.1962285838267081,-0.1335387036386,1.5379578034128,82.0,478.0,656.05,Official (Quarter),13455.0,2024-10-01,1.4694510166712995,4,0.06268988018810812,-0.4046040275822029,-0.3017912817489285
2019.0,2.0,Middle East,Model 3,-0.2269766676003848,-0.328618566486255,-0.5005868503299059,82.0,467.0,632.48,Official (Quarter),3688.0,2019-02-01,0.6906994635979536,1,-0.10164189888587019,-0.1962285838267081,0.11362153513245463
2021.0,12.0,Middle East,Cybertruck,0.7338374212283049,0.6603964301168385,-0.3060874634093877,60.0,351.0,674.45,Estimated (Region),9138.0,2021-12-01,1.1112074320245389,4,-0.0734409911114664,-0.2269766676003848,-0.2246184348186582
2015.0,8.0,Asia,Model Y,1.387170672320228,1.3533877118572448,-1.3410249826984102,60.0,359.0,828.27,Estimated (Region),13066.0,2015-08-01,1.0249617756737446,3,-0.033782960462983125,0.7338374212283049,-1.8602305268479757
2017.0,6.0,North America,Model S,-0.2145249642540199,-0.134712469359705,0.7162955355249774,82.0,468.0,637.28,Official (Quarter),7158.0,2017-06-01,1.5924655325053994,2,0.07981249489431491,1.387170672320228,-0.15366327415380981
2021.0,2.0,Asia,Model S,0.2883713811022289,0.3096752326506572,1.503568189281648,75.0,412.0,683.32,Official (Quarter),11978.0,2021-02-01,0.9312058269365665,1,0.021303851548428343,-0.2145249642540199,0.4335860353245263
2017.0,12.0,North America,Model Y,0.354695760151234,0.4747066930380236,-0.3708248309676225,82.0,481.0,816.59,Estimated (Region),4505.0,2017-12-01,0.7471892967871493,4,0.1200109328867896,0.2883713811022289,-0.1315299953030137
2020.0,1.0,Asia,Model X,0.1775766329590634,0.0159990492301801,-0.1146428325005775,75.0,421.0,670.72,Official (Quarter),8637.0,2020-01-01,11.099199108912577,1,-0.1615775837288833,0.354695760151234,-0.020357888188342433
2018.0,9.0,Middle East,Model 3,0.4507517573946206,0.396064389723987,-0.4922541161066252,60.0,340.0,596.5,Official (Quarter),9246.0,2018-09-01,1.1380769619524356,3,-0.05468736767063359,0.1775766329590634,-0.2218844079197969
2017.0,1.0,Europe,Model X,0.236531636558179,0.0652972095165911,-1.4813633367780918,120.0,684.0,1113.52,Official (Quarter),6543.0,2017-01-01,3.622385065292563,1,-0.1712344270415879,0.4507517573946206,-0.35038929438540695
2017.0,4.0,Middle East,Cybertruck,1.4654385219259505,1.5733514079923263,-1.1528572809118245,75.0,441.0,1037.83,Interpolated (Month),10005.0,2017-04-01,0.9314120891758835,2,0.10791288606637583,0.236531636558179,-1.6894414697309943
2019.0,10.0,North America,Model 3,-0.0188553402397138,0.0340750413351974,-1.6759656092330102,75.0,448.0,661.79,Interpolated (Month),3535.0,2019-10-01,-0.5533475382827314,4,0.0529303815749112,1.4654385219259505,0.03160090179214763
2019.0,8.0,Middle East,Cybertruck,1.774189941636836,1.5921316595300068,-0.9114023277794522,100.0,581.0,1473.18,Official (Quarter),12959.0,2019-08-01,1.114348760680114,3,-0.18205828210682928,-0.0188553402397138,-1.6170008427307028
2017.0,2.0,Asia,Model X,-2.458118614153121,-2.438579826744647,0.3355897333818494,75.0,412.0,15.39,Official (Quarter),8569.0,2017-02-01,1.008012363259216,1,0.019538787408474256,1.774189941636836,-0.824919370344607
2017.0,8.0,Asia,Model Y,-2.2222985997566584,-2.216268599167355,0.567140835507178,120.0,689.0,121.64,Interpolated (Month),3063.0,2017-08-01,1.0027207896152879,3,0.006030000589303253,-2.458118614153121,-1.260356284612423
2024.0,6.0,Middle East,Model 3,0.896726030310344,0.7010087240670724,-0.6189946805722002,82.0,466.0,940.22,Interpolated (Month),10471.0,2024-06-01,1.2791938238767846,2,-0.19571730624327166,-2.2222985997566584,-0.5550686426927285
2021.0,12.0,North America,Cybertruck,-1.2452210616592474,-1.2781950348602198,-1.131109167659581,60.0,358.0,269.68,Official (Quarter),13255.0,2021-12-01,0.9742027059238434,4,-0.032973973200972395,0.896726030310344,1.408480958605571
2019.0,3.0,Asia,Model X,0.4220366047795341,0.3941863645702189,0.1282654409341435,100.0,573.0,995.56,Official (Quarter),7670.0,2019-03-01,1.0706524697770312,1,-0.027850240209315202,-1.2452210616592474,0.05413271120239579
2023.0,1.0,Asia,Model 3,-0.8292325233327293,-0.7215953299122172,-0.3516950800111296,120.0,697.0,696.2,Estimated (Region),12357.0,2023-01-01,1.1491655904059224,1,0.10763719342051215,0.4220366047795341,0.29163699864133513
2019.0,10.0,Asia,Model S,-0.5240387331493767,-0.4840251479605603,-0.4961682396979364,82.0,483.0,569.46,Estimated (Region),5804.0,2019-10-01,1.0826684013370247,4,0.04001358518881637,-0.8292325233327293,0.26001137576026284
2025.0,4.0,Middle East,Model 3,1.123906087282798,1.0820130771377632,0.4955911532895767,82.0,490.0,1054.36,Interpolated (Month),13075.0,2025-04-01,1.0387176560341154,2,-0.04189301014503477,-0.5240387331493767,0.5569979139856575
2015.0,6.0,Middle East,Model 3,-0.2600117989274754,-0.2187540949908247,-0.4514731730534837,100.0,573.0,764.87,Estimated (Region),11969.0,2015-06-01,1.1886031159251267,2,0.04125770393665068,1.123906087282798,0.11738835189313171
2018.0,2.0,North America,Model S,-0.5451303939197499,-0.567597267303238,-1.1025561952214793,100.0,557.0,649.77,Estimated (Region),12927.0,2018-02-01,0.960417580073575,1,-0.022466873383488073,-0.2600117989274754,0.6010368930197457
2025.0,2.0,Middle East,Model Y,-0.6053559794929844,-0.5049181777962297,0.2538558743533314,82.0,469.0,530.44,Estimated (Region),4795.0,2025-02-01,1.198918965712675,1,0.10043780169675465,-0.5451303939197499,-0.1536731714692089
2023.0,3.0,Asia,Cybertruck,-0.4589849360744905,-0.424397849328425,0.3745058139950422,75.0,426.0,518.61,Estimated (Region),13853.0,2023-03-01,1.0814968473586677,1,0.034587086746065476,-0.6053559794929844,-0.17189252709603944
2019.0,7.0,North America,Model 3,0.4133966473555258,0.4610910106732053,0.9838744678267872,120.0,702.0,1216.11,Official (Quarter),13013.0,2019-07-01,0.8965619319967993,3,0.04769436331767951,-0.4589849360744905,0.40673040641829594
2022.0,7.0,Asia,Model S,0.785423049377531,0.7263620636429409,-0.1217742414260545,60.0,332.0,648.05,Estimated (Region),10307.0,2022-07-01,1.0813106695555936,3,-0.05906098573459018,0.4133966473555258,-0.09564429603648739
2018.0,6.0,Asia,Model S,0.4939515445146621,0.4571002072214483,1.5979003074427331,60.0,346.0,615.85,Interpolated (Month),10261.0,2018-06-01,1.080619821892491,2,-0.036851337293213826,0.785423049377531,0.7892853248417915
2015.0,6.0,Middle East,Cybertruck,1.15770356779436,1.0343581888608993,-0.4223501054078597,75.0,413.0,896.91,Official (Quarter),6864.0,2015-06-01,1.1192482258677687,2,-0.12334537893346065,0.4939515445146621,-0.48895622388900317
2017.0,9.0,Middle East,Model 3,0.1669037443764649,0.2636636163833402,-0.1961669442077572,75.0,439.0,696.63,Estimated (Region),7670.0,2017-09-01,0.6330177317063109,3,0.09675987200687527,1.15770356779436,-0.032740997511163765
2025.0,1.0,Europe,Cybertruck,0.0619536733142462,0.0967541308422057,0.818965855256581,100.0,575.0,876.82,Interpolated (Month),12767.0,2025-01-01,0.6403207054310183,1,0.0348004575279595,0.1669037443764649,0.05073794305208846
2024.0,11.0,Asia,Model S,-0.8221172642776636,-0.8392066551669407,-1.5118641759278573,120.0,673.0,675.05,Estimated (Region),12514.0,2024-11-01,0.9796362543313273,4,-0.01708939088927708,0.0619536733142462,1.2429296402732144
2025.0,10.0,North America,Model X,1.5528545617453289,1.3911829680768266,-0.263244336384138,82.0,473.0,1137.54,Official (Quarter),13663.0,2025-10-01,1.1162115964458632,4,-0.16167159366850226,-0.8221172642776636,-0.4087801686077306
2017.0,8.0,Middle East,Model S,0.6990234751374478,0.8223760996293319,0.8804889196700528,60.0,354.0,672.94,Estimated (Region),9216.0,2017-08-01,0.8500046091472228,3,0.12335262449188411,1.5528545617453289,0.6154824244477775
2016.0,7.0,Europe,Cybertruck,0.9907490963951404,0.9026616749529156,-0.2249555096086891,100.0,554.0,1148.53,Estimated (Region),5647.0,2016-07-01,1.0975863093410048,3,-0.08808742144222481,0.6990234751374478,-0.22287446787391704
2016.0,2.0,Europe,Model Y,0.7592490607106822,0.5470106614580931,-1.3101578312836548,60.0,343.0,664.22,Interpolated (Month),14206.0,2016-02-01,1.3879968238404232,1,-0.21223839925258914,0.9907490963951404,-0.9947361027848594
2015.0,3.0,Europe,Model 3,-0.8411759938894466,-0.7511742260840638,-0.6323633386338507,82.0,457.0,453.25,Official (Quarter),9681.0,2015-03-01,1.1198147709015123,1,0.09000176780538283,0.7592490607106822,0.5319288598745782
2019.0,2.0,Asia,Model 3,0.2449174775873636,0.1324366087637985,1.041406368756039,60.0,352.0,574.78,Interpolated (Month),3765.0,2019-02-01,1.849318552275643,1,-0.11248086882356509,-0.8411759938894466,0.2550586209791449
2018.0,8.0,Middle East,Model 3,-0.982464709411465,-0.9366292100186576,0.8024251417333756,75.0,434.0,394.25,Official (Quarter),5481.0,2018-08-01,1.0489366538033704,3,0.0458354993928074,0.2449174775873636,-0.7883543836975345
2018.0,3.0,Asia,Model Y,1.8793941290938785,1.8146776402515197,-0.2476852602060543,120.0,679.0,1763.84,Estimated (Region),9770.0,2018-03-01,1.035662801704764,1,-0.06471648884235881,-0.982464709411465,-0.4654982238943481
2020.0,1.0,Middle East,Cybertruck,-0.8066161641934134,-0.7990638675051488,-0.5884958295487028,75.0,429.0,434.23,Interpolated (Month),13283.0,2020-01-01,1.0094514305994646,1,0.007552296688264626,1.8793941290938785,0.4746902486743955
2019.0,9.0,Europe,Model 3,0.2698208842800934,0.2498131808743009,0.9717767194823403,60.0,336.0,553.59,Estimated (Region),4974.0,2019-09-01,1.0800906634940923,3,-0.02000770340579247,-0.8066161641934134,0.26220565377353333
2015.0,1.0,North America,Cybertruck,-0.9034345106212712,-0.904702782404601,0.996795797478002,82.0,459.0,438.37,Estimated (Region),9170.0,2015-01-01,0.998598134317705,1,-0.0012682717833297774,0.2698208842800934,-0.9005397234838785
2021.0,8.0,Middle East,Model S,0.0789794717674391,0.252160712316511,-0.575583446465697,120.0,695.0,1066.79,Estimated (Region),4082.0,2021-08-01,0.313210852879827,3,0.1731812405490719,-0.9034345106212712,-0.04545927655994281
2019.0,6.0,Middle East,Model X,0.3211523960344958,0.253099724893395,-0.5186191555861308,120.0,695.0,1166.14,Interpolated (Month),6290.0,2019-06-01,1.2688769067993433,2,-0.0680526711411008,0.0789794717674391,-0.16655578444587288
2018.0,6.0,Middle East,Model X,1.948259672091121,1.6881456955163978,-1.5816901526705804,60.0,335.0,883.85,Interpolated (Month),9495.0,2018-06-01,1.1540826584254953,2,-0.2601139765747231,0.3211523960344958,-3.08154313819174
2017.0,11.0,North America,Model 3,-0.8271995921741391,-0.8288775168212165,0.7874515687413953,100.0,578.0,578.03,Estimated (Region),11006.0,2017-11-01,0.9979756663523552,4,-0.001677924647077389,1.948259672091121,-0.6513796165197683
2022.0,2.0,Middle East,Model S,-1.4106508346895243,-1.4594244621988357,1.093352628933653,75.0,413.0,270.78,Interpolated (Month),10907.0,2022-02-01,0.9665802316100507,1,-0.04877362750931136,-0.8271995921741391,-1.5423387986152435
2024.0,2.0,Middle East,Model X,0.7607737590796249,0.73551743626756,-0.2601642317625055,60.0,345.0,668.4,Interpolated (Month),14340.0,2024-02-01,1.0343381700646417,1,-0.025256322812064802,-1.4106508346895243,-0.19792612057602407
2019.0,10.0,Europe,Model Y,0.1605508345058706,0.1789177313195575,-1.4237081720201858,100.0,570.0,902.37,Official (Quarter),13239.0,2019-10-01,0.8973444572640901,4,0.01836689681368689,0.7607737590796249,-0.22857753511066842
2017.0,5.0,Asia,Cybertruck,-1.7857266334494148,-1.7906611486946735,-0.5069841436307012,60.0,348.0,151.12,Official (Quarter),7008.0,2017-05-01,0.9972443054070527,2,-0.004934515245258675,0.1605508345058706,0.9053350880178866
2015.0,3.0,Asia,Model S,0.5432501251104743,0.6686127901645736,0.5263633716750062,82.0,479.0,866.51,Official (Quarter),12549.0,2015-03-01,0.8125033399028423,1,0.12536266505409932,-1.7857266334494148,0.2859469675160182
2018.0,7.0,Asia,Model Y,1.6755927804452115,1.9031795756228385,1.7147564051323825,75.0,420.0,1040.51,Official (Quarter),7265.0,2018-07-01,0.8804175926997606,3,0.22758679517762692,0.5432501251104743,2.8732334526620043
2023.0,4.0,North America,Model X,0.6527742912795209,0.5350382511028219,-0.7306712123005732,100.0,596.0,1116.7,Official (Quarter),12908.0,2023-04-01,1.2200516316992687,2,-0.11773604017669903,1.6755927804452115,-0.47696338276785505
2022.0,8.0,North America,Model Y,1.968588983677023,1.9550600204956805,1.1343890462123098,120.0,684.0,1812.84,Official (Quarter),4228.0,2022-08-01,1.0069199733202627,3,-0.013528963181342446,0.6527742912795209,2.2331457795774385
2018.0,6.0,Asia,Model Y,-0.6045936303085131,-0.709622919556946,-0.1977678828855497,100.0,558.0,631.35,Official (Quarter),5213.0,2018-06-01,0.8519928170950171,2,-0.10502928924843291,1.968588983677023,0.11956920227220334
2019.0,8.0,Middle East,Model S,0.5170761364436256,0.3737628410229915,1.6041624081572634,82.0,485.0,869.87,Estimated (Region),13365.0,2019-08-01,1.3834337705385173,3,-0.1433132954206341,-0.6045936303085131,0.8294741002380601
2019.0,11.0,Europe,Model 3,-0.0440128633272675,0.1040314783130569,0.1605605640413225,120.0,676.0,988.55,Interpolated (Month),11428.0,2019-11-01,-0.42307255497054186,4,0.1480443416403244,0.5170761364436256,-0.007066730160899707
2022.0,12.0,Europe,Model 3,0.8052441281737853,0.979895459401626,0.8014643797140734,120.0,715.0,1404.01,Interpolated (Month),6991.0,2022-12-01,0.82176534287189,4,0.1746513312278407,-0.0440128633272675,0.6453744857052026
2019.0,1.0,Asia,Model 3,0.6220262075058443,0.7669743575931747,-0.9006182338669849,75.0,419.0,777.45,Official (Quarter),9058.0,2019-01-01,0.8110130428060346,1,0.14494815008733042,0.8052441281737853,-0.5602081444228921
2016.0,8.0,Middle East,Cybertruck,1.1175531774122036,0.9397526717398342,0.6861818839660224,60.0,353.0,758.24,Estimated (Region),6801.0,2016-08-01,1.1891992553138413,3,-0.17780050567236938,0.6220262075058443,0.7668447447089204
2015.0,1.0,Middle East,Cybertruck,-0.2844069728305577,-0.3079602897948066,0.8937243732717074,60.0,336.0,443.67,Interpolated (Month),3923.0,2015-01-01,0.9235183309512326,1,-0.023553316964248894,1.1175531774122036,-0.2541814435470937
2017.0,11.0,North America,Cybertruck,-0.0335940911394927,-0.036820408219546,1.1813838779179693,60.0,340.0,499.29,Interpolated (Month),13317.0,2017-11-01,0.9123769334436489,4,-0.0032263170800532967,-0.2844069728305577,-0.03968751766550358
2015.0,2.0,Middle East,Model S,-1.2314987763387637,-1.293453989234585,1.3866067208997623,60.0,357.0,271.82,Interpolated (Month),10597.0,2015-02-01,0.9521009534073307,1,-0.0619552128958214,-0.0335940911394927,-1.707604480051163
2025.0,5.0,Middle East,Model Y,-0.1550617278652567,-0.0156926252396555,-1.2469846220672431,60.0,346.0,483.29,Interpolated (Month),10117.0,2025-05-01,9.881184664590945,2,0.1393691026256012,-1.2314987763387637,0.19335959011915085
2017.0,3.0,North America,Cybertruck,1.6262941998493994,1.4794501503039246,-0.5340052647788456,82.0,488.0,1194.77,Estimated (Region),6486.0,2017-03-01,1.099255827927226,1,-0.1468440495454748,-0.1550617278652567,-0.8684496647988793
2018.0,11.0,North America,Model S,-0.1474382360205435,-0.2149980446832887,-0.7296194935044823,82.0,466.0,653.01,Official (Quarter),7719.0,2018-11-01,0.6857654739964412,4,-0.06755980866274519,1.6262941998493994,0.10757381108850328
2022.0,9.0,North America,Model 3,0.5196173003918634,0.4364419305299998,0.8556358502178201,75.0,414.0,743.15,Official (Quarter),5631.0,2022-09-01,1.1905760286617244,3,-0.08317536986186358,-0.1474382360205435,0.4446031906086804
2022.0,11.0,Asia,Model S,0.6886047029496731,0.732935151681129,0.401552283753111,120.0,691.0,1309.31,Interpolated (Month),4102.0,2022-11-01,0.9395165470918193,4,0.04433044873145586,0.5196173003918634,0.2765107910725738
2017.0,3.0,Middle East,Model X,0.3811238652129065,0.5521752306309552,-0.9393881871994352,82.0,477.0,817.24,Estimated (Region),5664.0,2017-03-01,0.6902226758295675,1,0.17105136541804872,0.6886047029496731,-0.3580232568407941
2022.0,2.0,Europe,Model S,-1.73490335448466,-1.7106103265153108,0.8266753118946545,60.0,347.0,161.09,Interpolated (Month),3801.0,2022-02-01,1.0142013804037044,1,0.02429302796934918,0.3811238652129065,-1.4342017716756885
2025.0,10.0,North America,Model 3,-1.1069817428751143,-1.1584709313075072,-1.0447250812888018,100.0,573.0,478.4,Estimated (Region),8899.0,2025-10-01,0.9555541817745227,4,-0.05148918843239292,-1.73490335448466,1.1564915913104232
2016.0,1.0,Europe,Model S,-0.266110592403246,-0.3659443164173948,-1.3711903255403493,82.0,477.0,635.01,Official (Quarter),11477.0,2016-01-01,0.7271887564984647,1,-0.09983372401414875,-1.1069817428751143,0.3648882698271421
2018.0,4.0,North America,Cybertruck,-1.0688642836515485,-1.049545472388961,-1.1273690051167726,75.0,423.0,362.68,Official (Quarter),10965.0,2018-04-01,1.018406835883551,2,0.0193188112625875,-0.266110592403246,1.205004464065098
2020.0,11.0,Europe,Cybertruck,0.0545842978643568,-0.0638170198049615,1.3790155577746703,100.0,584.0,888.0,Official (Quarter),5998.0,2020-11-01,-0.8553250846118813,4,-0.1184013176693183,-1.0688642836515485,0.07527259596515473
2015.0,8.0,Asia,Cybertruck,0.0761841914243776,0.110839319495466,-0.3467863962539496,60.0,331.0,507.52,Official (Quarter),7022.0,2015-08-01,0.6873390397122927,3,0.03465512807108839,0.0545842978643568,-0.02641964119558096
2022.0,1.0,Europe,Model 3,-1.3173901177891991,-1.236408975188881,-1.2688768744739596,120.0,700.0,497.49,Estimated (Region),3052.0,2022-01-01,1.0654970517242865,1,0.08098114260031819,0.0761841914243776,1.6716058551232404
2017.0,8.0,Europe,Model S,1.032932417935887,1.1937555737869616,1.122786838340313,75.0,444.0,931.53,Official (Quarter),8821.0,2017-08-01,0.8652796607760381,3,0.16082315585107465,-1.3173901177891991,1.1597629237534492
2025.0,7.0,Asia,Model X,1.5858896930724191,1.7801689280510318,-0.6563898445899118,82.0,467.0,1132.22,Estimated (Region),7278.0,2025-07-01,0.8908647196806688,3,0.19427923497861266,1.032932417935887,-1.040961889172548
2020.0,8.0,Europe,Model 3,0.297265454921061,0.1157691355241071,-0.0038624486877763,100.0,557.0,926.74,Official (Quarter),5195.0,2020-08-01,2.567743583601003,3,-0.18149631939695388,1.5858896930724191,-0.001148172566281077
2017.0,5.0,Europe,Cybertruck,-0.3433619764296733,-0.4739307627590571,0.0212903307994482,75.0,439.0,564.4,Interpolated (Month),13351.0,2017-05-01,0.7244981828795866,2,-0.1305687863293838,0.297265454921061,-0.00731029006214008
2022.0,4.0,Middle East,Model Y,1.2898440931027224,1.3881311772019536,0.714143388839215,120.0,689.0,1550.04,Official (Quarter),13978.0,2022-04-01,0.9291946714305864,2,0.09828708409923115,-0.3433619764296733,0.9211336317226222
2022.0,7.0,Middle East,Model 3,1.0522452639424935,1.0068920709870417,-0.2011725491205315,100.0,581.0,1225.59,Official (Quarter),12293.0,2022-07-01,1.0450427550899202,3,-0.045353192955451815,1.2898440931027224,-0.21168286204731793
2023.0,8.0,Europe,Model S,0.0383208485956352,0.1143606166587811,-1.2672893556484803,60.0,354.0,534.88,Interpolated (Month),10273.0,2023-08-01,0.3350878100804011,3,0.0760397680631459,1.0522452639424935,-0.0485636035246655
2015.0,7.0,Europe,Model X,-0.8249125446207252,-0.706571128682073,1.2762855942550086,100.0,590.0,590.83,Estimated (Region),6094.0,2015-07-01,1.1674869112744357,3,0.11834141593865222,0.0383208485956352,-1.0528239972196736
2025.0,11.0,Middle East,Cybertruck,0.6769153487877795,0.8557110461087145,1.077991371319295,82.0,487.0,919.41,Estimated (Region),3139.0,2025-11-01,0.7910559900634732,4,0.17879569732093503,-0.8249125446207252,0.7297089051068173
2023.0,5.0,Europe,Model 3,-0.1710710607391545,-0.0199181818356336,1.2760152090824786,100.0,564.0,782.47,Estimated (Region),4911.0,2023-05-01,8.588688573628172,2,0.15115287890352092,0.6769153487877795,-0.21828927533703363
2019.0,2.0,North America,Model S,-0.0864503012628377,-0.0487928185748172,-1.4576584102459769,120.0,700.0,1006.11,Interpolated (Month),14190.0,2019-02-01,1.7717833031161714,1,0.0376574826880205,-0.1710710607391545,0.12601500870407378
2025.0,11.0,Middle East,Model 3,-1.3410229425078102,-1.3683402422410855,-0.9607749585023594,82.0,480.0,334.44,Interpolated (Month),4017.0,2025-11-01,0.9800361789487864,4,-0.027317299733275346,-0.0864503012628377,1.2884212619386533
2015.0,10.0,Asia,Model S,-0.0559563338839848,-0.1607700683682365,0.1503883159880183,100.0,593.0,862.99,Estimated (Region),11786.0,2015-10-01,0.3480519380996926,4,-0.10481373448425171,-1.3410229425078102,-0.008415178821675761
2019.0,9.0,Middle East,Cybertruck,-0.0196176894241851,0.0838427079100505,-1.0359902485276968,75.0,442.0,652.72,Official (Quarter),13201.0,2019-09-01,-0.23398205894341664,3,0.1034603973342356,-0.0559563338839848,0.020323734942100692
2019.0,2.0,Asia,Model X,-1.5051821335639683,-1.5199907734078548,1.6848843109150629,120.0,698.0,418.7,Estimated (Region),11612.0,2019-02-01,0.9902574146481922,1,-0.014808639843886473,-0.0196176894241851,-2.5360577619115907
2017.0,11.0,Middle East,Cybertruck,1.430878692229917,1.3360159791848905,0.0414181211427796,100.0,580.0,1353.11,Official (Quarter),13927.0,2017-11-01,1.0710041754911515,4,-0.09486271304502658,-1.5051821335639683,0.05926430701540075
2017.0,7.0,Europe,Model 3,-0.263823544849832,-0.3941146937239154,-1.089099065540876,100.0,583.0,776.91,Interpolated (Month),13580.0,2017-07-01,0.669408040479316,3,-0.13029114887408338,1.430878692229917,0.2873299761636334
2015.0,10.0,North America,Model S,0.2799855400730444,0.3195348647079394,0.5788046752935024,100.0,558.0,922.71,Interpolated (Month),13972.0,2015-10-01,0.8762284526571339,4,0.03954932463489502,-0.263823544849832,0.16205693960885437
2016.0,4.0,North America,Model 3,-1.372787491860782,-1.3298407265888408,-0.3282908575771406,82.0,468.0,317.3,Interpolated (Month),11611.0,2016-04-01,1.0322946683864191,2,0.0429467652719413,0.2799855400730444,0.45067358297414806
2025.0,3.0,Europe,Model Y,0.2571150645389047,0.1296195710331464,1.6692621117279516,82.0,466.0,764.29,Interpolated (Month),4283.0,2025-03-01,1.983612987526051,1,-0.1274954935057583,-1.372787491860782,0.4291924355892806
2019.0,6.0,North America,Model S,0.16792020995576,0.2939467719878498,0.73646507651995,75.0,416.0,660.38,Interpolated (Month),11831.0,2019-06-01,0.5712606021157496,2,0.12602656203208978,0.2571150645389047,0.12366737027431486
2025.0,5.0,Asia,Model S,0.1630919984541083,0.012242998922644,-0.216504481872427,100.0,579.0,917.48,Official (Quarter),9264.0,2025-05-01,13.32124583891468,2,-0.1508489995314643,0.16792020995576,-0.03531014862284538
2025.0,7.0,Asia,Model Y,-0.5153987757253684,-0.4168857487133529,-1.580712491577995,120.0,678.0,802.82,Interpolated (Month),11152.0,2025-07-01,1.2363070153298819,3,0.09851302701201553,0.1630919984541083,0.8146972829330954
2019.0,6.0,Europe,Cybertruck,-2.235258535892671,-2.2265977375130794,-0.6367247906355975,120.0,667.0,112.66,Interpolated (Month),10866.0,2019-06-01,1.0038897005209684,2,0.008660798379591661,-0.5153987757253684,1.4232445232826931
2024.0,3.0,Europe,Model S,-0.4508532114401297,-0.4699399593073,-1.579982849237418,82.0,483.0,590.32,Official (Quarter),11144.0,2024-03-01,0.9593847097078008,1,-0.019086747867170295,-2.235258535892671,0.7123403415990162
2020.0,3.0,North America,Model Y,0.7605196426848011,0.8906892645976443,-1.0847132589923385,100.0,553.0,1071.3,Official (Quarter),14982.0,2020-03-01,0.853855180379158,1,0.1301696219128432,-0.4508532114401297,-0.8249457401443194
2015.0,1.0,Middle East,Model 3,0.387222658688677,0.4920784257103779,0.2178021985353588,100.0,588.0,1009.54,Estimated (Region),8925.0,2015-01-01,0.7869124888571811,1,0.10485576702170091,0.7605196426848011,0.0843379463851007
2025.0,12.0,North America,Model X,-0.9222391238382306,-0.8936693846262138,-0.8504046257324581,82.0,461.0,435.16,Estimated (Region),8860.0,2025-12-01,1.031969025350428,4,0.028569739212016776,0.387222658688677,0.7842764169434806
2017.0,4.0,Europe,Model 3,2.0285604528554337,2.02736398891575,0.9049453579316996,120.0,676.0,1815.57,Official (Quarter),7236.0,2017-04-01,1.0005901574390317,2,-0.0011964639396837562,-0.9222391238382306,1.835736365095351
2017.0,9.0,Middle East,Model Y,0.3933214521644476,0.2765750393154955,1.7290157437623668,75.0,449.0,772.5,Estimated (Region),10794.0,2017-09-01,1.422114783524542,3,-0.1167464128489521,2.0285604528554337,0.6800589831518065
2024.0,12.0,North America,Model X,0.9696574356247672,0.9587676764217355,-1.2671993929348262,120.0,677.0,1395.09,Interpolated (Month),10949.0,2024-12-01,1.0113580791998265,4,-0.010889759203031701,0.3933214521644476,-1.2287493137784453
2025.0,1.0,Asia,Model X,0.532323120133052,0.5127367024018264,-0.5928731865605988,82.0,457.0,823.77,Official (Quarter),5011.0,2025-01-01,1.0381997575743582,1,-0.019586417731225603,0.9696574356247672,-0.31560010451316306
2021.0,4.0,North America,Cybertruck,-0.0689162700199973,-0.1483281517245233,1.3438505743987634,120.0,694.0,1004.67,Interpolated (Month),5653.0,2021-04-01,0.4646202977570257,2,-0.079411881704526,0.532323120133052,-0.09261316905179365
2018.0,12.0,Middle East,Cybertruck,0.5996639647613522,0.6237749396183617,1.2499399390066226,100.0,583.0,1074.06,Interpolated (Month),8224.0,2018-12-01,0.9613466759793827,4,0.024110974857009526,-0.0689162700199973,0.749543939538274
2024.0,9.0,Asia,Model 3,0.4144131129348208,0.4836273125184218,-0.3810154691889117,120.0,689.0,1194.0,Official (Quarter),14878.0,2024-09-01,0.8568852548397697,3,0.06921419958360098,0.5996639647613522,-0.1578978066628982
2018.0,4.0,Middle East,Model X,0.9104483156308278,0.8183852961775747,-1.39875619328609,100.0,558.0,1130.37,Estimated (Region),14848.0,2018-04-01,1.1124934916148312,2,-0.09206301945325313,0.4144131129348208,-1.2734952201555092
2015.0,12.0,Europe,Model S,0.3033642483968316,0.3770493850420855,-1.4989850939598504,60.0,339.0,565.25,Official (Quarter),11498.0,2015-12-01,0.8045743089143899,4,0.07368513664525389,0.9104483156308278,-0.45473848638718406
2023.0,8.0,Asia,Cybertruck,0.6431178682762175,0.68880156056758,-0.3023244374144899,60.0,344.0,642.57,Interpolated (Month),7974.0,2023-08-01,0.9336765551841686,3,0.04568369229136249,0.3033642483968316,-0.19443024771781348
2022.0,6.0,Middle East,Cybertruck,-1.3504252491162898,-1.3674012296642015,-0.6261867273488697,120.0,686.0,474.16,Estimated (Region),10514.0,2022-06-01,0.9875852235761989,2,-0.016975980547911718,0.6431178682762175,0.8456183672734117
2025.0,11.0,Europe,Model X,-0.584518435117435,-0.518064353872606,-1.08799764358807,100.0,595.0,680.26,Official (Quarter),12934.0,2025-11-01,1.1282737960025142,4,0.06645408124482899,-1.3504252491162898,0.6359546800415554
2024.0,6.0,Middle East,Model X,-0.8241501954362538,-0.8964864223568658,1.2592279679019662,75.0,429.0,429.79,Estimated (Region),14004.0,2024-06-01,0.919311408274941,2,-0.07233622692061203,-0.584518435117435,-1.0377929758452022
2023.0,9.0,Europe,Model S,-0.7634163770733718,-0.759390586131799,-0.5036883273089255,120.0,713.0,739.88,Estimated (Region),4990.0,2023-09-01,1.0053013442819716,3,0.004025790941572849,-0.8241501954362538,0.38452391800832664
2022.0,1.0,Asia,Model Y,-0.2178284773867289,-0.1699254409928557,0.4524557717028423,82.0,473.0,643.16,Estimated (Region),14836.0,2022-01-01,1.2819062061218203,1,0.047903036393873194,-0.7634163770733718,-0.09855775183486755
2019.0,5.0,Europe,Model S,1.1660894088235445,1.073092457657365,0.6774087797742463,120.0,705.0,1534.54,Estimated (Region),6649.0,2019-05-01,1.086662570874087,2,-0.09299695116617945,-0.2178284773867289,0.7899192035388295
2016.0,12.0,Europe,Cybertruck,-0.2711929202997215,-0.22931798648077,-1.0345955779502722,120.0,683.0,907.19,Interpolated (Month),3473.0,2016-12-01,1.1826064080780816,4,0.041874933818951465,1.1660894088235445,0.28057499611351244
2018.0,12.0,Asia,Cybertruck,1.2898440931027224,1.0552512186965686,1.3872384480216104,100.0,555.0,1248.58,Interpolated (Month),6934.0,2018-12-01,1.2223099772354868,4,-0.23459287440615384,-0.2711929202997215,1.7893213179056622
2025.0,11.0,Middle East,Model Y,1.3571849377310226,1.552458378156657,1.229776859422023,60.0,358.0,819.62,Interpolated (Month),9976.0,2025-11-01,0.8742166339702476,4,0.19527344042563444,1.2898440931027224,1.6690346303777308
2017.0,8.0,Middle East,Cybertruck,1.1089132199881953,1.0904641903297194,0.7574989554101975,75.0,422.0,904.3,Official (Quarter),5427.0,2017-08-01,1.0169185103207263,3,-0.018449029658475835,1.3571849377310226,0.8400006057816165
2025.0,3.0,Asia,Model 3,0.5945816368648766,0.6249487053394668,1.094020142328336,100.0,589.0,1083.35,Official (Quarter),13681.0,2025-03-01,0.9514087024820781,1,0.030367068474590142,1.1089132199881953,0.6504842869887273
2020.0,1.0,Middle East,Model Y,-0.1535370294963141,-0.0680425764009396,0.677489795919692,120.0,719.0,1004.95,Official (Quarter),6334.0,2020-01-01,2.256484654425783,1,0.0854944530953745,0.5945816368648766,-0.10401977077957357
2019.0,10.0,Middle East,Model Y,-0.0968690734506125,-0.2051384126260065,-0.1322223419991275,60.0,339.0,485.16,Interpolated (Month),3421.0,2019-10-01,0.47221323500839013,4,-0.10826933917539398,-0.1535370294963141,0.012808255758925488
2020.0,11.0,Middle East,Model S,-0.9750953339615755,-1.05165825068695,-0.6577273565371143,60.0,349.0,318.55,Estimated (Region),10989.0,2020-11-01,0.9271979117975225,4,-0.07656291672537452,-0.0968690734506125,0.6413468763782217
2025.0,12.0,Europe,Model S,0.3689262782613653,0.1824390284828725,-0.1041773358226533,60.0,341.0,581.78,Official (Quarter),4642.0,2025-12-01,2.02218944778036,4,-0.18648724977849282,-0.9750953339615755,-0.03843375678423589
2021.0,5.0,Europe,Model X,0.7478138229436124,0.7439685494595162,1.193833524611958,60.0,354.0,683.13,Official (Quarter),7926.0,2021-05-01,1.0051685968269624,2,-0.0038452734840962455,0.3689262782613653,0.8927652119983155
2025.0,9.0,Asia,Model X,0.5493489185862449,0.6803504473756239,-0.9819514854523792,75.0,442.0,801.17,Interpolated (Month),7795.0,2025-09-01,0.8074499262921002,3,0.13100152878937898,0.7478138229436124,-0.5394339866374213
2020.0,6.0,North America,Model S,0.6382896567745658,0.5035813297772073,-0.9920611075282229,100.0,583.0,1087.35,Interpolated (Month),7860.0,2020-06-01,1.2675006379941762,2,-0.13470832699735857,0.5493489185862449,-0.633222343823585
2025.0,7.0,Europe,Model 3,1.5863979258620668,1.601052279010405,1.4911568140183296,60.0,357.0,865.64,Interpolated (Month),9152.0,2025-07-01,0.9908470489437136,3,0.014654353148338073,0.6382896567745658,2.3655680768937657
2021.0,9.0,North America,Model Y,0.4842951215113587,0.3237604213039174,1.6950143112851597,120.0,678.0,1202.91,Official (Quarter),4563.0,2021-09-01,1.4958441169581553,3,-0.16053470020744126,1.5863979258620668,0.8208871618473383
2015.0,9.0,North America,Model S,-0.2536588890568811,-0.3797947519264341,1.7333409124597117,120.0,690.0,923.63,Official (Quarter),10144.0,2015-09-01,0.6678841341810184,3,-0.12613586286955297,0.4842951215113587,-0.43967733021137106
2022.0,2.0,North America,Cybertruck,0.1648708132178747,0.1476955631381638,-1.694489975740714,60.0,346.0,548.63,Estimated (Region),10938.0,2022-02-01,1.116288192514247,1,-0.017175250079710908,-0.2536588890568811,-0.27937194028990825
2018.0,12.0,Middle East,Model 3,-0.3992675832909036,-0.2854239879495902,-1.4283658548359544,75.0,441.0,552.42,Estimated (Region),13170.0,2018-12-01,1.3988578400825225,4,0.11384359534131344,0.1648708132178747,0.5703001829155971
2025.0,9.0,Europe,Model X,-0.9156320975728124,-0.8939041377704348,1.2618662114604018,60.0,354.0,335.54,Estimated (Region),6384.0,2025-09-01,1.0243068119771448,3,0.021727959802377628,-0.3992675832909036,-1.1554052060557458
2018.0,8.0,Middle East,Model X,-0.2691599891411313,-0.2635919455370367,-0.6488280063272822,120.0,685.0,910.67,Official (Quarter),10742.0,2018-08-01,1.0211237243715865,3,0.00556804360409463,-0.9156320975728124,0.17463853913751315
2022.0,12.0,Middle East,Cybertruck,1.01361957192928,0.7918581908806012,1.6693933280616793,60.0,347.0,724.07,Interpolated (Month),9683.0,2022-12-01,1.2800518875760631,4,-0.22176138104867882,-0.2691599891411313,1.6921297505714754
2022.0,11.0,North America,Cybertruck,0.1392050573406736,0.0242154092779152,-0.7054120680579784,75.0,439.0,689.45,Official (Quarter),4011.0,2022-11-01,5.748614683445825,4,-0.1149896480627584,1.01361957192928,-0.09819692738281403
2024.0,3.0,North America,Model S,-1.5285608418877554,-1.4648237845159189,-0.2318950643492459,82.0,484.0,283.65,Estimated (Region),6160.0,2024-03-01,1.0435117575544417,1,0.06373705737183655,0.1392050573406736,0.3544657147912985
2015.0,5.0,Middle East,Model Y,-1.6009840144125311,-1.6441751867007663,1.273555399856651,60.0,354.0,192.33,Interpolated (Month),14996.0,2015-05-01,0.9737307966708199,2,-0.04319117228823521,-1.5285608418877554,-2.0389418366392573
2025.0,5.0,Middle East,Model 3,-0.7674822393905523,-0.853996103252864,0.7934860289981713,120.0,716.0,741.27,Official (Quarter),10328.0,2025-05-01,0.8986952475160236,2,-0.08651386386231175,-1.6009840144125311,-0.6089864344606333
2016.0,1.0,Asia,Model Y,0.1417462212889113,0.0537943054497618,-0.1254373640759545,82.0,486.0,763.99,Interpolated (Month),11726.0,2016-01-01,2.6349670305026485,1,-0.08795191583914949,-0.7674822393905523,-0.017780272366207977
2015.0,6.0,North America,Model Y,-0.7410541343288797,-0.7208910704795543,0.2166222455949437,75.0,445.0,467.65,Official (Quarter),7841.0,2015-06-01,1.0279696401786644,2,0.020163063849325424,0.1417462212889113,-0.16052881068573896
2021.0,1.0,Europe,Model S,1.6697481033642647,1.6125551830772342,0.8071886922729471,100.0,576.0,1425.0,Official (Quarter),3890.0,2021-01-01,1.0354672639344282,1,-0.05719292028703049,-0.7410541343288797,1.3478017879798345
2021.0,1.0,North America,Model Y,-2.1694423896333137,-2.148190187343264,0.7505072123550898,75.0,446.0,92.66,Interpolated (Month),11465.0,2021-01-01,1.0098930729761562,1,0.02125220229004965,1.6697481033642647,-1.6281821602086628
2021.0,11.0,Europe,Model Y,0.017229187825262,0.0385353510753965,0.2093258221891723,82.0,479.0,717.78,Estimated (Region),5129.0,2021-11-01,0.4471008397342005,4,0.021306163250134496,-2.1694423896333137,0.003606513907174646
2017.0,6.0,Europe,Model 3,-1.1214663773800695,-1.092505297781405,1.2783328672801022,82.0,489.0,404.09,Official (Quarter),4270.0,2017-06-01,1.0265088687967712,2,0.028961079598664563,0.017229187825262,-1.4336073297544933
2017.0,8.0,Europe,Model X,-0.6162829844704066,-0.618538699599196,-1.4716289735354466,60.0,341.0,383.47,Official (Quarter),12642.0,2017-08-01,0.9963531544101427,3,-0.002255715128789415,-1.1214663773800695,0.9069398958435462
2022.0,1.0,Middle East,Model 3,-0.5464009758938688,-0.5086742281037658,1.1459405568644578,75.0,418.0,487.3,Interpolated (Month),10131.0,2022-01-01,1.0741668158238342,1,0.03772674779010299,-0.6162829844704066,-0.6261430385871033
2023.0,10.0,North America,Model 3,0.4355047737051941,0.396533896012429,-1.1545377446403604,120.0,661.0,1153.71,Interpolated (Month),4600.0,2023-10-01,1.098278805632151,4,-0.03897087769276508,-0.5464009758938688,-0.5028066992137054
2024.0,2.0,Middle East,Cybertruck,0.0850782652432097,0.1253940144371683,0.23010323279077,120.0,711.0,1093.91,Estimated (Region),12859.0,2024-02-01,0.6784874511361961,1,0.0403157491939586,0.4355047737051941,0.019576783872693158
2016.0,9.0,North America,Model Y,1.4550197497381756,1.5214709631194845,-1.15761138785162,82.0,487.0,1143.09,Estimated (Region),8129.0,2016-09-01,0.9563243630722578,3,0.06645121338130888,0.0850782652432097,-1.6843474318459264
2019.0,10.0,Asia,Cybertruck,0.6758988832084843,0.6895058200002431,-0.3635294016249856,100.0,592.0,1117.28,Interpolated (Month),8915.0,2019-10-01,0.980265667965277,4,0.013606936791758728,1.4550197497381756,-0.24570911657177633
2024.0,5.0,Middle East,Model S,0.5074197134403222,0.6289395087912238,0.9026938049325072,60.0,357.0,638.26,Interpolated (Month),3177.0,2024-05-01,0.8067861954093902,2,0.12151979535090163,0.6758988832084843,0.4580446318232069
2022.0,1.0,North America,Model X,0.2179811397360435,0.1955852045592488,-1.578854090548419,60.0,357.0,577.27,Official (Quarter),8643.0,2022-01-01,1.114507307581184,1,-0.022395935176794696,0.5074197134403222,-0.3441604141346588
2023.0,7.0,Middle East,Model 3,0.507673829835146,0.5671994318610996,0.9005391730889096,60.0,333.0,595.4,Official (Quarter),12998.0,2023-07-01,0.8950534879228675,3,0.05952560202595358,0.2179811397360435,0.4571801709186222
2025.0,6.0,Europe,Cybertruck,0.5348642840812898,0.4545179226350172,0.5789463292901399,120.0,710.0,1280.88,Interpolated (Month),7324.0,2025-06-01,1.1767727023402585,2,-0.08034636144627261,0.507673829835146,0.3096577139372613
2016.0,11.0,Asia,Model X,1.4349445545470974,1.604104069885278,1.2486436806794936,100.0,595.0,1389.53,Interpolated (Month),8171.0,2016-11-01,0.8945457975489841,4,0.16915951533818063,0.5348642840812898,1.791734450160684
2024.0,8.0,North America,Model 3,-0.4556814229417814,-0.5614936855534919,0.7796436998530263,100.0,563.0,686.49,Estimated (Region),12840.0,2024-08-01,0.81155217710524,3,-0.1058122626117105,1.4349445545470974,-0.3552691505366221
2020.0,7.0,Europe,Model X,0.7770372083483464,0.930597299115215,-0.4748952886238894,100.0,583.0,1135.1,Estimated (Region),8649.0,2020-07-01,0.8349876032169133,3,0.1535600907668686,-0.4556814229417814,-0.3690113093300893
2023.0,7.0,Europe,Cybertruck,-0.4394179736730599,-0.51665583500728,-1.7148126024583688,120.0,678.0,833.23,Interpolated (Month),11987.0,2023-07-01,0.8505042310552212,3,-0.07723786133422006,0.7770372083483464,0.7535194790012828
2018.0,9.0,North America,Model S,-0.3250655960023616,-0.181663098203906,-0.4244644776945181,60.0,340.0,440.79,Official (Quarter),3749.0,2018-09-01,1.789387053376657,3,0.14340249779845562,-0.4394179736730599,0.13797879842359967
2025.0,9.0,Europe,Cybertruck,0.1165886982013577,0.1037967251688359,-0.8590783236108035,75.0,426.0,663.35,Estimated (Region),12599.0,2025-09-01,1.1232406225891458,3,-0.012791973032521803,-0.3250655960023616,-0.10015882340278827
2017.0,8.0,North America,Model Y,-0.218844942966024,-0.1215662932833287,-1.4947792128386217,75.0,430.0,584.43,Official (Quarter),9728.0,2017-08-01,1.80021070853886,3,0.0972786496826953,0.1165886982013577,0.32712487158046644
2024.0,12.0,Asia,Model Y,1.880918827462821,2.0658635045679947,-0.1653057571718081,82.0,475.0,1234.33,Interpolated (Month),13746.0,2024-12-01,0.9104758486239638,4,0.1849446771051737,-0.218844942966024,-0.3109267109524511
2025.0,3.0,Europe,Model S,0.9444999125372135,1.1604206273075788,-0.2215026313116936,75.0,435.0,889.94,Official (Quarter),10995.0,2025-03-01,0.8139289239701409,1,0.21592071477036523,1.880918827462821,-0.20920921590065725
2022.0,6.0,Europe,Model X,1.2189456189468897,1.1932860674985195,0.1755883134741221,75.0,448.0,989.12,Interpolated (Month),14983.0,2022-06-01,1.021503269121511,2,-0.025659551448370177,0.9444999125372135,0.21403260544755426
2016.0,2.0,North America,Model X,-1.296298457018826,-1.23852175348687,-1.2796664357336651,82.0,490.0,354.34,Estimated (Region),8445.0,2016-02-01,1.0466497284922889,1,0.057776703531956075,1.2189456189468897,1.6588296261403308
2021.0,10.0,Asia,Cybertruck,2.1177553074385784,2.32878702609552,-1.7018167180720811,100.0,570.0,1560.89,Official (Quarter),13886.0,2021-10-01,0.9093812717555539,4,0.2110317186569417,-1.296298457018826,-3.6040313869848526
2020.0,12.0,Middle East,Model Y,-0.7087813521862604,-0.6187734527434171,0.7141463710286184,120.0,716.0,766.08,Estimated (Region),7907.0,2020-12-01,1.1454617987306677,4,0.09000789944284326,2.1177553074385784,-0.5061736305165749
2024.0,2.0,Middle East,Model Y,0.6352402600366805,0.493252191431483,0.7844241494658815,60.0,354.0,659.61,Estimated (Region),11149.0,2024-02-01,1.2878609990421521,1,-0.14198806860519753,-0.7087813521862604,0.4982978006857585
2023.0,3.0,Europe,Cybertruck,-0.53369515615268,-0.6305111099544674,0.2329984416694224,60.0,334.0,391.88,Estimated (Region),11457.0,2023-03-01,0.8464484570164371,1,-0.09681595380178731,0.6352402600366805,-0.1243501397100935
2022.0,7.0,North America,Model X,-0.0773021110491819,0.0317275098929874,1.5863905474422255,100.0,596.0,859.85,Official (Quarter),13911.0,2022-07-01,-2.4364380094722677,3,0.10902962094216931,-0.53369515615268,-0.12263133826575139
2017.0,9.0,North America,Model S,-1.0879230132633313,-1.134760863741186,-0.2568549955884165,75.0,446.0,377.38,Estimated (Region),9084.0,2017-09-01,0.9587244749317181,3,-0.0468378504778546,-0.0773021110491819,0.27943846077228973
2024.0,12.0,Europe,Model S,1.003454916136329,0.9430392157589284,0.9756704647793982,60.0,351.0,730.31,Interpolated (Month),3714.0,2024-12-01,1.0640648865580633,4,-0.06041570037740074,-1.0879230132633313,0.9790413244119043
2025.0,5.0,Middle East,Cybertruck,-0.1293959719880555,-0.1117066612260465,-1.390365803401021,82.0,464.0,655.14,Official (Quarter),3615.0,2025-05-01,1.1583550216957375,2,0.017689310762008997,1.003454916136329,0.17990773455002879
2023.0,2.0,Middle East,Cybertruck,-1.2701244683519772,-1.2713871936778107,-1.3917540125680723,75.0,435.0,321.29,Interpolated (Month),4724.0,2023-02-01,0.999006812926768,1,-0.0012627253258334914,-0.1293959719880555,1.767700825289754
2017.0,1.0,Europe,Model Y,-0.762145795099253,-0.6805135296735414,1.497984536656278,75.0,427.0,443.42,Official (Quarter),13873.0,2017-01-01,1.119956858851686,1,0.08163226542571156,-1.2701244683519772,-1.1416826157362852
2022.0,9.0,North America,Model Y,0.7356162359920713,0.686923535413812,0.2828313236235116,120.0,716.0,1376.55,Official (Quarter),3825.0,2022-09-01,1.07088518309236,3,-0.04869270057825925,-0.762145795099253,0.208055313704583
2022.0,3.0,Asia,Cybertruck,-2.079739302260521,-2.0737734406252053,-0.0800961563942053,82.0,475.0,123.83,Official (Quarter),14831.0,2022-03-01,1.0028768145634641,1,0.005965861635315761,0.7356162359920713,0.1665791244130341
2015.0,8.0,Europe,Model 3,-0.2546753546361762,-0.1572487712049215,-1.2134091456430836,100.0,561.0,750.62,Interpolated (Month),11667.0,2015-08-01,1.6195697599715517,3,0.09742658343125468,-2.079739302260521,0.30902540448543186
2021.0,5.0,Asia,Cybertruck,-0.4198510112716293,-0.4621931055480068,-0.9191833569631946,100.0,574.0,712.05,Interpolated (Month),9621.0,2021-05-01,0.9083887367247205,2,-0.04234209427637747,-0.2546753546361762,0.3859200619650483
2023.0,4.0,Europe,Model 3,-0.4201051276664531,-0.2959878794395353,-0.4713897249807762,60.0,338.0,419.24,Interpolated (Month),9008.0,2023-04-01,1.4193321985411655,2,0.12411724822691778,-0.4198510112716293,0.1980332405937032
2020.0,9.0,Europe,Cybertruck,-1.4833281236091238,-1.5098963882063516,1.4736135878241814,100.0,579.0,354.78,Estimated (Region),7559.0,2020-09-01,0.9824039153913143,3,-0.02656826459722783,-0.4201051276664531,-2.185852478152152
2025.0,10.0,Europe,Model S,-0.9372319911328332,-0.8525875843875379,0.3600228111598401,60.0,343.0,320.74,Official (Quarter),7895.0,2025-10-01,1.099279426882694,4,0.08464440674529528,-1.4833281236091238,-0.3374248961565769
2017.0,9.0,Middle East,Cybertruck,-2.115061481141026,-2.0810507880960563,0.7529864058120366,75.0,434.0,104.09,Official (Quarter),3640.0,2017-09-01,1.0163430384493817,3,0.03401069304496973,-0.9372319911328332,-1.5926125427558637
2022.0,6.0,Asia,Cybertruck,-1.790300728556243,-1.7300948374856542,0.9689963248956996,60.0,338.0,145.86,Interpolated (Month),13130.0,2022-06-01,1.0347991854354561,2,0.06020589107058871,-2.115061481141026,-1.7347948264290929
2015.0,10.0,Europe,Model 3,2.621922234768946,2.487949657877361,0.9471686865927132,75.0,416.0,1262.98,Estimated (Region),3901.0,2015-10-01,1.053848588321472,4,-0.13397257689158515,-1.790300728556243,2.4834026394543343
2019.0,10.0,Europe,Model X,0.054330181469533,0.2272768790290844,0.0111101302410687,100.0,572.0,869.67,Estimated (Region),12041.0,2019-10-01,0.23904843159422487,4,0.1729466975595514,2.621922234768946,0.0006036153921474089
2017.0,7.0,Europe,Model Y,-1.0833489181565037,-1.0704385022246306,0.1283052034595158,60.0,340.0,288.61,Official (Quarter),7245.0,2017-07-01,1.0120608665561284,3,0.012910415931873143,0.054330181469533,-0.13899930336171654
2024.0,2.0,Asia,Model 3,-1.2302281943646447,-1.1763121702683037,0.4489034870924167,60.0,341.0,259.89,Official (Quarter),4692.0,2024-02-01,1.045834792378322,1,0.053916024096341,-1.0833489181565037,-0.5522537263696964
2023.0,1.0,Asia,Model S,0.3519004798081724,0.3784579039074116,0.190498763457074,75.0,413.0,700.47,Estimated (Region),8631.0,2023-01-01,0.9298272705496557,1,0.02655742409923917,-1.2302281943646447,0.06703660626340788
2015.0,10.0,Middle East,Model X,-0.4503449786504822,-0.4908329891429694,0.7866185438348512,60.0,331.0,404.65,Interpolated (Month),6783.0,2015-10-01,0.9175116355500427,4,-0.040488010492487236,0.3519004798081724,-0.35424971132937944
2024.0,9.0,Europe,Model X,0.7076634325614561,0.6221316676088147,0.2172211686333603,100.0,576.0,1097.88,Estimated (Region),12881.0,2024-09-01,1.1374817734023825,3,-0.08553176495264148,-0.4503449786504822,0.15371947782009465
2016.0,3.0,Asia,Model Y,-1.3364488474009824,-1.2488508918325942,-0.0526426177826408,75.0,442.0,309.16,Interpolated (Month),9602.0,2016-03-01,1.0701428458283315,1,0.08759795556838812,0.7076634325614561,0.07035416585978076
2018.0,3.0,Europe,Model 3,-0.4470414655177731,-0.4814428633741292,-0.3138978174555926,100.0,583.0,713.85,Interpolated (Month),3680.0,2018-03-01,0.9285452117510716,1,-0.03440139785635615,-1.3364488474009824,0.14032534033817853
2016.0,9.0,North America,Model S,-0.3207456172903574,-0.4124254389731538,1.3753827540503665,100.0,582.0,756.02,Interpolated (Month),4825.0,2016-09-01,0.7777057062458163,3,-0.09167982168279643,-0.4470414655177731,-0.4411479904583966
2015.0,7.0,North America,Model X,1.5678474290399314,1.5205319505426005,-1.2911250014827558,100.0,564.0,1361.38,Interpolated (Month),7356.0,2015-07-01,1.0311177140871302,3,-0.047315478497330865,-0.3207456172903574,-2.024287014143916
2015.0,11.0,North America,Model X,-0.4333191801972893,-0.4506902014811776,0.8312067486923667,82.0,460.0,566.97,Interpolated (Month),4325.0,2015-11-01,0.9614568472383046,4,-0.017371021283888288,1.5678474290399314,-0.3601778269178306
2018.0,6.0,Middle East,Model S,-1.2561480666366698,-1.2657531182165065,1.1845713413581058,75.0,417.0,311.44,Official (Quarter),9068.0,2018-06-01,0.9924115916116639,2,-0.00960505157983671,-0.4333191801972893,-1.4879970002401912
2024.0,7.0,Asia,Cybertruck,1.0151442702982227,0.8582933306951456,0.1711587681476759,75.0,413.0,862.16,Interpolated (Month),12170.0,2024-07-01,1.1827474757097798,3,-0.15685093960307717,-1.2561480666366698,0.17375084279641512
2020.0,12.0,Middle East,Cybertruck,0.8425992382128802,0.9146340853081868,-0.1176727369339273,82.0,476.0,945.19,Official (Quarter),8395.0,2020-12-01,0.9212418952536255,4,0.07203484709530661,1.0151442702982227,-0.0991509584989518
2022.0,3.0,Asia,Model Y,-0.961118932246268,-1.0119849693136005,0.7610005428007736,82.0,489.0,450.37,Official (Quarter),9333.0,2022-03-01,0.9497363709840143,1,-0.050866037067332504,0.8425992382128802,-0.7314120291355098
2022.0,1.0,Middle East,Model S,0.7638231558175101,0.7672091107373957,1.1499014014230813,82.0,469.0,909.48,Estimated (Region),9850.0,2022-01-01,0.9955866596570637,1,0.003385954919885581,-0.961118932246268,0.8783213173139555
2022.0,2.0,Europe,Model X,-0.9349449435794192,-0.9638605747482942,0.7715430793716056,82.0,477.0,446.69,Interpolated (Month),6993.0,2022-02-01,0.9700001930503006,1,-0.028915631168875078,0.7638231558175101,-0.7213503008121771
2025.0,9.0,Europe,Model S,-1.723722233112414,-1.7596737336575008,0.1774173896412365,120.0,688.0,323.94,Interpolated (Month),14134.0,2025-09-01,0.9795692236251312,3,-0.03595150054508678,-0.9349449435794192,-0.30581829906536745
2019.0,10.0,Asia,Model Y,0.2733785138076263,0.1211684578411902,0.0259673978463352,100.0,590.0,973.32,Estimated (Region),14233.0,2019-10-01,2.256185468382627,4,-0.1522100559664361,-1.723722233112414,0.007098928630682472
2021.0,12.0,North America,Model 3,-0.4429756032005927,-0.5089089812479868,-0.154856165504033,75.0,426.0,522.64,Interpolated (Month),14784.0,2021-12-01,0.8704417086809766,4,-0.06593337804739408,0.2733785138076263,0.06859750332347983
2025.0,2.0,Asia,Model X,2.5639836967491254,2.39874346307338,0.3263861998529213,75.0,423.0,1269.76,Estimated (Region),3665.0,2025-02-01,1.0688861632014754,1,-0.16524023367574525,-0.4429756032005927,0.836848895266792
2022.0,4.0,Middle East,Cybertruck,-1.0541255327517691,-1.046728434658309,-0.1684330797923197,60.0,335.0,290.14,Interpolated (Month),6691.0,2022-04-01,1.0070668741275524,2,0.007397098093460119,2.5639836967491254,0.17754960996910024
2018.0,7.0,Asia,Cybertruck,-0.1814898329269292,-0.2044341531933435,-0.4901004783261621,60.0,347.0,479.28,Estimated (Region),9907.0,2018-07-01,0.8877666969632284,3,-0.022944320266414298,-1.0541255327517691,0.08894825392882325
2021.0,8.0,Europe,Cybertruck,-0.4579684704951954,-0.5389573837082754,-0.6312037639876882,60.0,338.0,411.68,Estimated (Region),9370.0,2021-08-01,0.8497303949046232,3,-0.08098891321308,-0.1814898329269292,0.2890714223642519
2024.0,6.0,Europe,Model X,-0.4633049147864946,-0.5159515755746169,1.295020205115617,100.0,550.0,668.17,Estimated (Region),3252.0,2024-06-01,0.8979620117847502,2,-0.0526466607881223,-0.4579684704951954,-0.5999892257778797
2017.0,9.0,North America,Model 3,-0.7781551279731507,-0.8457797432051288,-1.4672034044615376,75.0,438.0,450.7,Estimated (Region),7593.0,2017-09-01,0.9200446501878716,3,-0.06762461523197816,-0.4633049147864946,1.14171185296141
2015.0,1.0,North America,Model 3,-0.121010130958871,-0.2647657112581417,1.2786131930839753,75.0,435.0,616.35,Estimated (Region),11496.0,2015-01-01,0.4570460819259498,1,-0.14375558029927069,-0.7781551279731507,-0.15472514994083206
2024.0,1.0,North America,Model S,0.6977528931633289,0.828714434523299,-1.270916692025546,100.0,555.0,1054.61,Estimated (Region),14065.0,2024-01-01,0.8419702422158207,1,0.13096154135997007,-0.121010130958871,-0.8867857988303921
2017.0,11.0,Middle East,Model Y,-0.5151446593305445,-0.4180595144344579,-1.141072662454683,75.0,413.0,489.1,Official (Quarter),5453.0,2017-11-01,1.2322280477874576,4,0.09708514489608666,0.6977528931633289,0.5878174879716151
2021.0,10.0,Middle East,Model 3,2.190432596358178,2.124317037479025,0.7496915835533954,120.0,711.0,1977.5,Estimated (Region),4856.0,2021-10-01,1.0311232069943825,4,-0.0661155588791531,-0.5151446593305445,1.6421488818307377
2020.0,5.0,Asia,Model 3,0.4545635033169772,0.6554666140881974,-1.5445350548998025,82.0,465.0,816.84,Estimated (Region),8782.0,2020-05-01,0.6934960431955923,2,0.2009031107712202,2.190432596358178,-0.7020892655511339
2025.0,6.0,Middle East,Model Y,-0.8132231904588315,-0.7654941678815451,0.7591933360226139,82.0,474.0,477.93,Official (Quarter),14504.0,2025-06-01,1.0623506024995244,2,0.047729022577286395,0.4545635033169772,-0.6173936268953938
2021.0,5.0,North America,Model S,1.4923748597772704,1.642368832393302,-0.1580073456397677,82.0,483.0,1144.35,Estimated (Region),13063.0,2021-05-01,0.9086721754227055,2,0.14999397261603153,-0.8132231904588315,-0.23580619029292701
2022.0,9.0,Asia,Model Y,-0.799246788743524,-0.8777061708191854,1.6265417514997882,120.0,709.0,720.73,Interpolated (Month),5453.0,2022-09-01,0.9106086015067738,3,-0.0784593820756615,1.4923748597772704,-1.3000082716434727
2019.0,9.0,Middle East,Model 3,0.1480991311595056,0.0786781387371884,-0.4521287576905555,120.0,706.0,1112.48,Interpolated (Month),12731.0,2019-09-01,1.882341569545853,3,-0.0694209924223172,-0.799246788743524,-0.0669598761861979
2025.0,8.0,Asia,Model X,0.3994202456402182,0.3535740706199851,0.2698245045427467,100.0,591.0,1018.94,Official (Quarter),5260.0,2025-08-01,1.1296649806357202,3,-0.04584617502023314,0.1480991311595056,0.10777336988421407
2021.0,10.0,Asia,Model 3,-0.3799547372842968,-0.2678175021330148,-1.491940168527057,82.0,478.0,604.22,Official (Quarter),5073.0,2021-10-01,1.4187076432950512,4,0.11213723515128199,0.3994202456402182,0.5668697347765874
2023.0,4.0,Middle East,Model Y,-0.8589641415271109,-0.7823963942654575,-0.2329109968725019,82.0,469.0,460.23,Interpolated (Month),9154.0,2023-04-01,1.0978631136631682,2,0.07656774726165338,-0.3799547372842968,0.20006219448081222
2017.0,10.0,North America,Model Y,-0.4737236869742694,-0.4807386039414662,0.5882815761843634,60.0,355.0,429.09,Interpolated (Month),5036.0,2017-10-01,0.985408043145104,4,-0.007014916967196805,-0.8589641415271109,-0.27868291724909117
2017.0,11.0,North America,Model Y,0.3943379177437427,0.5512362180540712,-0.4425882367590986,75.0,419.0,721.14,Official (Quarter),8872.0,2017-11-01,0.7153701168907262,4,0.15689830031032848,-0.4737236869742694,-0.17452932370145754
2020.0,3.0,Middle East,Model X,-0.3227785484489476,-0.1901142113958621,0.2884711408159698,100.0,576.0,747.53,Interpolated (Month),10156.0,2020-03-01,1.6978138881834952,1,0.1326643370530855,0.3943379177437427,-0.09311229610199069
2016.0,4.0,Middle East,Model X,-0.0808597405767147,0.0202246058261581,-0.6749589439386596,82.0,454.0,654.03,Estimated (Region),7835.0,2016-04-01,-3.9980873432960724,2,0.10108434640287281,-0.3227785484489476,0.05457700510681334
2017.0,9.0,Europe,Model Y,0.1165886982013577,0.0535595523055408,1.3890541043364115,60.0,356.0,554.35,Interpolated (Month),6903.0,2017-09-01,2.1768049429587273,3,-0.0630291458958169,-0.0808597405767147,0.16194800975583512
2020.0,12.0,Asia,Cybertruck,1.2669736175685828,1.3054980704361598,0.1702725608634462,75.0,436.0,974.98,Interpolated (Month),6113.0,2020-12-01,0.9704906091092833,4,0.038524452867577,0.1165886982013577,0.21573084240982712
2021.0,2.0,Middle East,Cybertruck,0.1699531411143502,0.2305634230481785,0.4384668182453879,75.0,423.0,672.0,Estimated (Region),7536.0,2021-02-01,0.7371210006664275,1,0.06061028193382831,1.2669736175685828,0.07451881303521855
2017.0,12.0,Europe,Cybertruck,-0.4434838359902403,-0.5009273743444727,1.6167383008693088,60.0,330.0,404.76,Estimated (Region),11592.0,2017-12-01,0.885325615455924,4,-0.057443538354232326,0.1699531411143502,-0.7169973034618644
2020.0,5.0,North America,Model X,-0.6477934174285547,-0.521116144747479,1.0736368777594891,120.0,687.0,759.79,Interpolated (Month),5683.0,2020-05-01,1.2430883670711461,2,0.12667727268107565,-0.4434838359902403,-0.6954949021211428
2022.0,5.0,Europe,Model Y,3.011228551638968,3.0222478141243685,0.2310118064955213,60.0,358.0,1169.16,Official (Quarter),13826.0,2022-05-01,0.9963539513755614,2,0.011019262485400638,-0.6477934174285547,0.6956293474850102
2019.0,1.0,Asia,Model X,-0.98144824383217,-1.0711427616572935,-1.551496976060881,100.0,591.0,537.22,Interpolated (Month),4415.0,2019-01-01,0.9162627793083843,1,-0.0896945178251235,3.011228551638968,1.522713982465874
2020.0,6.0,Europe,Model 3,-1.4147166970067049,-1.3397003586461231,0.4704363856760831,75.0,415.0,271.1,Estimated (Region),13908.0,2020-06-01,1.0559948632367255,2,0.07501633836058175,-0.98144824383217,-0.6655342096954406
2020.0,11.0,North America,Model S,0.3219147452189671,0.254742996902942,-1.5881803908744334,60.0,344.0,577.35,Interpolated (Month),9533.0,2020-11-01,1.263684376538986,4,-0.06717174831602513,-1.4147166970067049,-0.5112586858901028
2020.0,11.0,Europe,Model Y,-0.0912785127644894,0.0162338023744011,0.1318689197959856,100.0,563.0,807.6,Estimated (Region),3739.0,2020-11-01,-5.622743868585308,4,0.1075123151388905,0.3219147452189671,-0.012036798878837301
2024.0,4.0,Middle East,Model X,0.1277698195736037,0.2430053396918918,1.1844843608338544,120.0,714.0,1116.52,Interpolated (Month),9110.0,2024-04-01,0.5257901729056816,2,0.11523552011828811,-0.0912785127644894,0.15134135307149688
2021.0,3.0,Middle East,Model 3,-0.665327448671395,-0.6593857466936509,-0.2698394482486591,75.0,427.0,467.82,Estimated (Region),5776.0,2021-03-01,1.00901096514072,1,0.005941701977744129,0.1277698195736037,0.17953159165417729
2023.0,6.0,Middle East,Model Y,-0.8805640350871317,-0.9833450857186375,-0.8919003001791624,82.0,478.0,462.97,Estimated (Region),5773.0,2023-06-01,0.8954781468639846,2,-0.10278105063150589,-0.665327448671395,0.7853753272211873
2021.0,5.0,Europe,Cybertruck,-1.4162413953756474,-1.4265590220078948,0.499384001178503,82.0,461.0,300.73,Estimated (Region),4311.0,2021-05-01,0.9927674730080742,2,-0.010317626632247334,-0.8805640350871317,-0.7072482946573171
2021.0,12.0,North America,Model Y,-0.1725957591080971,-0.1912879771169672,-1.547361673422188,100.0,575.0,797.21,Interpolated (Month),9056.0,2021-12-01,0.9022823164811851,4,-0.01869221800887011,-1.4162413953756474,0.26706806263907795
2020.0,8.0,Asia,Cybertruck,-0.1977532821956508,-0.1229748121486547,1.4599114215809723,82.0,467.0,640.54,Official (Quarter),5295.0,2020-08-01,1.6080795631271403,3,0.0747784700469961,-0.1725957591080971,-0.28870227533255577
2025.0,9.0,Middle East,Model S,-0.5441139283404548,-0.6129046241378919,-0.1488888045088227,75.0,448.0,522.88,Interpolated (Month),13205.0,2025-09-01,0.8877628050299053,3,-0.06879069579743713,-0.1977532821956508,0.08101247230720954
2025.0,10.0,Asia,Model Y,-1.638339124451626,-1.6113097465098256,0.6579092373317932,75.0,430.0,224.14,Estimated (Region),13516.0,2025-10-01,1.016774787095,4,0.027029377941800492,-0.5441139283404548,-1.0778784438588072
2021.0,11.0,North America,Model Y,-0.4417050212264738,-0.4056175977907446,0.3673475653649387,82.0,484.0,594.16,Estimated (Region),8100.0,2021-11-01,1.0889690773582918,4,0.03608742343572924,-1.638339124451626,-0.16225926415701372
2019.0,5.0,Asia,Model 3,0.0474690388092911,0.0509772677191098,-0.6118781825937372,82.0,461.0,699.04,Official (Quarter),8567.0,2019-05-01,0.9311805228724808,2,0.0035082289098187017,-0.4417050212264738,-0.029045269196100613
2018.0,4.0,Middle East,Model S,1.3973353281131788,1.638612782085766,0.2333468607979947,120.0,690.0,1596.07,Estimated (Region),4020.0,2018-04-01,0.8527550519498153,2,0.24127745397258726,0.0474690388092911,0.32606381229734616
2021.0,8.0,Middle East,Model X,0.2263669807652281,0.2613160849411302,-0.1696592566684803,60.0,355.0,575.79,Estimated (Region),14482.0,2021-08-01,0.8662573557851386,3,0.03494910417590208,1.3973353281131788,-0.038405253690916775
2022.0,7.0,Middle East,Cybertruck,-2.135390792726928,-2.119785056892522,1.5857294954579153,60.0,333.0,75.87,Estimated (Region),14355.0,2022-07-01,1.0073619425628386,3,0.015605735834406165,0.2263669807652281,-3.3861521643563495
2022.0,3.0,North America,Model X,0.2162023249722771,0.0427609076713746,-0.6390215735074002,75.0,434.0,701.32,Estimated (Region),14407.0,2022-03-01,5.056074268437693,1,-0.17344141730090248,-2.135390792726928,-0.13815794989974278
2019.0,12.0,North America,Model Y,-0.4622884492071996,-0.3368349265339902,0.5273758249772925,60.0,332.0,403.53,Interpolated (Month),14374.0,2019-12-01,1.3724480829945933,4,0.12545352267320936,0.2162023249722771,-0.24379975227812006
2019.0,5.0,Middle East,Cybertruck,0.1986682937294367,0.108257034909035,-1.263008919792179,100.0,563.0,903.95,Interpolated (Month),7620.0,2019-05-01,1.835153659033535,2,-0.0904112588204017,-0.4622884492071996,-0.2509198270601712
2017.0,4.0,North America,Model S,0.7760207427690513,0.9984409577950856,-1.578748719856183,60.0,352.0,685.13,Estimated (Region),7460.0,2017-04-01,0.7772324810099762,2,0.22242021502603426,0.1986682937294367,-1.225141754228484
2021.0,12.0,Middle East,Model Y,-0.3542889814070956,-0.3044389926314915,-0.5903214264948476,120.0,683.0,873.69,Official (Quarter),6145.0,2021-12-01,1.1637437712715897,4,0.04984998877560409,0.7760207427690513,0.20914437689564322
2025.0,8.0,North America,Model Y,0.4598999476082764,0.2751665204501695,-1.1205268685633771,82.0,473.0,832.39,Official (Quarter),8772.0,2025-08-01,1.6713513942607734,3,-0.18473342715810692,-0.3542889814070956,-0.5153302481459632
2022.0,4.0,Middle East,Model X,-0.0485869584340954,-0.2107724880873106,-1.3852374316911604,60.0,344.0,502.12,Official (Quarter),11279.0,2022-04-01,0.23051850303142357,2,-0.1621855296532152,0.4598999476082764,0.06730447351493148
2023.0,1.0,North America,Model Y,-0.3667406847534605,-0.4391872974143483,-1.1500048167479469,75.0,448.0,569.79,Interpolated (Month),10410.0,2023-01-01,0.8350439252514661,1,-0.07244661266088781,-0.0485869584340954,0.4217535539639199
2015.0,5.0,Middle East,Model S,0.5196173003918634,0.5662604192842156,-0.279845190726969,100.0,596.0,1069.85,Estimated (Region),13392.0,2015-05-01,0.9176295617636288,2,0.046643118892352176,-0.3667406847534605,-0.14541240253319376
2019.0,4.0,North America,Model S,1.9068386997348457,2.0391016461268,1.7282865984533569,120.0,677.0,1769.61,Estimated (Region),9458.0,2019-04-01,0.9351366585166644,2,0.13226294639195446,0.5196173003918634,3.2955637701639584
2017.0,5.0,North America,Model Y,0.9218835533978976,1.027080841390048,1.2630078929701467,120.0,676.0,1373.97,Estimated (Region),12684.0,2017-05-01,0.8975764285021841,2,0.10519728799215045,1.9068386997348457,1.1643462043409105
2018.0,8.0,North America,Model Y,1.2339384862414922,1.4160668013642532,0.2729130587010206,82.0,487.0,1079.53,Official (Quarter),10163.0,2018-08-01,0.8713843761132619,3,0.18212831512276106,0.9218835533978976,0.3367579265290729
2021.0,3.0,North America,Cybertruck,0.0843159160587384,0.1037967251688359,-0.9719407726583984,120.0,685.0,1053.6,Interpolated (Month),10827.0,2021-03-01,0.8123176903856072,1,0.019480809110097502,1.2339384862414922,-0.08195007660153085
2022.0,11.0,North America,Model 3,-0.305498633600931,-0.373691170176688,-1.0048392920880984,75.0,434.0,567.67,Estimated (Region),4067.0,2022-11-01,0.8175163289421199,4,-0.06819253657575702,0.0843159160587384,0.30697703072144084
2019.0,4.0,Middle East,Model Y,-1.4889186842952469,-1.528676639744032,1.5817611954257849,120.0,664.0,404.67,Official (Quarter),5389.0,2019-04-01,0.9739919127334593,2,-0.03975795544878502,-0.305498633600931,-2.3551137979626366
2015.0,11.0,Europe,Model 3,-0.0305446944016074,0.0110692332015389,-1.153856811393364,100.0,599.0,880.71,Estimated (Region),5780.0,2015-11-01,-2.7594227933838207,4,0.0416139276031463,-1.4889186842952469,0.035244203687223453
2016.0,8.0,Asia,Model X,-0.6368664124511324,-0.7176045264604601,-0.5861140542789172,100.0,587.0,652.98,Estimated (Region),9232.0,2016-08-01,0.8874894025438169,3,-0.08073811400932773,-0.0305446944016074,0.37327635503580225
2018.0,8.0,Asia,Model S,2.3611988136797537,2.457431749128631,0.6276176484717982,60.0,357.0,1028.91,Official (Quarter),14963.0,2018-08-01,0.9608400373751987,3,0.09623293544887712,-0.6368664124511324,1.4819300470160868
2016.0,8.0,Middle East,Model X,-0.7446117638564126,-0.8100972652835361,0.0857742122584366,75.0,423.0,443.64,Estimated (Region),12514.0,2016-08-01,0.9191634088479445,3,-0.0654855014271235,2.3611988136797537,-0.0638684874831488
2025.0,7.0,Middle East,Model X,0.7440020770212559,0.6589879112515125,0.4260554429820693,82.0,457.0,880.87,Official (Quarter),13151.0,2025-07-01,1.1290071704172682,3,-0.08501416576974341,-0.7446117638564126,0.31698613450487084
2019.0,4.0,Europe,Model Y,1.112724965910552,0.925902236230795,0.2453899356700546,120.0,712.0,1527.35,Interpolated (Month),9997.0,2019-04-01,1.2017737104084374,2,-0.186822729679757,0.7440020770212559,0.27305150780325405
2021.0,3.0,Europe,Model S,-0.358354843724276,-0.2854239879495902,-1.7325109025014684,120.0,716.0,914.19,Interpolated (Month),4974.0,2021-03-01,1.2555176118818943,1,0.07293085577468583,1.112724965910552,0.6208536737165181
2019.0,1.0,North America,Model S,0.0698312815537832,-0.0147536126627715,-1.5512091947835007,82.0,480.0,734.18,Estimated (Region),4455.0,2019-01-01,-4.733164896621681,1,-0.0845848942165547,-0.358354843724276,-0.10832292602974396
2021.0,7.0,Asia,Model S,1.102560310117601,0.972618111930775,1.678213153220767,120.0,696.0,1488.85,Official (Quarter),12522.0,2021-07-01,1.1336004302129163,3,-0.12994219818682595,0.0698312815537832,1.8503312146585256
2022.0,11.0,Middle East,Model S,-0.8495618349186312,-0.8385023957342777,0.6055141576490424,120.0,683.0,674.02,Interpolated (Month),6015.0,2022-11-01,1.0131895141154235,4,0.011059439184353592,1.102560310117601,-0.5144217188415298
2023.0,12.0,Europe,Model 3,-0.411211053847621,-0.4699399593073,0.3672779809455379,100.0,590.0,734.9,Estimated (Region),12136.0,2023-12-01,0.8750289174254379,4,-0.05872890545967896,-0.8495618349186312,-0.1510287655996411
2018.0,5.0,North America,Cybertruck,-0.0351187895084354,-0.0030159554517212,0.1485562576315011,60.0,332.0,487.24,Interpolated (Month),3684.0,2018-05-01,11.644332971958582,2,0.0321028340567142,-0.411211053847621,-0.005217115941921587
2022.0,4.0,Asia,Model 3,1.8694835896957511,2.122204259181036,-1.4702894734619758,60.0,345.0,894.19,Official (Quarter),11243.0,2022-04-01,0.8809159540642848,2,0.25272066948528504,-0.0351187895084354,-2.74868204273957
2025.0,3.0,Asia,Cybertruck,-0.2963504433872751,-0.3145333778329948,1.5336564922306786,60.0,342.0,449.18,Estimated (Region),7300.0,2025-03-01,0.9421907634382316,1,-0.018182934445719667,1.8694835896957511,-0.45449978147633463
2017.0,2.0,North America,Model X,0.1097275555411158,0.0375963384985125,-1.3684173864272158,82.0,483.0,750.15,Interpolated (Month),10729.0,2017-02-01,2.918570263044556,1,-0.0721312170426033,-0.2963504433872751,-0.15015309477262084
2018.0,3.0,Middle East,Cybertruck,-1.1778802170309473,-1.1805377268642818,-0.7750089132482452,120.0,706.0,559.89,Official (Quarter),5715.0,2018-03-01,0.9977488988510402,1,-0.0026575098333345704,0.1097275555411158,0.9128676669377616
2022.0,10.0,North America,Model Y,1.4814478547998482,1.3986950686918989,-0.3684167130247778,100.0,584.0,1379.88,Official (Quarter),14254.0,2022-10-01,1.0591642795919358,4,-0.08275278610794934,-1.1778802170309473,-0.5457901491829683
2015.0,11.0,North America,Model S,0.1033746456705214,0.2646026289602242,1.0441385512806662,82.0,491.0,760.73,Interpolated (Month),7208.0,2015-11-01,0.39067883065538617,4,0.16122798328970278,1.4814478547998482,0.10793745276957041
2024.0,2.0,North America,Model X,0.4268648162811858,0.3087362200737731,1.2487321522984465,75.0,414.0,720.48,Official (Quarter),5585.0,2024-02-01,1.3826198175879254,1,-0.11812859620741267,0.1033746456705214,0.533039820775286
2023.0,9.0,Europe,Model Y,0.0891441275603901,0.0756263478623153,0.2458377611120578,75.0,438.0,674.94,Interpolated (Month),10106.0,2023-09-01,1.178744314384785,3,-0.0135177796980748,0.4268648162811858,0.02191499273573399
2024.0,6.0,Middle East,Model Y,-1.767430253022103,-1.7901916424062314,-1.7219748273410094,75.0,432.0,192.26,Interpolated (Month),4285.0,2024-06-01,0.9872855012586618,2,-0.022761389384128305,0.0891441275603901,3.0434704047850123
2022.0,6.0,Middle East,Model 3,-1.061240791806835,-1.092505297781405,-0.7039443338401826,120.0,703.0,605.92,Estimated (Region),5757.0,2022-06-01,0.9713827419985421,2,-0.03126450597456998,-1.767430253022103,0.7470544422324904
2016.0,7.0,Middle East,Model Y,-0.9951705291526538,-0.9328731597111216,0.5506871025082238,60.0,358.0,322.52,Interpolated (Month),3827.0,2016-07-01,1.0667801070199334,3,0.06229736944153219,-1.061240791806835,-0.5480275752006508
2024.0,9.0,Middle East,Model 3,1.243086676455148,1.4510450198531828,-0.7817312651939574,100.0,575.0,1277.71,Official (Quarter),14504.0,2024-09-01,0.8566837413362433,3,0.20795834339803476,-0.9951705291526538,-0.9717597203310344
2016.0,9.0,Middle East,Model Y,0.3569828077046479,0.2690629387004233,1.2513554849098674,75.0,423.0,718.7,Estimated (Region),13929.0,2016-09-01,1.326763208002107,3,-0.0879198690042246,1.243086676455148,0.4467123944397356
2022.0,1.0,Middle East,Model Y,-1.3669428147798353,-1.4077787704702145,0.5877288770816913,75.0,435.0,296.43,Official (Quarter),10722.0,2022-01-01,0.9709926328291344,1,-0.04083595569037923,0.3569828077046479,-0.8033917655654389
2016.0,8.0,Asia,Model 3,0.938401119061443,0.7244840384891729,0.0481051838472246,100.0,590.0,1204.93,Estimated (Region),8510.0,2016-08-01,1.2952681759813085,3,-0.2139170805722701,-1.3669428147798353,0.045141958354892014
2021.0,5.0,North America,Model X,-0.3329432042418986,-0.4164162424249109,-0.1508157958946659,75.0,446.0,576.14,Estimated (Region),4253.0,2021-05-01,0.799544230799152,2,-0.08347303818301227,0.938401119061443,0.05021309433546224
2019.0,11.0,North America,Model X,1.4705208498224258,1.3735764822602512,0.2263610821216932,82.0,459.0,1081.56,Estimated (Region),11903.0,2019-11-01,1.0705780630450592,4,-0.09694436756217462,-0.3329432042418986,0.3328686908483162
2021.0,3.0,Middle East,Model S,-0.7415623671185273,-0.8281732573885534,-1.6875489299054554,120.0,678.0,712.31,Estimated (Region),11375.0,2021-03-01,0.8954193588149262,1,-0.08661089027002611,1.4705208498224258,1.251422779089027
2023.0,6.0,Europe,Model X,1.203698635257463,1.169810753076419,0.2301226170218888,100.0,573.0,1259.94,Interpolated (Month),3575.0,2023-06-01,1.028968687535077,2,-0.03388788218104399,-0.7415623671185273,0.27699828005112337
2019.0,10.0,Asia,Model X,-0.9911046668354734,-0.997195521227677,-1.1753365275993457,100.0,585.0,528.43,Interpolated (Month),12106.0,2019-10-01,0.9938920158960352,4,-0.006090854392203582,1.203698635257463,1.1648815176059117
2020.0,9.0,Europe,Model X,-0.7995009051383477,-0.8878005560206886,-0.078698503627378,100.0,599.0,608.82,Interpolated (Month),12245.0,2020-09-01,0.9005411178405668,3,-0.08829965088234093,-0.9911046668354734,0.06291952488312225
2015.0,4.0,North America,Cybertruck,-0.4277286195111663,-0.4589065615289127,0.4424997323812482,82.0,471.0,582.09,Estimated (Region),13277.0,2015-04-01,0.9320603699500992,2,-0.031177942017746374,-0.7995009051383477,-0.18926979966549182
2023.0,8.0,North America,Model X,-0.3385337649280216,-0.2265009487501179,-0.0950110796612615,82.0,486.0,626.21,Estimated (Region),6498.0,2023-08-01,1.4946240481381003,3,0.11203281617790373,-0.4277286195111663,0.032164458507603036
2019.0,12.0,North America,Model S,-0.6729509405161083,-0.759390586131799,-1.2283305303205123,120.0,701.0,764.86,Official (Quarter),10713.0,2019-12-01,0.8861723503105313,4,-0.08643964561569073,-0.3385337649280216,0.8266061856438388
2017.0,1.0,Asia,Model X,0.2327198906358224,0.1350188933502295,0.7489937512331155,120.0,709.0,1152.62,Official (Quarter),12647.0,2017-01-01,1.7236098212726672,1,-0.0977009972855929,-0.6729509405161083,0.174305743873885
2016.0,7.0,Middle East,Cybertruck,0.326488840325795,0.1516863665899209,-0.7532135819971225,60.0,337.0,566.51,Official (Quarter),5963.0,2016-07-01,2.152394098860887,3,-0.1748024737358741,0.2327198906358224,-0.24591582890387864
2024.0,4.0,Middle East,Model S,-1.877716768375621,-1.9063944487956288,-1.5861525020804583,120.0,674.0,256.09,Interpolated (Month),4371.0,2024-04-01,0.9849571108234579,2,-0.028677680420007734,0.326488840325795,2.978345150357424
2018.0,3.0,North America,Model Y,0.4975091740421949,0.3270469653230116,-0.1691517874384192,60.0,340.0,605.88,Interpolated (Month),13448.0,2018-03-01,1.5212162985546263,1,-0.17046220871918333,-1.877716768375621,-0.08415456605624885
2024.0,6.0,North America,Cybertruck,-0.2020732609076549,-0.0612347352185305,0.3640363410645814,100.0,560.0,766.67,Estimated (Region),14035.0,2024-06-01,3.29997770361069,2,0.14083852568912442,0.4975091740421949,-0.0735620105278112
2018.0,4.0,Asia,Model 3,-0.7042072570794324,-0.6394317294348655,-0.6093711553690293,100.0,583.0,625.35,Interpolated (Month),9678.0,2018-04-01,1.1013017100384055,2,0.06477552764456695,-0.2020732609076549,0.4291235898657488
2019.0,6.0,Middle East,Model 3,1.1881975351732128,0.9343533494227512,-1.5645067773310488,100.0,578.0,1265.65,Official (Quarter),12833.0,2019-06-01,1.2716790022824749,2,-0.25384418575046164,-0.7042072570794324,-1.8589430965865388
2018.0,8.0,Middle East,Model Y,-0.828470174148258,-0.8424931991860347,-0.79853242325835,60.0,335.0,334.77,Official (Quarter),12400.0,2018-08-01,0.9833553255369599,3,-0.014023025037776748,1.1881975351732128,0.6615602957598757
2016.0,5.0,Middle East,Model X,1.8758364995663452,1.8416742518369351,0.4819595655289038,60.0,349.0,905.86,Official (Quarter),13741.0,2016-05-01,1.0185495603771058,2,-0.03416224772941012,-0.828470174148258,0.9040773443342555
2024.0,10.0,North America,Model Y,-0.2849152056202053,-0.231196011634538,-0.6092071349518702,75.0,425.0,561.06,Official (Quarter),10943.0,2024-10-01,1.2323534632188362,4,0.05371919398566727,1.8758364995663452,0.17357237612010823
2019.0,3.0,Middle East,Model 3,0.1320897982856079,-0.0199181818356336,-1.197392800423222,60.0,343.0,537.24,Estimated (Region),9125.0,2019-03-01,-6.631619260011947,1,-0.1520079801212415,-0.2849152056202053,-0.15816337347654255
2020.0,4.0,Middle East,Model S,-1.2640256748762069,-1.2220890333913996,1.05954752392547,120.0,693.0,514.34,Estimated (Region),11890.0,2020-04-01,1.0343155370345067,2,0.04193664148480725,0.1320897982856079,-1.339295273993306
2016.0,11.0,Middle East,Model S,1.1648188268494255,1.358317527885886,-0.531621004351224,75.0,418.0,909.53,Interpolated (Month),3305.0,2016-11-01,0.8575453109718566,4,0.19349870103646039,-1.2640256748762069,-0.619242154616906
2018.0,5.0,Middle East,Model S,-1.6955153132869751,-1.663190191382668,-0.1970730327546733,100.0,582.0,283.72,Official (Quarter),3737.0,2018-05-01,1.0194356136007716,2,0.03232512190430703,1.1648188268494255,0.3341403448714542
2024.0,8.0,Middle East,Model X,0.5269866758417527,0.6547623546555343,-1.1727072306091186,75.0,423.0,761.15,Interpolated (Month),11154.0,2024-08-01,0.8048518246272673,3,0.1277756788137816,-1.6955153132869751,-0.6180010851942872
2019.0,2.0,Middle East,Model S,0.2553362497751383,0.2150697155295922,0.3810969496070267,82.0,469.0,768.71,Interpolated (Month),11908.0,2019-02-01,1.1872254963763398,1,-0.040266534245546104,0.5269866758417527,0.09730786591340307
2023.0,4.0,North America,Model 3,-0.7949268100315198,-0.8422584460418138,0.3197871117358622,75.0,435.0,443.31,Interpolated (Month),4847.0,2023-04-01,0.9438039045702319,2,-0.047331636010294,0.2553362497751383,-0.2542073486213821
2015.0,11.0,North America,Model 3,1.102560310117601,1.2315508300065434,-0.336598740222063,100.0,573.0,1225.73,Estimated (Region),10530.0,2015-11-01,0.8952617165722204,4,0.1289905198889425,-0.7949268100315198,-0.3711204114044316
2015.0,9.0,North America,Model 3,-1.105202928111348,-1.1800682205758397,0.8742730428912673,120.0,672.0,561.76,Official (Quarter),13776.0,2015-09-01,0.9365585047041097,3,-0.0748652924644917,1.102560310117601,-0.9662491269722467
2021.0,7.0,Middle East,Cybertruck,1.2956887701836692,1.3993993281245618,-0.987478476479094,82.0,452.0,1018.42,Official (Quarter),5413.0,2021-07-01,0.9258892327182386,3,0.10371055794089257,-1.105202928111348,-1.2794647727720407
2025.0,3.0,Europe,Cybertruck,2.1713738667463947,2.1546001930835343,1.3058271624801734,82.0,487.0,1349.01,Estimated (Region),3131.0,2025-03-01,1.0077850515918012,1,-0.01677367366286031,1.2956887701836692,2.8354389750970466
2017.0,12.0,North America,Model X,-0.559615028424705,-0.5239331824781311,-0.7571709473347763,82.0,458.0,530.36,Interpolated (Month),7557.0,2017-12-01,1.0681038100656342,4,0.035681845946573865,2.1713738667463947,0.42372424121511165
2021.0,4.0,North America,Model S,-1.1616167677622258,-1.1234927128185777,-1.5792457514233336,120.0,663.0,532.16,Interpolated (Month),8486.0,2021-04-01,1.0339335133273841,2,0.03812405494364812,-0.559615028424705,1.8344783452706002
2019.0,9.0,Europe,Cybertruck,0.0558548798384757,-0.0816582587657579,1.6253543430858652,75.0,419.0,637.42,Estimated (Region),10776.0,2019-09-01,-0.6840077253998167,3,-0.1375131386042336,-1.1616167677622258,0.09078397152800562
2019.0,4.0,North America,Model 3,-0.4701660574467365,-0.4551505112213767,-0.3236754224445798,100.0,558.0,675.63,Official (Quarter),14729.0,2019-04-01,1.0329902875096553,2,0.015015546225359833,0.0558548798384757,0.15218119726317503
2021.0,8.0,Europe,Model S,1.1500800759496468,1.2900043629175737,-0.1260154117885509,100.0,597.0,1293.82,Estimated (Region),8836.0,2021-08-01,0.8915319273405686,3,0.13992428696792691,-0.4701660574467365,-0.14492781436060265
2023.0,2.0,Middle East,Model S,1.2014115877040492,1.1806093977105854,-0.3504385842093722,60.0,339.0,744.95,Official (Quarter),8416.0,2023-02-01,1.017619874984735,1,-0.020802189993463838,1.1500800759496468,-0.421020975847741
2024.0,5.0,Asia,Model Y,0.7818654198499981,0.6937313765962212,1.652109055314016,100.0,564.0,1099.72,Estimated (Region),13671.0,2024-05-01,1.127043472772134,2,-0.08813404325377694,1.2014115877040492,1.291726940171077
2015.0,2.0,Asia,Cybertruck,0.8466651005300605,0.9911636103242344,0.1966614578581742,75.0,432.0,858.86,Estimated (Region),5902.0,2015-02-01,0.8542132617773318,1,0.1444985097941739,0.7818654198499981,0.16650639298787934
2018.0,3.0,Middle East,Model S,0.4642199263202806,0.5789370890721498,-1.6786401360958476,120.0,709.0,1249.51,Official (Quarter),3481.0,2018-03-01,0.8018486552041018,1,0.11471716275186922,0.8466651005300605,-0.7792582002966801
2025.0,8.0,Middle East,Model 3,0.9658456897024106,0.9759046559498692,1.199510619171953,82.0,460.0,946.89,Official (Quarter),8309.0,2025-08-01,0.9896926752156254,3,0.010058966247458612,0.4642199263202806,1.1585421612795004
2021.0,2.0,Middle East,Model Y,-0.0966149570557887,-0.0553659066130053,-1.4298161929489,82.0,467.0,668.42,Estimated (Region),11559.0,2021-02-01,1.7450261896929564,1,0.041249050442783396,0.9658456897024106,0.13814163007942926
2020.0,10.0,Asia,Model S,-0.026478832084427,-0.0708596141315917,0.4895616633484725,60.0,333.0,490.41,Interpolated (Month),8163.0,2020-10-01,0.3736801619502725,4,-0.044380782047164696,-0.0966149570557887,-0.012963021078776985
2023.0,11.0,Middle East,Cybertruck,-0.8416842266790943,-0.8422584460418138,-0.7627630494967877,82.0,460.0,456.09,Estimated (Region),13491.0,2023-11-01,0.9993182385223703,4,-0.000574219362719508,-0.026478832084427,0.6420056274550915
2020.0,9.0,North America,Model Y,-1.0048269521559572,-1.043676643783436,1.1275598324796603,60.0,345.0,308.84,Interpolated (Month),8541.0,2020-09-01,0.9627761224140797,3,-0.038849691627478755,-0.8416842266790943,-1.1330025098440186
2023.0,7.0,North America,Model 3,-2.178082347057322,-2.1484249404874847,0.3891051222169574,82.0,465.0,94.23,Estimated (Region),5519.0,2023-07-01,1.013804255392375,3,0.029657406569837175,-1.0048269521559572,-0.8475029978503367
2016.0,1.0,North America,Model 3,-2.4441422124378134,-2.421912353504956,-1.5971622483244123,82.0,470.0,21.43,Interpolated (Month),4259.0,2016-01-01,1.009178638896939,1,0.02222985893285756,-2.178082347057322,3.9036916712417815
2023.0,8.0,North America,Model 3,1.2179291533675944,1.215352863055294,1.6273464456070044,60.0,347.0,765.92,Interpolated (Month),13679.0,2023-08-01,1.0021197879156047,3,-0.0025762903123003333,-2.4441422124378134,1.9819926787339028
2024.0,11.0,North America,Model Y,0.2283999119238182,0.3035716509009111,-0.662032146940206,60.0,356.0,577.84,Interpolated (Month),12380.0,2024-11-01,0.7523756294304644,4,0.0751717389770929,1.2179291533675944,-0.1512080840518793
2017.0,7.0,North America,Model S,1.1101838019623145,0.9885813257378032,-0.4530900167414247,120.0,713.0,1528.42,Official (Quarter),10997.0,2017-07-01,1.1230070537026948,3,-0.12160247622451126,0.2283999119238182,-0.5030131974171635
2025.0,2.0,Middle East,Model S,-2.2954841214659054,-2.2636887342999983,-1.0541264333814562,60.0,352.0,46.94,Estimated (Region),3282.0,2025-02-01,1.0140458300137007,1,0.03179538716590713,1.1101838019623145,2.4197304898446204
2020.0,5.0,Middle East,Model X,-1.5023868532209068,-1.5131829322254458,-0.6339404197964195,120.0,706.0,424.66,Official (Quarter),3624.0,2020-05-01,0.9928653180163346,2,-0.010796079004538939,-2.2954841214659054,0.9524237524274833
2024.0,3.0,Asia,Cybertruck,0.6479460797778692,0.5664951724284365,-0.4090415881658347,120.0,696.0,1302.08,Interpolated (Month),10483.0,2024-03-01,1.1437804085783665,1,-0.08145090734943272,-1.5023868532209068,-0.26503689351816623
2023.0,8.0,Europe,Model Y,0.1963812461760227,0.2293896573270735,-0.7577499891105065,75.0,446.0,715.5,Estimated (Region),6649.0,2023-08-01,0.856103315486513,3,0.0330084111510508,0.6479460797778692,-0.1488078871513889
2017.0,9.0,Europe,Model 3,0.2843055187850485,0.2336152139230516,-0.230776743323157,60.0,330.0,546.53,Interpolated (Month),6114.0,2017-09-01,1.2169820364468786,3,-0.05069030486199691,0.1963812461760227,-0.06561110173401413
2021.0,5.0,Europe,Model Y,-0.4800765968448637,-0.3821422833686442,-0.943020990923739,60.0,345.0,415.71,Official (Quarter),12673.0,2021-05-01,1.256277092953214,2,0.0979343134762195,0.2843055187850485,0.4527223080759397
2020.0,4.0,Europe,Model X,-1.5648994863475552,-1.6061451773369635,1.2745037360867737,82.0,464.0,261.97,Interpolated (Month),5139.0,2020-04-01,0.9743200729477052,2,-0.041245690989408335,-0.4800765968448637,-1.9944702419502323
2022.0,11.0,Middle East,Cybertruck,-0.340312579691788,-0.4666534152882059,1.6609920034821322,100.0,597.0,768.61,Official (Quarter),3725.0,2022-11-01,0.7292619501811862,4,-0.1263408355964179,-1.5648994863475552,-0.5652564735524358
2017.0,5.0,North America,Model X,0.5630712039067287,0.6531190826459873,-0.1285925204642265,100.0,596.0,1085.14,Estimated (Region),11335.0,2017-05-01,0.8621264006336382,2,0.09004787873925857,-0.340312579691788,-0.07240674531119266
2015.0,10.0,Europe,Cybertruck,-0.5519915365799918,-0.5837952342544873,-1.4163704949943412,75.0,446.0,518.47,Estimated (Region),4641.0,2015-10-01,0.9455225123324119,4,-0.031803697674495535,0.5630712039067287,0.7818245258984899
2022.0,7.0,Europe,Model 3,1.2687524323323491,1.4719380496888523,0.4351710019236123,82.0,451.0,1009.0,Interpolated (Month),5235.0,2022-07-01,0.8619604830519505,3,0.2031856173565032,-0.5519915365799918,0.5521242671710885
2019.0,1.0,Middle East,Model S,-0.0699327355992924,-0.1297826533310639,-1.3640380412890516,82.0,466.0,674.33,Estimated (Region),4193.0,2019-01-01,0.5388450136005486,1,-0.05984991773177149,1.2687524323323491,0.09539091168884394
2023.0,7.0,Europe,Model X,-0.9674718421168624,-0.8948431503473189,0.4596170025223486,120.0,695.0,637.49,Official (Quarter),7242.0,2023-07-01,1.0811636002816292,3,0.07262869176954356,-0.0699327355992924,-0.4446665080985272
2025.0,8.0,Middle East,Model Y,-0.448312047491892,-0.5600851666881659,0.6514945479261472,75.0,428.0,523.74,Official (Quarter),13377.0,2025-08-01,0.8004354947352054,3,-0.11177311919627386,-0.9674718421168624,-0.29207285471057565
2019.0,7.0,North America,Model X,-0.4490743966763633,-0.4032700663485346,-0.6419659885112007,75.0,448.0,548.02,Interpolated (Month),3401.0,2019-07-01,1.1135822719066912,3,0.04580433032782871,-0.448312047491892,0.2882904889774126
2016.0,12.0,Asia,Cybertruck,-1.7826772367115296,-1.7899568892620104,-1.0279467866764982,75.0,441.0,192.3,Official (Quarter),7638.0,2016-12-01,0.9959330570506186,4,-0.007279652550480797,-0.4490743966763633,1.832497337158956
2018.0,2.0,Europe,Model X,0.162329649269637,0.2915992405456398,-0.0509904848534319,75.0,431.0,682.77,Interpolated (Month),6701.0,2018-02-01,0.5566874898778411,1,0.1292695912760028,-1.7826772367115296,-0.008277267522346338
2024.0,8.0,North America,Model S,0.8532721267954787,0.970740086777007,-0.7013960529954012,60.0,342.0,681.26,Interpolated (Month),5231.0,2024-08-01,0.8789913370410628,3,0.11746795998152826,0.162329649269637,-0.5984817018653402
2015.0,2.0,North America,Model 3,-0.4904953690326385,-0.3992792628967775,-1.0858867505223813,100.0,594.0,712.09,Official (Quarter),9472.0,2015-02-01,1.2284518997407645,1,0.09121610613586101,0.8532721267954787,0.532622422425128
2016.0,11.0,Middle East,Cybertruck,0.3043807139761267,0.3068581949200051,1.6190246460782018,82.0,466.0,777.29,Estimated (Region),3467.0,2016-11-01,0.9919263002100229,4,0.0024774809438783962,-0.4904953690326385,0.4927998777182289
2019.0,12.0,North America,Cybertruck,-0.816018470801893,-0.8312250482634265,-1.5567843978722298,82.0,471.0,474.13,Estimated (Region),4479.0,2019-12-01,0.9817058238400026,4,-0.015206577461533421,0.3043807139761267,1.2703648237199427
2024.0,9.0,North America,Cybertruck,-0.2008026789335361,-0.2056079189144485,1.6350166367512733,60.0,353.0,483.54,Estimated (Region),13778.0,2024-09-01,0.9766291103655798,3,-0.004805239980912396,-0.816018470801893,-0.32831572076055593
2018.0,12.0,Middle East,Model S,-1.3351782654268634,-1.2716219468220316,0.3431769202544034,100.0,569.0,398.41,Estimated (Region),8681.0,2018-12-01,1.0499805140699783,4,0.0635563186048318,-0.2008026789335361,-0.45820236511980733
2020.0,1.0,Middle East,Model S,0.0345091026732786,-0.0663993043913926,-1.5978625658025274,82.0,481.0,725.68,Interpolated (Month),12931.0,2020-01-01,-0.5197208463188666,1,-0.1009084070646712,-1.3351782654268634,-0.0551408033410678
2025.0,2.0,Asia,Model Y,-0.4721989886053268,-0.6077400549650298,-1.383078326563458,120.0,707.0,855.19,Estimated (Region),14537.0,2025-02-01,0.7769752622813346,1,-0.13554106635970303,0.0345091026732786,0.6530881869652128
2021.0,4.0,Middle East,Model S,0.3330958665912132,0.4887918816912839,0.1083175760181204,75.0,437.0,736.32,Estimated (Region),12978.0,2021-04-01,0.6814676738055835,2,0.1556960151000707,-0.4721989886053268,0.03608013685081543
2024.0,12.0,Asia,Model 3,0.1455579672112679,-0.0100585497783514,-1.625558655818862,75.0,438.0,689.52,Official (Quarter),8261.0,2024-12-01,-14.4710689332717,4,-0.1556165169896193,0.3330958665912132,-0.23661301352367464
2018.0,3.0,Europe,Cybertruck,0.8085476413064945,0.7643920730067436,-0.898142519631007,120.0,700.0,1375.92,Estimated (Region),12912.0,2018-03-01,1.0577656020503516,1,-0.04415556829975087,0.1455579672112679,-0.7261910158047227
2022.0,1.0,Europe,Model S,1.2029362860729915,0.9456215003453594,0.6838527940423546,60.0,342.0,751.85,Official (Quarter),9786.0,2022-01-01,1.2721118181361737,1,-0.2573147857276321,0.8085476413064945,0.8226313402859484
2015.0,7.0,Asia,Model S,-1.634781494924093,-1.6683547605555298,0.3894769018291859,75.0,423.0,221.38,Interpolated (Month),9974.0,2015-07-01,0.979876422913639,3,-0.0335732656314367,1.2029362860729915,-0.6367096318107207
2023.0,11.0,Middle East,Model S,0.1430168032630302,0.1183514201105382,-0.1996670405036326,60.0,331.0,520.58,Interpolated (Month),7817.0,2023-11-01,1.2084080032960733,4,-0.024665383152492004,-1.634781494924093,-0.028555741849819506
2021.0,3.0,North America,Model X,0.0642407208676602,0.0502730082864468,-1.6277595115982049,75.0,445.0,679.18,Interpolated (Month),3156.0,2021-03-01,1.2778372143880432,1,-0.013967712581213397,0.1430168032630302,-0.10456844442425917
2016.0,5.0,Asia,Model S,-0.566476171084947,-0.6903731617308235,-0.83105767198112,120.0,705.0,813.53,Official (Quarter),4645.0,2016-05-01,0.8205362005451423,2,-0.12389699064587656,0.0642407208676602,0.4707743679746347
2020.0,2.0,Middle East,Model Y,-0.2422236512898112,-0.326036281899824,0.9804265598454628,120.0,672.0,904.08,Official (Quarter),3960.0,2020-02-01,0.7429346509485574,1,-0.08381263061001279,-0.566476171084947,-0.23748250114727656
2016.0,12.0,Europe,Model 3,-0.1512499819429001,-0.2232144047310238,1.6273747764063324,120.0,693.0,969.54,Interpolated (Month),7167.0,2016-12-01,0.6775995578115053,4,-0.0719644227881237,-0.2422236512898112,-0.24614040554578887
2024.0,1.0,Europe,Cybertruck,1.6341718080889365,1.5231142351290314,0.1628687786391701,60.0,334.0,819.29,Interpolated (Month),8430.0,2024-01-01,1.0729148020538963,1,-0.11105757295990504,-0.1512499819429001,0.2661555664700094
2021.0,10.0,Middle East,Model Y,0.9061283369188236,0.8632231467237866,1.434619970286513,120.0,719.0,1454.68,Official (Quarter),4273.0,2021-10-01,1.0497034751186598,4,-0.04290519019503691,1.6341718080889365,1.2999498077862501
2019.0,7.0,Middle East,Model S,2.128936428810825,1.8196074562801603,-0.1499877413037927,82.0,487.0,1336.81,Official (Quarter),9833.0,2019-07-01,1.1699976395804779,3,-0.3093289725306647,0.9061283369188236,-0.3193143663366983
2019.0,9.0,Asia,Model S,0.8560674071385401,0.9820082376996152,0.6079709846854683,100.0,580.0,1156.32,Estimated (Region),13709.0,2019-09-01,0.8717517575452367,3,0.12594083056107508,2.128936428810825,0.5204641444751539
2020.0,5.0,Asia,Cybertruck,-1.639355590030921,-1.629620491759064,-0.7414105733719965,60.0,358.0,186.39,Interpolated (Month),6754.0,2020-05-01,1.0059738438004966,2,0.009735098271856923,0.8560674071385401,1.2154355679654125
2018.0,8.0,North America,Model S,-1.850780430524301,-1.813901709972553,-1.6516905874933736,82.0,474.0,187.63,Estimated (Region),14297.0,2018-08-01,1.0203311570571847,3,0.03687872055174801,-1.639355590030921,3.0569166166139214
