Year,Month,Region,Model,Estimated_Deliveries,Production_Units,Avg_Price_USD,Battery_Capacity_kWh,Range_km,CO2_Saved_tons,Source_Type,Charging_Stations,Date,Delivery_Efficiency
2023.0,5.0,Europe,Model S,1.9627443065960761,1.7057521813329732,0.39598155394848666,120.0,704.0,1863.42,Interpolated (Month),12207.0,2023-05-01,0.9845999330431872
2015.0,2.0,Asia,Model X,-1.5565136453183706,-1.5239815768596119,-1.1283456721462237,75.0,438.0,249.46,Official (Quarter),7640.0,2015-02-01,0.9118635926993276
2019.0,1.0,North America,Model X,-0.38402059960147716,-0.3443470271490624,1.639209098020189,82.0,480.0,605.59,Interpolated (Month),14071.0,2019-01-01,0.9153335509848732
2021.0,2.0,North America,Model 3,-0.8556606283944018,-0.7852134319961095,0.21807606292885934,120.0,712.0,700.07,Official (Quarter),9333.0,2021-02-01,0.8965941731637259
2016.0,12.0,Middle East,Model Y,0.6230426730851394,0.6763596439238668,1.4880846619017716,120.0,661.0,1226.88,Estimated (Region),8722.0,2016-12-01,0.9140873162443673
2020.0,4.0,Asia,Model X,-1.3382276621647486,-1.3176335630893485,0.10056090138116786,82.0,477.0,333.14,Official (Quarter),5798.0,2020-04-01,0.9232599643069601
2015.0,11.0,Asia,Model 3,-0.5603773776091764,-0.6291025910891413,0.13324768536326176,82.0,475.0,549.84,Interpolated (Month),9961.0,2015-11-01,0.9675275827482447
2020.0,6.0,Europe,Cybertruck,-0.384274715996301,-0.34364276771639934,-0.5512940108106129,100.0,592.0,746.81,Official (Quarter),8216.0,2020-06-01,0.9149260226283725
2022.0,4.0,Europe,Model S,1.3271992031418172,1.1982158835271606,-0.7412470499864042,100.0,563.0,1279.0,Interpolated (Month),13264.0,2022-04-01,0.9609771573604061
2021.0,3.0,Middle East,Model Y,-0.5418268807870409,-0.5746398616298681,-1.7056006193927993,82.0,485.0,566.72,Interpolated (Month),3383.0,2021-03-01,0.9490740740740741
2020.0,11.0,Asia,Model 3,-0.4073993079252644,-0.3525633871967976,1.6421634536553318,120.0,670.0,836.06,Estimated (Region),10165.0,2020-11-01,0.9087830456630981
2025.0,5.0,Asia,Cybertruck,-1.0127045603954943,-0.9795890354111015,-0.3017061301449552,82.0,477.0,424.79,Interpolated (Month),14940.0,2025-05-01,0.9157797316057381
2020.0,10.0,Middle East,Model S,-0.3044821680216359,-0.3053780052083756,0.7104226105275253,82.0,453.0,592.8,Estimated (Region),5325.0,2020-10-01,0.9325494388027793
2020.0,11.0,Asia,Model S,0.20705413475862125,0.23525848593259865,-0.32759203119372693,75.0,426.0,686.09,Interpolated (Month),5601.0,2020-11-01,0.9209984559958827
2020.0,4.0,North America,Cybertruck,-1.4012485280810447,-1.3260846762813048,0.3085845172438542,120.0,665.0,439.7,Estimated (Region),8397.0,2020-04-01,0.8803674855202717
2025.0,3.0,North America,Cybertruck,1.8186603107309962,1.936279768958,1.3336246469362067,120.0,682.0,1747.18,Official (Quarter),3904.0,2025-03-01,0.9034595852729581
2023.0,11.0,Europe,Model S,0.6652259946258858,0.6566403798093025,-1.4358834572891077,100.0,592.0,1113.55,Interpolated (Month),11616.0,2023-11-01,0.9321340964840557
2020.0,7.0,Europe,Model S,1.6832162722899247,1.6977705744294591,0.6214738412702493,100.0,585.0,1451.91,Official (Quarter),14471.0,2020-07-01,0.9249776386404294
2017.0,1.0,Europe,Model S,-0.8767522891647751,-0.902824757250833,-1.348817940639765,100.0,590.0,572.77,Estimated (Region),14372.0,2017-01-01,0.950367107195301
2021.0,1.0,Asia,Model 3,-0.537252785680213,-0.5805086902353933,0.8549941824646292,60.0,359.0,420.46,Interpolated (Month),8256.0,2021-01-01,0.9541732860808995
2019.0,5.0,Middle East,Model 3,1.0303912539876492,0.8599366027046926,-1.3720765328245788,75.0,417.0,874.26,Official (Quarter),13525.0,2019-05-01,0.9761156505342552
2016.0,9.0,Asia,Model S,1.0344571163048295,1.0155779373232188,1.6715176409796813,60.0,349.0,732.53,Interpolated (Month),4515.0,2016-09-01,0.933987451608597
2020.0,1.0,Asia,Model Y,0.42432365233294805,0.4054545154928272,0.29040558767532,100.0,567.0,985.9,Official (Quarter),4971.0,2020-01-01,0.9361221028829847
2025.0,9.0,North America,Model S,2.015600516719421,1.838857214106283,-0.21250586291470036,60.0,355.0,950.73,Interpolated (Month),5009.0,2025-09-01,0.9656552544756342
2022.0,4.0,North America,Model S,0.03400086988363113,0.11905567954320123,-0.3048811677959129,120.0,681.0,1027.22,Estimated (Region),7885.0,2022-04-01,0.9008331093791991
2025.0,3.0,Middle East,Cybertruck,-1.1977012958272018,-1.1819462457296077,-0.9837522308201658,100.0,594.0,464.12,Estimated (Region),4024.0,2025-03-01,0.9267034335527486
2016.0,12.0,North America,Cybertruck,-1.193889549904845,-1.1734951325376517,0.14970589164632,100.0,588.0,460.76,Estimated (Region),13003.0,2016-12-01,0.9234576630722998
2022.0,5.0,Europe,Model 3,0.6654801110207097,0.7611055289876496,-1.4283931915721477,120.0,710.0,1335.62,Official (Quarter),11787.0,2022-05-01,0.9023600518060153
2017.0,6.0,North America,Model X,-0.9174109123365789,-0.8739501205116493,1.6347502278312804,75.0,435.0,411.86,Interpolated (Month),3923.0,2017-06-01,0.9104283859800952
2023.0,11.0,North America,Model S,0.7102045965096939,0.492782685143041,0.5987172509682576,60.0,344.0,656.2,Estimated (Region),7161.0,2023-11-01,0.9970207761662093
2016.0,10.0,Asia,Model S,1.6585669819920186,1.7024656373138791,0.7096129461046373,82.0,460.0,1134.98,Official (Quarter),9148.0,2016-10-01,0.9185280321643958
2024.0,1.0,Middle East,Model X,1.3886953706891705,1.2709893582356722,0.1611997466366783,100.0,561.0,1294.82,Official (Quarter),8327.0,2024-01-01,0.9574984443061606
2020.0,9.0,Middle East,Model S,-0.15150409833772394,-0.12649610931196986,0.7516021728975225,100.0,596.0,833.74,Official (Quarter),13947.0,2020-09-01,0.9218147672234852
2023.0,5.0,Middle East,Cybertruck,0.40882255224869785,0.3634337026772673,0.0439057641363687,60.0,357.0,617.49,Estimated (Region),13491.0,2023-05-01,0.9448541461815798
2024.0,1.0,North America,Model 3,-1.5509230846322477,-1.5040275596008266,0.31696844571855143,82.0,482.0,276.11,Official (Quarter),8146.0,2024-01-01,0.8987997175806072
2015.0,3.0,Middle East,Model 3,-2.038826562693894,-2.002643237926241,-0.7927196390805236,60.0,343.0,97.7,Estimated (Region),3941.0,2015-03-01,0.8936470588235295
2023.0,3.0,Europe,Model S,1.8824435258317636,1.9041185881997222,-0.8539082012493032,82.0,490.0,1273.75,Estimated (Region),3343.0,2023-03-01,0.9234294239889167
2019.0,8.0,Asia,Model Y,1.3322815310382927,1.3810885828753234,0.45696931536413704,60.0,342.0,777.96,Interpolated (Month),4731.0,2019-08-01,0.9169236350444404
2017.0,12.0,Europe,Model S,0.7899971444843589,0.5878577085525479,-1.668359038129337,60.0,354.0,691.95,Official (Quarter),9296.0,2017-12-01,0.9901975683890577
2023.0,6.0,Europe,Model S,0.9302693944270822,0.7895106594383912,-1.4769889619555991,100.0,594.0,1210.25,Estimated (Region),13172.0,2023-06-01,0.9688993508809473
2022.0,7.0,Europe,Model S,0.3201359304552007,0.23361521392305162,-1.3663611668339135,60.0,333.0,558.54,Estimated (Region),6494.0,2022-07-01,0.9597459445541155
2019.0,4.0,Asia,Model X,0.315307718953549,0.3892565485415779,-0.7835265432145052,82.0,481.0,805.41,Estimated (Region),3619.0,2019-04-01,0.906529153808673
2023.0,1.0,North America,Model S,-0.022158853372422935,-0.181663098203906,0.39536125855268217,82.0,480.0,708.12,Interpolated (Month),8000.0,2023-01-01,0.995243877757539
2017.0,8.0,Asia,Model X,-0.5949372073052096,-0.5290977516509933,0.5499017926321258,100.0,585.0,665.23,Official (Quarter),3100.0,2017-08-01,0.902285170197572
2025.0,1.0,North America,Model X,-0.9773823815149896,-0.9178489584809773,-1.7077110154269208,120.0,692.0,630.69,Official (Quarter),12525.0,2025-01-01,0.9006818855618144
2018.0,12.0,North America,Cybertruck,-0.3799547372842968,-0.28777151939180023,1.5389150862111323,82.0,476.0,601.69,Estimated (Region),11899.0,2018-12-01,0.8936373276776246
2024.0,5.0,North America,Cybertruck,1.1155202462536136,0.971679099353891,-0.07612885042520942,60.0,333.0,714.88,Estimated (Region),7740.0,2024-05-01,0.9673538357553227
2021.0,2.0,Middle East,Model 3,1.077656903424871,0.9021921686644735,0.6591085745033278,100.0,556.0,1181.19,Interpolated (Month),8104.0,2021-02-01,0.9768259879991723
2025.0,9.0,North America,Model 3,0.360286320837357,0.2664806541139923,-0.1852426873933539,60.0,351.0,597.05,Estimated (Region),7510.0,2025-09-01,0.9617504876600798
2025.0,11.0,Europe,Cybertruck,-0.1908921395354089,-0.028134541883368818,0.6253914440825302,100.0,586.0,806.13,Interpolated (Month),5555.0,2025-11-01,0.8704441913439636
2024.0,9.0,Asia,Model X,-0.38452883239112473,-0.44106532256811637,0.9269872168401286,100.0,588.0,741.67,Official (Quarter),6509.0,2024-09-01,0.9580722342486043
2016.0,9.0,Europe,Model X,1.1782869957750857,1.169575999932198,1.1466572763842888,60.0,340.0,742.51,Official (Quarter),5085.0,2016-09-01,0.9310014068295178
2024.0,2.0,Asia,Cybertruck,1.8981987423108375,2.176197482351867,-1.4438603169103084,75.0,446.0,1163.52,Interpolated (Month),4513.0,2024-02-01,0.8728294690354311
2015.0,3.0,North America,Cybertruck,-1.0688642836515483,-0.9704336627864824,1.58392328274289,60.0,357.0,306.09,Interpolated (Month),7441.0,2015-03-01,0.8764182766022692
2015.0,4.0,Asia,Model Y,-0.5817231547743734,-0.5079699686711028,0.8902163244707582,82.0,455.0,520.95,Estimated (Region),13830.0,2015-04-01,0.8988459726801695
2018.0,7.0,North America,Model S,-0.709289584975908,-0.5791001713700673,0.6458756060595093,82.0,489.0,523.06,Official (Quarter),4710.0,2018-07-01,0.8708022957626084
2025.0,3.0,Asia,Model X,0.5168220200488018,0.7244840384891729,-1.329520690045142,120.0,710.0,1273.31,Estimated (Region),8997.0,2025-03-01,0.8700334740212488
2017.0,4.0,Asia,Cybertruck,-1.0853818493150935,-1.1291267882798817,-1.7298771322271373,75.0,439.0,372.12,Interpolated (Month),14602.0,2017-04-01,0.9666438590489224
2018.0,8.0,North America,Model X,-2.2062892668827607,-2.1878634687166136,1.384376540257957,82.0,459.0,85.37,Official (Quarter),3270.0,2018-08-01,0.9281437125748503
2025.0,5.0,North America,Model X,0.275919677755864,0.23901453624013472,1.265407064344783,75.0,419.0,691.85,Estimated (Region),9530.0,2025-05-01,0.9429501456227514
2022.0,12.0,Europe,Cybertruck,-0.445008534359183,-0.37157839187869895,-1.205648991785161,82.0,488.0,598.12,Official (Quarter),13713.0,2022-12-01,0.9005841507770308
2018.0,2.0,Middle East,Cybertruck,1.3597261016792603,1.2486878095346767,-1.5949385290929805,100.0,579.0,1326.46,Estimated (Region),7772.0,2018-02-01,0.956056338028169
2021.0,5.0,Asia,Model S,-0.0968690734506125,-0.17062970042551878,1.2401096486715175,100.0,567.0,811.46,Official (Quarter),14676.0,2021-05-01,0.9609225501057508
2018.0,5.0,Asia,Model S,-1.0236315653729164,-0.9777110102573335,-0.35745169962186785,120.0,705.0,623.29,Estimated (Region),8450.0,2018-05-01,0.9080264982283162
2015.0,7.0,North America,Cybertruck,-1.402010877265516,-1.4516776084395424,-1.203174271612318,60.0,337.0,222.67,Official (Quarter),4928.0,2015-07-01,0.9850178890876565
2021.0,8.0,North America,Model S,-0.5054882363272412,-0.5225246636128051,0.03431404895349608,82.0,470.0,559.28,Official (Quarter),6248.0,2021-08-01,0.941043890865955
2024.0,8.0,Europe,Model 3,0.49750917404219497,0.5676689381495416,-1.1255329705077184,75.0,430.0,766.26,Estimated (Region),10781.0,2024-08-01,0.9086737035337311
2020.0,3.0,North America,Model X,0.5071655970454985,0.7078165652494814,-1.1933161475094523,60.0,336.0,600.67,Interpolated (Month),5541.0,2020-03-01,0.8717723648599225
2019.0,1.0,North America,Model 3,0.801178265856605,0.7071123058168185,0.11757876520883818,120.0,693.0,1359.15,Estimated (Region),10206.0,2019-01-01,0.9566139888791337
2015.0,4.0,Asia,Model S,0.9340811403494388,1.0425745489086344,1.0604829373348474,100.0,564.0,1150.39,Official (Quarter),5129.0,2015-04-01,0.9007087500827979
2019.0,4.0,Middle East,Model X,1.0087913604276284,1.0512604152448115,0.8381612143799382,100.0,560.0,1166.93,Interpolated (Month),13099.0,2019-04-01,0.9179331306990881
2017.0,8.0,North America,Model S,0.35291694538746754,0.3657812341194774,-1.3335217941607045,60.0,348.0,590.43,Estimated (Region),4406.0,2017-08-01,0.9260684460455215
2018.0,8.0,Asia,Cybertruck,-0.7730728000766752,-0.7870914571498776,-1.0054461676315893,120.0,718.0,740.98,Interpolated (Month),10747.0,2018-08-01,0.9420785978365055
2024.0,12.0,Asia,Model S,0.08050417013638178,0.21976477841401232,0.4871704444789109,120.0,683.0,1048.99,Estimated (Region),8109.0,2024-12-01,0.8832815734989649
2022.0,10.0,Middle East,Model 3,-0.37283947822923114,-0.34082572998574734,0.017734069936485332,60.0,349.0,442.62,Estimated (Region),14674.0,2022-10-01,0.9186223381138635
2020.0,9.0,Europe,Model 3,-0.8706534956890045,-0.8662032667523563,1.3504779933151505,75.0,426.0,415.09,Interpolated (Month),11996.0,2020-09-01,0.9325294286534597
2017.0,1.0,North America,Model S,-0.96798007490651,-0.8934346314819928,-0.7651378663246334,60.0,336.0,308.1,Estimated (Region),14489.0,2017-01-01,0.8924087591240876
2021.0,10.0,Middle East,Model X,0.3064136451347169,0.28760843709388273,-0.31541276967226756,60.0,350.0,584.22,Official (Quarter),5998.0,2021-10-01,0.936621496507028
2016.0,1.0,Asia,Cybertruck,-0.47143663942085545,-0.5096132406806498,-0.44407933146055056,75.0,449.0,543.31,Interpolated (Month),3481.0,2016-01-01,0.950736593989393
2016.0,10.0,North America,Model S,-0.9311331976570627,-0.8497705466568859,-0.7555307431631793,60.0,356.0,334.18,Official (Quarter),4350.0,2016-10-01,0.889425810119386
2023.0,12.0,Asia,Model S,-1.085890082104741,-1.0434418906392149,-0.9902693087286449,120.0,685.0,580.43,Estimated (Region),5372.0,2023-12-01,0.9095153759459025
2015.0,12.0,Asia,Model Y,-1.068101934467077,-0.9788847759784386,-0.9349422398312723,82.0,459.0,393.75,Official (Quarter),3373.0,2015-12-01,0.881745297563984
2016.0,10.0,North America,Model X,-5.072702275459149e-05,-0.06710356382405563,0.3468127061681107,120.0,677.0,1007.58,Official (Quarter),6599.0,2016-10-01,0.9567984570877531
2021.0,2.0,Asia,Cybertruck,-0.5779114088520168,-0.5436524465926955,-1.164650348905607,60.0,352.0,403.81,Interpolated (Month),6614.0,2021-02-01,0.9170263788968825
2022.0,9.0,Middle East,Model Y,-0.7547764196493635,-0.7492962009302958,0.9386644764787656,82.0,460.0,479.69,Estimated (Region),6233.0,2022-09-01,0.9314040728831725
2024.0,7.0,Europe,Model 3,-2.14225193538717,-2.111568696844787,0.157321409318202,75.0,445.0,99.59,Interpolated (Month),9522.0,2024-07-01,0.8982540638169777
2020.0,10.0,Middle East,Cybertruck,2.1523151371346114,2.1480271050453466,-0.8033590968069498,120.0,687.0,1895.3,Interpolated (Month),8649.0,2020-10-01,0.9286074926789861
2017.0,5.0,Europe,Model X,-0.3738559438085262,-0.2680522552772358,-1.695279261869349,82.0,479.0,607.2,Interpolated (Month),14643.0,2017-05-01,0.888269918015556
2020.0,9.0,North America,Model 3,0.3925591029799763,0.5671994318610996,0.7698934316002325,120.0,705.0,1212.64,Official (Quarter),5628.0,2020-09-01,0.8772184822521419
2019.0,8.0,North America,Model S,0.39586261611268536,0.2955900439973969,-1.5009071150300217,82.0,461.0,793.84,Interpolated (Month),13946.0,2019-08-01,0.9634913973982375
2019.0,9.0,Europe,Model S,-0.2135084986747248,-0.16757790955064572,0.15400471767060606,100.0,556.0,757.44,Estimated (Region),7509.0,2019-09-01,0.9134982900824784
2023.0,1.0,Europe,Model Y,1.248677237141271,1.2949341789462148,0.63724266476967,75.0,449.0,999.2,Interpolated (Month),5788.0,2023-01-01,0.9173880781597823
2024.0,3.0,North America,Model X,-0.4165474981389203,-0.5316800362374243,-0.7376540087874727,75.0,441.0,547.92,Interpolated (Month),4819.0,2024-03-01,0.9871290668573471
2015.0,12.0,North America,Model 3,0.16868255914023136,0.29371201884362885,0.03058730626300087,120.0,660.0,1048.01,Interpolated (Month),6444.0,2015-12-01,0.8890568573108255
2020.0,8.0,Europe,Cybertruck,0.035525568252573775,-0.020622441268296664,0.9269698207352788,82.0,468.0,706.35,Estimated (Region),8810.0,2020-08-01,0.9521196063588191
2021.0,11.0,Middle East,Model S,0.46396580992545683,0.6402076597138321,1.147105598857859,120.0,679.0,1196.53,Official (Quarter),5847.0,2021-11-01,0.8778300829410446
2023.0,1.0,Middle East,Model X,-0.9466342977413129,-0.9349859380091107,-0.8915762355973801,82.0,458.0,425.73,Official (Quarter),3778.0,2023-01-01,0.9286677656226585
2023.0,11.0,North America,Model X,-1.158059138234693,-1.0849931971663327,-0.65700417560691,60.0,358.0,288.1,Interpolated (Month),5155.0,2023-11-01,0.8891282731189923
2025.0,8.0,Asia,Model S,0.48937744940783423,0.4195397041460875,0.9737280654149741,120.0,711.0,1263.59,Estimated (Region),8227.0,2025-08-01,0.9521819496905891
2022.0,6.0,North America,Model Y,0.09905466695851729,0.11201308521657109,1.0677888043403947,82.0,483.0,747.1,Estimated (Region),9976.0,2022-06-01,0.9262552771041049
2016.0,3.0,Middle East,Model Y,-1.1875366400342506,-1.1331175917316387,1.2668569054261614,120.0,673.0,529.89,Estimated (Region),4148.0,2016-03-01,0.900497512437811
2025.0,12.0,Europe,Model 3,1.671781034522855,1.9315847060735798,1.1580890024287533,100.0,573.0,1418.26,Interpolated (Month),11849.0,2025-12-01,0.8738085151450964
2019.0,3.0,Middle East,Model Y,0.8306557676561628,1.017455962476987,-1.7134900014581809,120.0,708.0,1400.88,Official (Quarter),14380.0,2019-03-01,0.8799866577718479
2021.0,3.0,Europe,Model 3,-0.7662116574164334,-0.8708983296367763,-1.3068794110667292,100.0,599.0,620.59,Official (Quarter),6782.0,2021-03-01,0.9943852577022747
2021.0,4.0,Europe,Model 3,0.3155618353483728,0.2744622610175065,-0.022476280877567385,120.0,712.0,1192.32,Official (Quarter),7954.0,2021-04-01,0.9441014799154334
2020.0,2.0,Europe,Model Y,0.9917655619744355,1.215587616199515,-0.05032048630091305,120.0,663.0,1374.9,Official (Quarter),9620.0,2020-02-01,0.8731211317418214
2020.0,5.0,Asia,Model S,-1.0515843688035316,-1.05635331357137,-0.7355719435526787,100.0,586.0,508.41,Estimated (Region),8440.0,2020-05-01,0.9395711500974658
2019.0,6.0,North America,Model 3,0.6146568320559548,0.5150842338440365,0.48859245179252886,120.0,680.0,1258.78,Official (Quarter),14972.0,2019-06-01,0.9603891050583657
2021.0,10.0,Europe,Model Y,0.6446425666451602,0.4979472543159031,1.3873139968198176,75.0,437.0,816.69,Official (Quarter),13582.0,2021-10-01,0.9751115285278235
2016.0,10.0,Asia,Model Y,0.5800970023599216,0.4728286678842556,-0.476037964196769,75.0,430.0,787.22,Official (Quarter),3547.0,2016-10-01,0.9632991318074191
2020.0,3.0,Asia,Model Y,0.035525568252573775,0.18642983193462964,-0.7932370489419268,82.0,466.0,703.33,Official (Quarter),9827.0,2020-03-01,0.8787772925764192
2020.0,2.0,North America,Model 3,0.37654977010607854,0.30756245435266816,-0.6404853314726586,100.0,575.0,983.59,Interpolated (Month),14288.0,2020-02-01,0.9530335951863613
2025.0,6.0,Asia,Model 3,-0.029019996032664832,-0.05700917862255242,0.7564367989511961,120.0,666.0,979.82,Estimated (Region),6245.0,2025-06-01,0.9418995486411217
2019.0,9.0,Middle East,Model X,-0.4572061213107241,-0.4802690976530242,1.5603495725445031,100.0,570.0,694.52,Interpolated (Month),12262.0,2019-09-01,0.943437862950058
2016.0,12.0,North America,Model S,-0.07018685199411623,-0.18283686392501103,-1.6537577417811529,120.0,705.0,1020.06,Interpolated (Month),8502.0,2016-12-01,0.9766123316796598
2025.0,10.0,Asia,Model X,-1.2475081092126614,-1.289228432638607,-1.489600640940479,75.0,441.0,331.61,Official (Quarter),5996.0,2025-10-01,0.9707591014717274
2021.0,8.0,Asia,Model 3,0.26880441870079835,0.24887416829741693,1.0131083735118855,75.0,435.0,716.44,Official (Quarter),4357.0,2021-08-01,0.9371799248890407
2022.0,11.0,Middle East,Model Y,2.8902691477028513,3.0342202244796397,-1.3535844733687397,60.0,352.0,1124.43,Estimated (Region),4630.0,2022-11-01,0.9030999533522751
2018.0,5.0,Middle East,Cybertruck,-0.7207248227429778,-0.6206514778971851,0.2724413757437952,120.0,680.0,722.77,Official (Quarter),12636.0,2018-05-01,0.8844233649525711
2016.0,4.0,Middle East,Model Y,0.5651041350653189,0.4977125011716821,1.6593582607209083,120.0,698.0,1271.69,Official (Quarter),12869.0,2016-04-01,0.9506887914840325
2019.0,2.0,Middle East,Cybertruck,1.8478836961357303,1.9536515016303544,0.5659524330301213,75.0,413.0,1065.17,Interpolated (Month),7419.0,2019-02-01,0.9059964169037833
2023.0,1.0,North America,Model 3,2.2143195374716123,2.370103579478417,-0.9452173734189778,82.0,460.0,1285.88,Official (Quarter),4937.0,2023-01-01,0.8980339244410177
2023.0,5.0,North America,Model Y,1.0692710623956867,1.259251701024622,-1.6279036507526787,75.0,440.0,932.58,Official (Quarter),12105.0,2023-05-01,0.8820224719101124
2020.0,2.0,Europe,Cybertruck,2.382544590844951,2.6001616608150018,1.7332539319354605,100.0,571.0,1652.87,Interpolated (Month),6843.0,2020-02-01,0.8879992637585128
2019.0,6.0,Middle East,Model S,-0.754268186859716,-0.8234781945041333,-1.0801037882385838,100.0,559.0,583.09,Estimated (Region),3684.0,2019-06-01,0.9728595411303861
2021.0,7.0,Europe,Model S,-2.0413677266421315,-2.0446640507418006,-0.16285290638791947,120.0,707.0,200.33,Estimated (Region),10085.0,2021-07-01,0.9707091469681398
2019.0,7.0,Middle East,Cybertruck,0.7983829855135435,0.9158078510292917,1.5221601520824843,100.0,597.0,1169.88,Interpolated (Month),5097.0,2019-07-01,0.8974376588582812
2023.0,12.0,Middle East,Cybertruck,-0.3436160928244971,-0.2041994000491225,-1.2308703616286523,75.0,419.0,538.62,Estimated (Region),13352.0,2023-12-01,0.8757408542816268
2015.0,3.0,North America,Model Y,0.3663851143131276,0.397003402300871,-0.02142704723931238,75.0,419.0,714.23,Official (Quarter),11669.0,2015-03-01,0.9203855187494938
2020.0,1.0,Asia,Model S,1.6443364638818874,1.351040180415035,0.06794718103944444,75.0,413.0,1015.55,Interpolated (Month),9830.0,2020-01-01,0.9989031746998964
2015.0,9.0,Asia,Model Y,1.0860427444540557,1.1430488946352244,-0.3105711851766531,120.0,693.0,1475.67,Estimated (Region),8233.0,2015-09-01,0.9143961352657005
2023.0,6.0,Asia,Model S,-0.5392857168388031,-0.6666630941645021,0.950276624982106,82.0,486.0,568.62,Interpolated (Month),10369.0,2023-06-01,0.9979529170931423
2018.0,5.0,Middle East,Model X,0.15292734266115737,0.11764716067787521,-0.5587345733708576,120.0,667.0,1052.93,Official (Quarter),7700.0,2018-05-01,0.9432643183651519
2020.0,4.0,North America,Model 3,-0.4958318133239378,-0.5985846823404106,-0.32116640709360367,82.0,470.0,561.96,Estimated (Region),9489.0,2020-04-01,0.9833456698741673
2015.0,10.0,Asia,Cybertruck,-1.079283055839323,-0.9847536045839637,1.6435213438967877,120.0,716.0,609.49,Estimated (Region),8690.0,2015-10-01,0.8783470051075685
2015.0,9.0,Middle East,Model S,-0.07857269302330078,0.057785108901518965,1.0478682761605642,75.0,428.0,617.15,Official (Quarter),3269.0,2015-09-01,0.8817648137956339
2017.0,9.0,Middle East,Model S,1.370398990261859,1.3975213029707938,0.4381651200841272,120.0,711.0,1633.34,Official (Quarter),10043.0,2017-09-01,0.9220904328978264
2021.0,12.0,Asia,Cybertruck,0.2710914662542123,0.3437144385627029,1.1922609167334937,120.0,684.0,1127.47,Interpolated (Month),12214.0,2021-12-01,0.9066831683168317
2024.0,11.0,Europe,Model X,-0.8083949789571798,-0.7516437323725058,0.6316078178928834,75.0,423.0,427.72,Interpolated (Month),6963.0,2024-11-01,0.9043466595116716
2019.0,3.0,Asia,Model 3,-0.5748620121141315,-0.5772221462162992,0.373044044156052,75.0,428.0,491.77,Official (Quarter),3325.0,2019-03-01,0.9344882274002684
2018.0,7.0,Middle East,Model X,-0.8061079314037659,-0.854935115829748,0.6828905409283509,75.0,433.0,438.41,Interpolated (Month),12554.0,2018-07-01,0.962360992301112
2024.0,8.0,Middle East,Model 3,-1.4304719134857786,-1.3514380158571733,0.3135414130630473,100.0,565.0,363.83,Official (Quarter),8396.0,2024-08-01,0.87630128597673
2022.0,3.0,Middle East,Cybertruck,0.17910133132800612,0.17328365585825337,0.4129069699046669,75.0,427.0,680.66,Official (Quarter),5380.0,2022-03-01,0.932683868702826
2018.0,12.0,North America,Model 3,0.26677148754220814,0.36155567752349926,1.4631227425363327,100.0,571.0,939.75,Estimated (Region),7105.0,2018-12-01,0.8996392259757298
2021.0,7.0,Middle East,Model 3,-0.3253197123971854,-0.4502206951927356,0.04076402760040999,60.0,359.0,465.37,Official (Quarter),11318.0,2021-07-01,0.9890135042343786
2023.0,11.0,Europe,Model X,0.35596634212535283,0.4124971098194573,-1.6278917219950673,120.0,703.0,1194.01,Interpolated (Month),13865.0,2023-11-01,0.912188834286635
2022.0,11.0,Europe,Cybertruck,-0.25518358742582375,-0.3697003667249309,-0.9973132400983037,60.0,330.0,441.44,Interpolated (Month),8207.0,2022-11-01,0.9820504349741218
2025.0,10.0,Asia,Model S,0.9127353631842418,0.9181553824715019,0.6371169157831809,60.0,343.0,695.3,Estimated (Region),5900.0,2025-10-01,0.9277133246378801
2016.0,7.0,Europe,Model X,1.2479148879567998,1.2407062026311626,-1.4669022033318442,82.0,453.0,1007.9,Interpolated (Month),7010.0,2016-07-01,0.9304936955021642
2018.0,2.0,Europe,Model Y,-1.8281640713849852,-1.8573310416534388,-0.7886618733663059,60.0,330.0,135.04,Interpolated (Month),14740.0,2018-02-01,0.9941690962099126
2017.0,12.0,Europe,Model X,0.7770372083483464,0.9719138524981119,-0.8112842651451664,82.0,476.0,926.77,Official (Quarter),11141.0,2017-12-01,0.8772641254393079
2019.0,4.0,Middle East,Model 3,1.19810807457134,1.2475140438135717,-1.4268215777568174,120.0,700.0,1536.88,Estimated (Region),3769.0,2019-04-01,0.9165309956167814
2017.0,1.0,Middle East,Model S,-1.7786113743943492,-1.7383111975333894,-0.6300501537203314,120.0,660.0,289.38,Estimated (Region),9133.0,2017-01-01,0.8991079667794525
2020.0,12.0,Europe,Cybertruck,-1.884577911035863,-1.8944220384403576,0.5917354485444926,82.0,473.0,177.8,Estimated (Region),12994.0,2020-12-01,0.9690641918020109
2016.0,8.0,Asia,Model Y,-0.7926397624781059,-0.85540462211819,1.319160034268989,75.0,445.0,454.1,Estimated (Region),13446.0,2016-08-01,0.9701939532230462
2020.0,7.0,Middle East,Model Y,-0.14337237370336314,-0.2915275696993363,1.6896687367804546,120.0,683.0,958.73,Interpolated (Month),4826.0,2020-07-01,0.9940514127894625
2015.0,9.0,Asia,Model S,0.6225344402954919,0.40850630636770024,-1.4375017920717503,100.0,560.0,1039.25,Interpolated (Month),3318.0,2015-09-01,0.9980638915779284
2016.0,9.0,North America,Model X,0.04416552567658209,0.21225267779894016,-0.28152217523453477,100.0,599.0,907.13,Official (Quarter),11015.0,2016-09-01,0.873356401384083
2018.0,8.0,Middle East,Cybertruck,0.7963500543549533,0.9813039782669521,-0.4468855716886833,82.0,481.0,941.99,Interpolated (Month),13763.0,2018-08-01,0.8800215691561067
2021.0,10.0,Asia,Model X,-0.49481534774464264,-0.5537468317941987,0.9385014501247403,82.0,487.0,582.57,Estimated (Region),5658.0,2021-10-01,0.9611907918524768
2021.0,10.0,North America,Model S,1.2303808567139594,1.1993896492482656,-0.2584618986450146,100.0,557.0,1233.53,Interpolated (Month),8116.0,2021-10-01,0.9365049159530606
2015.0,10.0,Europe,Model Y,0.7391738655196041,0.8716742599157429,0.6819973752021812,60.0,338.0,650.53,Official (Quarter),10082.0,2015-10-01,0.8929640197647714
2025.0,2.0,Middle East,Model X,-0.2584871005585328,-0.3168809092752048,0.5495280248936283,100.0,595.0,794.77,Official (Quarter),7807.0,2025-02-01,0.956909520739308
2015.0,10.0,Middle East,Model 3,0.11735104738582902,0.020224605826158187,-1.3155262692404488,120.0,664.0,1034.25,Official (Quarter),11355.0,2015-10-01,0.9666728728355986
2020.0,8.0,North America,Cybertruck,-1.043198527774347,-0.9716074285075874,-0.8757577089412444,60.0,356.0,310.63,Interpolated (Month),13929.0,2020-08-01,0.8925886143931256
2018.0,11.0,Asia,Model 3,-0.7019202095260185,-0.7293421836715104,1.131865119914319,60.0,336.0,360.86,Official (Quarter),8628.0,2018-11-01,0.9484699960259637
2021.0,9.0,Asia,Model Y,-0.1987697477749459,-0.14551111399387126,1.5918996453325231,100.0,550.0,754.05,Interpolated (Month),5975.0,2021-09-01,0.9107214029493822
2025.0,1.0,Europe,Model Y,0.8560674071385401,0.9179206293272808,-1.1333696672269822,100.0,584.0,1164.29,Official (Quarter),8126.0,2025-01-01,0.9124673898118907
2025.0,3.0,Middle East,Model 3,1.3574390541258463,1.3686466662316101,-0.5573563048351491,120.0,699.0,1600.43,Interpolated (Month),11612.0,2025-03-01,0.925876501273808
2016.0,5.0,North America,Model 3,0.5867040286253397,0.5279956567761918,-1.4978185608717478,100.0,551.0,1010.89,Estimated (Region),4621.0,2016-05-01,0.9477721813250678
2015.0,12.0,Middle East,Cybertruck,1.8501707436891444,1.6998833527274482,1.0398794877817523,100.0,565.0,1457.95,Interpolated (Month),8462.0,2015-12-01,0.9612225512655752
2021.0,3.0,Europe,Model X,-0.8653170513977052,-0.9453150763548349,-1.362758682035206,75.0,439.0,429.14,Official (Quarter),13254.0,2021-03-01,0.9831045406546991
2016.0,12.0,North America,Model 3,-0.3565760289605096,-0.4150077235595849,1.3965831385156098,60.0,333.0,425.52,Interpolated (Month),14471.0,2016-12-01,0.9584833483348335
2022.0,5.0,Middle East,Cybertruck,2.024494590538253,2.171737172611668,1.2707054208506083,75.0,436.0,1169.94,Estimated (Region),13275.0,2022-05-01,0.8986286230974029
2017.0,5.0,Asia,Model X,1.096969749431478,0.9665145301810288,0.43907021456790885,60.0,347.0,741.14,Official (Quarter),12993.0,2017-05-01,0.9638529750219996
2019.0,8.0,Asia,Cybertruck,-0.3311643894781322,-0.4140687109827008,0.8258248908832597,75.0,424.0,548.17,Official (Quarter),9072.0,2019-08-01,0.9692982456140351
2022.0,12.0,Europe,Model X,0.8156629003615601,0.8139249864373757,-1.6860185697101986,100.0,550.0,1083.39,Estimated (Region),5881.0,2022-12-01,0.9298307724987609
2024.0,8.0,Asia,Model S,1.5101630074149346,1.5285135574461146,-0.930693116963702,60.0,340.0,809.11,Estimated (Region),10368.0,2024-08-01,0.9241568124890779
2023.0,11.0,Asia,Cybertruck,-0.3298938075040133,-0.22297965158680286,-0.869572151088055,60.0,342.0,442.41,Official (Quarter),11015.0,2023-11-01,0.8885225633628683
2022.0,3.0,Middle East,Model S,2.1762020782480462,2.4485111296482325,1.2646157900898793,100.0,594.0,1647.1,Estimated (Region),8614.0,2022-03-01,0.8766954377311961
2023.0,8.0,Europe,Model X,0.4322012605724851,0.2427705865476708,0.8866014138828718,60.0,345.0,601.49,Interpolated (Month),7423.0,2023-08-01,0.9942686056458512
2018.0,3.0,Europe,Model S,-0.3614042404621613,-0.3349569013802222,1.0672718915105577,75.0,441.0,562.27,Interpolated (Month),4846.0,2018-03-01,0.9210098602232094
2020.0,5.0,Europe,Model S,0.23348223982029376,0.42235674187673955,-0.31585065448292715,60.0,338.0,549.64,Estimated (Region),9694.0,2020-05-01,0.8704134885588117
2021.0,3.0,Asia,Model 3,-0.6023065827550991,-0.5795696776585093,-1.404282190249671,75.0,420.0,475.78,Official (Quarter),7961.0,2021-03-01,0.9224380114816172
2017.0,11.0,North America,Model S,-0.06230924375457923,-0.12555709673508583,1.1262407107004424,75.0,414.0,600.94,Interpolated (Month),8023.0,2017-11-01,0.9561308171129335
2019.0,7.0,Europe,Model Y,-0.9550201387704975,-0.9319341471342376,-0.8571185281415289,60.0,357.0,330.08,Estimated (Region),6188.0,2019-07-01,0.9219264134011367
2015.0,9.0,Europe,Model Y,-1.2226047025199316,-1.2838291103215238,-0.8889553881437949,75.0,439.0,336.56,Interpolated (Month),13268.0,2015-09-01,0.9853479853479854
2019.0,10.0,Europe,Cybertruck,-1.0843653837357985,-1.003533856121644,-1.3897350703423064,60.0,332.0,281.62,Interpolated (Month),6152.0,2019-10-01,0.8862247296661965
2023.0,12.0,Asia,Cybertruck,0.5038620839127893,0.5458368957369881,0.27971642679217873,100.0,561.0,1001.81,Official (Quarter),3560.0,2023-12-01,0.9171096217548725
2022.0,2.0,Middle East,Model X,-0.3743641765981738,-0.3502158557545875,-1.336519888573757,120.0,719.0,911.22,Estimated (Region),8106.0,2022-02-01,0.9219773024879965
2020.0,4.0,Europe,Cybertruck,-1.4876481023211279,-1.4645890313716976,-0.19769829846614892,75.0,425.0,259.33,Interpolated (Month),11957.0,2020-04-01,0.9209870953135613
2018.0,6.0,Asia,Model 3,1.3879330215046992,1.2292032985643333,0.44177257519850655,60.0,347.0,800.74,Official (Quarter),5218.0,2018-06-01,0.9680342310596527
2019.0,5.0,Europe,Model X,0.9350976059287339,0.7993702914956734,0.5693451705074913,75.0,435.0,887.53,Interpolated (Month),13981.0,2019-05-01,0.9673565180285897
2018.0,5.0,North America,Model X,1.809766236912164,1.8710183948645607,-1.0856432050544773,120.0,661.0,1689.91,Estimated (Region),6414.0,2018-05-01,0.9150649629550092
2024.0,10.0,Europe,Cybertruck,0.36181101920629966,0.18196952219443055,-0.355115154224693,60.0,341.0,580.35,Official (Quarter),6417.0,2024-10-01,0.9925640801329717
2025.0,2.0,Europe,Model Y,-2.1176026450892635,-2.11227295627745,-1.1283794702927898,100.0,589.0,140.39,Official (Quarter),14464.0,2025-02-01,0.9583835946924005
2019.0,2.0,Asia,Model S,-0.09559849147649363,-0.14903241115718632,0.7032623737711535,60.0,352.0,504.03,Estimated (Region),14152.0,2019-02-01,0.9525995409639757
2023.0,11.0,North America,Cybertruck,0.5244455118935151,0.4509966254717021,0.12274789350720472,60.0,331.0,595.1,Estimated (Region),5504.0,2023-11-01,0.9530094617158305
2016.0,12.0,North America,Model Y,-0.31972915171106236,-0.17438575073305485,-0.37991156207827065,120.0,683.0,887.63,Interpolated (Month),7084.0,2016-12-01,0.8740038333501463
2023.0,2.0,Asia,Cybertruck,1.1922633974903933,1.2733368896778823,1.5435846977845125,60.0,354.0,776.0,Estimated (Region),3503.0,2023-02-01,0.9088308457711443
2021.0,4.0,Asia,Model X,-0.3730935946240549,-0.40890414180983875,0.495196510225259,82.0,487.0,617.56,Interpolated (Month),4967.0,2021-04-01,0.9483957819160871
2018.0,12.0,North America,Model X,-0.04553756169621015,-0.046680040276828205,-0.5115374498173682,100.0,595.0,869.56,Estimated (Region),9827.0,2018-12-01,0.931720378693698
2016.0,10.0,Middle East,Cybertruck,-0.7895903657402206,-0.663611303289629,-1.2775252237423806,60.0,338.0,345.52,Estimated (Region),7734.0,2016-10-01,0.8704815429812237
2019.0,6.0,Asia,Model 3,-0.4711825230260317,-0.5856732594082554,0.5987346470731081,75.0,443.0,536.12,Estimated (Region),5935.0,2019-06-01,0.9886043377037128
2019.0,1.0,Europe,Cybertruck,-0.30600686639057856,-0.3060822646410386,-1.4378690983998745,75.0,448.0,585.85,Estimated (Region),9216.0,2019-01-01,0.9322070145423439
2024.0,6.0,Europe,Model Y,-1.5936146389626415,-1.5559080044736686,0.23271811586554952,120.0,664.0,363.64,Official (Quarter),4951.0,2024-06-01,0.9064051638530288
2022.0,10.0,Europe,Model 3,2.774646188058034,3.0703722086896743,0.5102948381405938,60.0,342.0,1069.14,Official (Quarter),14164.0,2022-10-01,0.8780703602275121
2015.0,5.0,Asia,Model Y,-0.5148905429357208,-0.4539767455002717,0.13019292935155366,100.0,565.0,669.19,Interpolated (Month),12765.0,2015-05-01,0.9052969502407705
2024.0,10.0,Europe,Model Y,-1.0736924951531999,-0.997665027516119,-0.49831790122586284,100.0,564.0,481.97,Official (Quarter),13090.0,2024-10-01,0.8893225101467375
2018.0,8.0,North America,Model 3,-0.013264779553590842,-0.1239138247255388,-0.0940324245055418,100.0,554.0,820.2,Interpolated (Month),10508.0,2018-08-01,0.9745260663507109
2021.0,5.0,North America,Cybertruck,-1.9597963639037002,-1.9240009346122042,-0.8395738108526787,100.0,584.0,193.6,Interpolated (Month),3476.0,2021-05-01,0.8983739837398373
2021.0,10.0,North America,Cybertruck,1.0852803952695844,1.123094877376439,0.6106584343690513,75.0,442.0,941.0,Estimated (Region),10909.0,2021-10-01,0.9192357512953367
2020.0,12.0,North America,Model 3,1.4349445545470974,1.4864927446305547,-0.3269439020301621,100.0,561.0,1310.13,Estimated (Region),6085.0,2020-12-01,0.9164704497292206
2015.0,7.0,Asia,Cybertruck,-2.492678443849154,-2.4737927983777976,1.499032279199831,120.0,709.0,12.02,Interpolated (Month),14580.0,2015-07-01,0.9576271186440678
2018.0,8.0,Europe,Model 3,2.1795055913807553,2.118917715161942,0.4061796476432829,82.0,454.0,1259.78,Estimated (Region),4053.0,2018-08-01,0.939894319682959
2021.0,1.0,North America,Cybertruck,-0.9951705291526538,-1.0913315320602999,-1.3169443003015295,75.0,432.0,389.19,Interpolated (Month),11101.0,2021-01-01,0.9998335275511903
2019.0,7.0,Middle East,Model Y,-0.20283561009212628,-0.1570140180607005,-0.23844345524645547,120.0,686.0,938.86,Interpolated (Month),6724.0,2019-07-01,0.913587663963152
2022.0,3.0,Europe,Model Y,1.2064939156005245,1.112296232742273,-1.2540648367413036,82.0,467.0,1027.63,Interpolated (Month),14758.0,2022-03-01,0.9529686890996493
2025.0,8.0,Europe,Model S,-2.2344961867081996,-2.2291800220995106,1.1887985948367221,60.0,333.0,56.39,Estimated (Region),5579.0,2025-08-01,0.9732758620689655
2022.0,8.0,Asia,Model X,0.42254483756918165,0.5127367024018264,-1.0723630186117799,120.0,686.0,1192.1,Estimated (Region),3858.0,2022-08-01,0.9022585669781932
2020.0,4.0,Middle East,Model Y,0.10057936532745994,0.16084173921454012,1.4076833445047843,82.0,455.0,704.2,Official (Quarter),5784.0,2020-04-01,0.9097963142580019
2025.0,4.0,Middle East,Model Y,0.034509102673278676,0.18807310394417667,-0.31779703009988913,75.0,449.0,677.41,Estimated (Region),9950.0,2025-04-01,0.8778912455267522
2021.0,4.0,North America,Model 3,1.627818898218342,1.647533401566164,1.3539085051916235,120.0,666.0,1631.17,Official (Quarter),12871.0,2021-04-01,0.9238429331221003
2023.0,3.0,Europe,Model Y,0.4947138936991335,0.3892565485415779,-0.2840003746283478,120.0,681.0,1212.42,Official (Quarter),13305.0,2023-03-01,0.9638622705863245
2022.0,2.0,Asia,Model Y,0.8992671942585818,0.8012483166494414,0.2767844375775569,60.0,344.0,694.59,Official (Quarter),9954.0,2022-02-01,0.9567844196460302
2021.0,9.0,Middle East,Model 3,0.03603380104222132,-0.07884122103510587,-0.6352063591979522,75.0,428.0,646.11,Official (Quarter),6711.0,2021-09-01,0.9751937984496124
2024.0,6.0,North America,Model 3,-1.0228692161884452,-1.091566285204521,0.0018623609026642326,100.0,566.0,500.66,Estimated (Region),6549.0,2024-06-01,0.9818514818514819
2021.0,11.0,North America,Cybertruck,-0.9448554829775465,-0.9281780968267015,-0.17231936961587066,100.0,572.0,532.3,Official (Quarter),4093.0,2021-11-01,0.9256938227394808
2015.0,9.0,Middle East,Model Y,0.21874348892051487,0.13384512762912454,0.19310271183737615,82.0,477.0,771.52,Estimated (Region),12956.0,2015-09-01,0.9605380367005166
2022.0,7.0,Middle East,Model X,-0.39037350947207156,-0.5229941699012471,0.3287157868081561,75.0,419.0,527.06,Official (Quarter),7151.0,2022-07-01,0.9950166112956811
2016.0,11.0,Middle East,Model X,1.4382480676798066,1.5278092980134514,0.3726349871762873,120.0,681.0,1591.7,Estimated (Region),5614.0,2016-11-01,0.9078303425774877
2016.0,6.0,Asia,Cybertruck,-0.5176858232787823,-0.5100827469690918,1.1899865002822125,82.0,481.0,568.9,Estimated (Region),9506.0,2016-06-01,0.9295060709654603
2017.0,5.0,North America,Cybertruck,-0.5479256742628115,-0.5868470251293604,1.6695011839117508,60.0,355.0,413.54,Estimated (Region),11414.0,2017-05-01,0.9521824423737126
2021.0,8.0,Asia,Model X,-0.199786213354241,-0.22931798648077,0.8519498641158315,82.0,474.0,649.57,Estimated (Region),7657.0,2021-08-01,0.9438991631366876
2022.0,12.0,North America,Model X,0.1890118707261333,0.12422024871606334,-0.7142373605643049,120.0,662.0,1059.13,Official (Quarter),12789.0,2022-12-01,0.9535985695127402
2021.0,6.0,North America,Cybertruck,-1.5966640357005268,-1.5535604730314585,-0.8923953436200448,75.0,418.0,228.17,Estimated (Region),9358.0,2021-06-01,0.9011887072808321
2019.0,3.0,North America,Model S,-0.0371517206670256,-0.03376861734467294,1.4308430274077353,82.0,480.0,703.87,Interpolated (Month),9984.0,2019-03-01,0.9299847792998478
2022.0,7.0,North America,Model Y,1.77850992034884,1.7757086183108326,-0.4819909112765323,75.0,429.0,1088.87,Estimated (Region),11278.0,2022-07-01,0.9287047200878156
2021.0,7.0,Europe,Cybertruck,-1.2104071155683904,-1.1230232065301355,1.6694335876186184,100.0,550.0,425.62,Interpolated (Month),10472.0,2021-07-01,0.8785762942779292
2019.0,6.0,Middle East,Model Y,1.2278396927657216,1.3472841301074987,0.6142723508938039,82.0,459.0,1015.81,Estimated (Region),7229.0,2019-06-01,0.8999085086916743
2016.0,10.0,Middle East,Model 3,-0.2945716286235087,-0.19692205257827133,0.25527887573008384,75.0,431.0,566.53,Estimated (Region),6521.0,2016-10-01,0.8926352246103698
2021.0,7.0,North America,Model S,-1.2081200680149764,-1.2652836119280646,-1.5313433400760577,82.0,463.0,358.92,Estimated (Region),4891.0,2021-07-01,0.9813900493733384
2015.0,11.0,Asia,Model S,1.463659707162184,1.5641960353677073,-1.199567313529506,82.0,484.0,1138.51,Interpolated (Month),5693.0,2015-11-01,0.9054795311507593
2024.0,5.0,North America,Model Y,0.9724527159678287,0.9341185962785301,0.497159784915504,100.0,590.0,1216.79,Official (Quarter),3067.0,2024-05-01,0.9394601981551076
2024.0,11.0,Asia,Model 3,0.7165575063802883,0.8505464769358524,-1.0145110293532824,120.0,680.0,1299.68,Estimated (Region),4610.0,2024-11-01,0.8923594089221935
2022.0,1.0,Asia,Model S,-0.621619428761706,-0.6748794542122373,1.1589598017344014,60.0,359.0,402.58,Estimated (Region),8926.0,2022-01-01,0.960801953476417
2016.0,3.0,Europe,Cybertruck,-0.044012863327267504,-0.0462105339883862,-0.8416225749724736,82.0,462.0,675.61,Interpolated (Month),6687.0,2016-03-01,0.9321158810593747
2023.0,11.0,Europe,Model 3,0.16639551158681742,0.33150727506321065,0.19426675976764285,100.0,580.0,920.2,Official (Quarter),14723.0,2023-11-01,0.8764501160092807
2018.0,8.0,Europe,Cybertruck,-0.3830041340221821,-0.2497415100279974,-1.664940952042042,75.0,418.0,527.62,Official (Quarter),13634.0,2018-08-01,0.8772935779816514
2025.0,12.0,North America,Cybertruck,-0.05621045027880866,-0.019683428691412645,-0.894624033167148,82.0,471.0,685.38,Official (Quarter),3889.0,2025-12-01,0.9176125614831631
2017.0,2.0,Europe,Model 3,0.6520119420950496,0.637625375127401,1.3272546903716043,75.0,420.0,786.74,Official (Quarter),11133.0,2017-02-01,0.933891714029315
2022.0,10.0,Europe,Cybertruck,0.31784888290178676,0.1657715552431812,1.1467417717507045,82.0,461.0,772.61,Estimated (Region),12327.0,2022-10-01,0.9833656046470691
2019.0,12.0,Europe,Model S,-1.21980942217687,-1.2267840962758196,-0.5148079175292194,75.0,441.0,338.82,Interpolated (Month),12638.0,2019-12-01,0.9432780847145488
2022.0,4.0,Asia,Model S,0.750609103286674,0.9498470569413375,-0.193928811060878,60.0,347.0,670.2,Official (Quarter),8716.0,2022-04-01,0.8757992109917018
2016.0,3.0,North America,Model X,-0.9880552700975881,-1.0345212711588168,-0.4363793184222531,60.0,336.0,304.11,Estimated (Region),3878.0,2016-03-01,0.965594495119219
2016.0,1.0,Europe,Model 3,0.08025005374155801,0.15732044205122503,1.2952890991934456,75.0,439.0,674.17,Estimated (Region),12620.0,2016-01-01,0.903937842133145
2023.0,10.0,North America,Model Y,0.5955981024441718,0.4500576128948181,0.7618425142755268,82.0,481.0,884.99,Official (Quarter),4067.0,2023-10-01,0.9755825976298417
2019.0,6.0,Asia,Model Y,-0.2574706349792377,-0.3781514799168871,1.4349847914568015,82.0,484.0,646.79,Official (Quarter),12120.0,2019-06-01,0.9849640685461581
2022.0,7.0,North America,Model S,-0.30880214673364004,-0.19410501484761927,-0.8434377342557079,82.0,466.0,608.62,Estimated (Region),13455.0,2022-07-01,0.885848000813918
2022.0,10.0,Asia,Model S,0.07465949305543498,0.11107407263968708,-0.13321988435439916,120.0,681.0,1043.56,Official (Quarter),7236.0,2022-10-01,0.9179620810495103
2023.0,12.0,North America,Cybertruck,0.5587512251947245,0.6315217933776549,-1.023620126884452,60.0,357.0,649.08,Interpolated (Month),6173.0,2023-12-01,0.908212198411509
2022.0,4.0,Europe,Model Y,1.093666236298769,1.2029109464115808,-1.7348211052255849,75.0,448.0,955.99,Estimated (Region),12770.0,2022-04-01,0.9015209125475285
2022.0,10.0,Middle East,Model Y,0.13539331141831698,0.07492208842965233,-1.1959285454263962,100.0,592.0,928.4,Estimated (Region),9259.0,2022-10-01,0.952619589977221
2023.0,10.0,Asia,Cybertruck,-0.04579167809103392,-0.019213922402970634,1.3148984856122392,75.0,447.0,653.2,Interpolated (Month),9345.0,2023-10-01,0.9213164365424626
2025.0,4.0,Europe,Model 3,0.716811622775112,0.9139298258755237,-1.713681855643101,82.0,470.0,898.38,Interpolated (Month),3295.0,2025-04-01,0.8758677572341742
2017.0,12.0,Middle East,Cybertruck,-1.054379649146593,-1.0382773214663528,-0.7331797306199825,75.0,430.0,372.36,Interpolated (Month),6599.0,2017-12-01,0.9261992619926199
2024.0,6.0,Middle East,Cybertruck,-0.23561662502439312,-0.26593947697924675,0.3152014984973308,82.0,462.0,623.35,Estimated (Region),5102.0,2024-06-01,0.944555287199412
2019.0,7.0,Asia,Model S,0.6883505865548493,0.7646268261509647,-0.6857176892412017,60.0,335.0,634.71,Official (Quarter),6644.0,2019-07-01,0.9078559620498814
2019.0,7.0,Asia,Model 3,-0.05112812238233318,-0.18776667995365212,-1.234456444385644,82.0,455.0,663.46,Estimated (Region),8075.0,2019-07-01,0.9863027597402597
2015.0,6.0,North America,Cybertruck,0.6756447668136606,0.7636878135740807,-0.9940556952071985,100.0,556.0,1049.26,Estimated (Region),3174.0,2015-06-01,0.9045222517794234
2022.0,3.0,Middle East,Model 3,0.7793242559017605,0.7273010762198249,1.611179002790729,75.0,428.0,833.89,Interpolated (Month),10212.0,2022-03-01,0.9443798167805729
2019.0,1.0,North America,Cybertruck,1.4047047035630684,1.3918872275094896,0.10430802236591642,120.0,680.0,1575.9,Interpolated (Month),9231.0,2019-01-01,0.9315646668676515
2021.0,7.0,Europe,Model X,-0.9019098122523287,-0.8462492494935708,0.6216169863615882,82.0,452.0,432.09,Estimated (Region),7940.0,2021-07-01,0.9038434264643312
2016.0,9.0,Europe,Model Y,0.8741096711710281,0.682463225673613,-0.9004298589030344,75.0,417.0,835.79,Interpolated (Month),7175.0,2016-09-01,0.9851802698518027
2017.0,6.0,Middle East,Model 3,-0.04858695843409543,0.03384028819097647,0.37594869663448044,82.0,478.0,697.71,Official (Quarter),3973.0,2017-06-01,0.9010185185185186
2022.0,7.0,Middle East,Model Y,-0.41883454569233425,-0.46195835240378585,-1.361471867307853,60.0,334.0,414.53,Estimated (Region),3401.0,2022-07-01,0.9523480662983426
2015.0,12.0,Europe,Model 3,0.1547061574249238,0.09886690914019482,0.42529746984216465,60.0,331.0,522.86,Official (Quarter),13458.0,2015-12-01,0.950708675634197
2015.0,12.0,Asia,Model 3,0.7396820983092517,0.9406916843167183,-1.2094413426425201,82.0,468.0,900.88,Official (Quarter),14323.0,2015-12-01,0.8751960717452091
2021.0,2.0,Middle East,Model X,-1.2665668388244444,-1.2993228178401102,0.8687579806221642,60.0,337.0,249.62,Estimated (Region),13580.0,2021-02-01,0.9642647920328061
2016.0,12.0,Middle East,Cybertruck,-2.0738946251795745,-2.045603063318685,0.7794523426996738,82.0,479.0,126.53,Interpolated (Month),4613.0,2016-12-01,0.9067971163748713
2015.0,6.0,Asia,Model 3,-0.9357072927638906,-0.8901480874628988,-1.1354661463772238,120.0,671.0,628.06,Estimated (Region),3490.0,2015-06-01,0.9090909090909091
2015.0,3.0,Asia,Model 3,3.9357039960078577,4.259866390457506,-0.5590452181003268,60.0,341.0,1299.72,Official (Quarter),4127.0,2015-03-01,0.8822304006666204
2020.0,8.0,Middle East,Cybertruck,-0.13676534743794502,-0.1379990133787991,0.8345353690975745,100.0,593.0,834.71,Interpolated (Month),10515.0,2020-08-01,0.932061978545888
2023.0,3.0,North America,Model X,0.9132435959738894,1.1033756132618746,-0.914997357104652,75.0,446.0,904.22,Interpolated (Month),6713.0,2023-03-01,0.8801771294607971
2018.0,1.0,Europe,Model X,0.09829231777404597,0.21577397496225525,1.6870424219796307,120.0,675.0,1043.79,Official (Quarter),14636.0,2018-01-01,0.8906263498920086
2019.0,9.0,Europe,Model X,-0.7959432756108149,-0.8105667715719781,1.4887904467271253,120.0,702.0,714.99,Official (Quarter),8027.0,2019-09-01,0.9426627793974732
2025.0,4.0,Europe,Model S,1.0303912539876492,0.8625188872911237,0.7973663544429166,82.0,458.0,960.22,Estimated (Region),9137.0,2025-04-01,0.9753663642707606
2025.0,8.0,North America,Cybertruck,-0.4755025017380358,-0.5361403459776234,-0.535113148142024,100.0,582.0,702.85,Interpolated (Month),13593.0,2025-08-01,0.9616579073100813
2018.0,10.0,Europe,Model X,-0.4358603441455271,-0.32603628189982403,1.278124611053466,120.0,660.0,812.49,Estimated (Region),12336.0,2018-10-01,0.885615625337218
2020.0,3.0,North America,Cybertruck,1.0705416443698055,1.0925769686277085,1.401969469608821,75.0,447.0,947.75,Interpolated (Month),3109.0,2020-03-01,0.9232527759634226
2018.0,10.0,Asia,Model 3,1.3447332343846576,1.2505658346884447,1.1441328530547312,120.0,660.0,1506.19,Interpolated (Month),6693.0,2018-10-01,0.9518863792779828
2024.0,4.0,Middle East,Cybertruck,0.3615569028114759,0.26436787581600324,-1.5534418605831417,100.0,550.0,935.96,Interpolated (Month),3265.0,2024-04-01,0.9629095230011883
2016.0,7.0,Europe,Model Y,0.7274845113577105,0.8547720335318305,0.06468814505363815,82.0,469.0,899.42,Estimated (Region),4769.0,2016-07-01,0.8942435475973981
2024.0,10.0,Europe,Model S,-0.1263465752501703,-0.07132912042003371,1.2394704660761617,82.0,461.0,651.74,Interpolated (Month),6926.0,2024-10-01,0.910452086553323
2016.0,3.0,Middle East,Model 3,-1.2447128288695999,-1.1840590240275968,-0.7788942090086616,60.0,354.0,266.77,Estimated (Region),8084.0,2016-03-01,0.895224518888097
2022.0,5.0,Asia,Model X,-0.816018470801893,-0.7586863266991359,-0.4551835137022629,120.0,693.0,697.61,Official (Quarter),4199.0,2022-05-01,0.9039601293103449
2015.0,11.0,Asia,Model X,-0.6033230483343942,-0.49341527372940047,1.589917483442727,82.0,486.0,550.25,Interpolated (Month),12714.0,2015-11-01,0.8823942015431377
2022.0,2.0,Middle East,Model 3,0.6631930634672957,0.6542928483670923,-0.6718370886653858,60.0,345.0,648.53,Estimated (Region),7583.0,2022-02-01,0.9322323886037343
2020.0,8.0,North America,Model S,1.2636701044358738,1.1341282751548263,-0.1741131565417171,100.0,576.0,1286.93,Official (Quarter),10963.0,2020-08-01,0.9617743914250662
2023.0,2.0,Asia,Model S,-0.5179399396736061,-0.4992841023349256,-0.9904268677354316,82.0,470.0,555.82,Official (Quarter),6818.0,2023-02-01,0.9243756595145972
2025.0,5.0,Europe,Cybertruck,-0.9644224453789771,-0.9798237885553226,1.4277495029337894,60.0,359.0,329.94,Estimated (Region),5083.0,2025-05-01,0.9452329527923481
2018.0,5.0,Europe,Cybertruck,0.603221594288885,0.68880156056758,0.201058199101189,120.0,681.0,1256.04,Interpolated (Month),13936.0,2018-05-01,0.9047829286239882
2017.0,2.0,Europe,Model X,-1.1379839430436147,-1.1070599927231073,-0.7075860841326949,82.0,456.0,372.37,Official (Quarter),10819.0,2017-02-01,0.9164983164983165
2018.0,5.0,Europe,Model X,0.5025915019386705,0.4209482230114135,0.3999766936852429,120.0,713.0,1272.7,Interpolated (Month),12719.0,2018-05-01,0.9559000722949634
2015.0,11.0,Middle East,Model Y,0.8535262431903025,0.9423349563262653,0.631354828825204,82.0,476.0,948.26,Interpolated (Month),12032.0,2015-11-01,0.905316973415133
2020.0,3.0,Middle East,Cybertruck,-0.4945612313498189,-0.36617906956161583,-0.6621797653156497,120.0,712.0,851.84,Interpolated (Month),12169.0,2020-03-01,0.8768689533861038
2020.0,2.0,Middle East,Model X,0.5475701038224785,0.5082763926616273,-0.9775790987561551,75.0,448.0,811.57,Interpolated (Month),4567.0,2020-02-01,0.941970205132205
2020.0,8.0,Asia,Model 3,1.5853814602827716,1.6843896452088618,-1.2927870750433077,100.0,567.0,1374.49,Official (Quarter),10109.0,2020-08-01,0.9063428859850822
2025.0,12.0,Middle East,Cybertruck,0.5208878823659822,0.4162531601269934,1.095786095486422,82.0,476.0,854.8,Interpolated (Month),13057.0,2025-12-01,0.963231152948749
2020.0,3.0,Europe,Model X,-0.846512438180746,-0.8394414083111617,-1.4353879168166588,100.0,577.0,570.45,Official (Quarter),9033.0,2020-03-01,0.9309322033898305
2024.0,12.0,North America,Cybertruck,0.24161396445465452,0.348879007735565,-0.8696979000745441,120.0,700.0,1141.66,Estimated (Region),13826.0,2024-12-01,0.8954867402404876
2016.0,11.0,Asia,Model S,1.306107542371444,1.3801495702984394,1.2070396533511503,60.0,350.0,790.75,Official (Quarter),8159.0,2016-11-01,0.9109162382824312
2024.0,9.0,Europe,Model 3,1.1615153137167167,1.2968122040999828,0.1266346803623225,100.0,589.0,1280.46,Official (Quarter),10149.0,2024-09-01,0.8957354758961681
2018.0,4.0,Middle East,Model Y,1.4616267760035937,1.6599753182098773,1.7287990379990898,100.0,579.0,1361.29,Estimated (Region),12749.0,2018-04-01,0.88418796186608
2018.0,9.0,North America,Model 3,0.39586261611268536,0.3899608079742409,-1.3557227031706218,75.0,421.0,724.96,Official (Quarter),6803.0,2018-09-01,0.9320451408622229
2021.0,7.0,Asia,Model X,-1.2236211680992266,-1.192744890363774,0.6866421351972036,120.0,680.0,520.91,Official (Quarter),4295.0,2021-07-01,0.9160538116591929
2020.0,11.0,Middle East,Cybertruck,0.23144930866170357,0.25403873747027905,-0.8442508778995663,120.0,699.0,1135.84,Estimated (Region),4395.0,2020-11-01,0.9228999829613223
2017.0,1.0,Europe,Model 3,-1.9051613390165887,-1.9258789597659722,0.006777506070216766,100.0,589.0,214.25,Interpolated (Month),11485.0,2017-01-01,0.9889885807504079
2021.0,4.0,Asia,Model Y,-2.222044483361835,-2.2092260048407253,-1.2448921191695386,120.0,697.0,123.16,Estimated (Region),11746.0,2021-04-01,0.9461847389558233
2024.0,1.0,Asia,Model Y,-0.7270777326135721,-0.6690106256067121,-0.8300039650587607,82.0,489.0,517.92,Estimated (Region),9361.0,2024-01-01,0.9045605944145529
2016.0,11.0,North America,Model Y,0.16893667553505515,0.026328187575904313,-0.39954480601228737,75.0,429.0,681.27,Estimated (Region),7428.0,2016-11-01,0.9831909361069836
2017.0,6.0,Middle East,Cybertruck,0.7744960444001087,0.781294299390656,-1.4968220125796106,100.0,568.0,1105.04,Official (Quarter),14049.0,2017-06-01,0.9274885583524027
2016.0,5.0,North America,Cybertruck,1.5757250372794682,1.3695856788084941,-1.5215562914872944,75.0,441.0,1066.54,Official (Quarter),8517.0,2016-05-01,0.9777440873256519
2018.0,6.0,North America,Model 3,0.09905466695851729,-0.028838801316031833,-1.2080923989692733,75.0,428.0,662.03,Estimated (Region),10148.0,2018-06-01,0.9790183233646634
2017.0,11.0,Middle East,Model S,0.4855657034854776,0.6599269238283965,-1.595630397034454,82.0,462.0,820.03,Estimated (Region),5490.0,2017-11-01,0.8786663696443158
2020.0,6.0,Asia,Model Y,-1.1788966826102425,-1.0885144943296479,-0.40048916598987355,82.0,471.0,373.24,Estimated (Region),13754.0,2020-06-01,0.8777205515866423
2019.0,2.0,Europe,Model 3,-0.3751265257826451,-0.45843705524047074,0.9407286485771421,100.0,571.0,723.4,Estimated (Region),9784.0,2019-02-01,0.9704699528898081
2024.0,6.0,North America,Model Y,0.39230498658515256,0.4732981741726976,0.8964406507861853,60.0,353.0,607.12,Estimated (Region),8734.0,2024-06-01,0.9048295454545454
2019.0,10.0,Asia,Model 3,0.3193735812707294,0.3742323473114335,-0.9150132621148012,75.0,439.0,736.14,Interpolated (Month),13484.0,2019-10-01,0.9125714285714286
2024.0,6.0,Asia,Model 3,-0.9026721614368,-0.7988291143609278,1.1397281593066417,75.0,425.0,406.09,Interpolated (Month),6269.0,2024-06-01,0.8782572728526127
2016.0,1.0,Middle East,Cybertruck,0.4220366047795341,0.6136805544168585,-1.1053460334078955,120.0,711.0,1235.33,Estimated (Region),8907.0,2016-01-01,0.872871137905049
2015.0,5.0,Middle East,Model 3,1.218437386157242,1.4648954553622222,-1.2116715232843251,100.0,579.0,1278.17,Official (Quarter),7570.0,2015-05-01,0.8710345643939394
2016.0,1.0,Asia,Model 3,0.4507517573946206,0.5153189869882575,-0.0016720305713439142,100.0,577.0,1012.29,Interpolated (Month),11630.0,2016-01-01,0.9101237257800949
2023.0,10.0,North America,Cybertruck,0.301839550027889,0.11952518583164325,-1.4181021529742939,75.0,414.0,689.93,Official (Quarter),7016.0,2023-10-01,0.9950738916256158
2017.0,3.0,Europe,Model Y,-0.16370168528926507,-0.14504160770542926,-0.22914250353036625,60.0,331.0,460.65,Interpolated (Month),4988.0,2017-03-01,0.9242877067144849
2020.0,11.0,Asia,Model X,-1.4985751072985503,-1.5206950328405178,1.1358214911888382,60.0,344.0,207.69,Estimated (Region),9520.0,2020-11-01,0.9633796074676879
2017.0,9.0,Asia,Cybertruck,0.6520119420950496,0.7650963324394067,-1.599531100773452,120.0,710.0,1329.97,Official (Quarter),10434.0,2017-09-01,0.8974487962630255
2024.0,9.0,Middle East,Cybertruck,-1.0731842623635524,-1.1619922284708224,1.6400391407373305,100.0,571.0,488.12,Official (Quarter),14632.0,2024-09-01,0.9987732211706976
2023.0,3.0,Europe,Model 3,-0.6208570795772346,-0.6368494448484344,-0.9252849164815362,82.0,471.0,528.39,Official (Quarter),13469.0,2023-03-01,0.9415837844643082
2024.0,12.0,Asia,Cybertruck,-0.8848840137991358,-0.7835701599865625,0.5238538592924632,82.0,454.0,438.56,Official (Quarter),4624.0,2024-12-01,0.8800218638972397
2023.0,6.0,Europe,Cybertruck,1.0425888409391904,1.1388233380392465,-1.3898851738755857,120.0,714.0,1502.08,Interpolated (Month),5580.0,2023-06-01,0.9044302573031534
2022.0,10.0,Europe,Model S,0.26702560393703195,0.17210989013714834,0.06514839628481937,75.0,413.0,679.78,Estimated (Region),6174.0,2022-10-01,0.9634735270875406
2019.0,4.0,Asia,Cybertruck,-2.035523049561185,-2.0397342347131597,-0.6582919843973974,82.0,490.0,140.53,Interpolated (Month),7933.0,2019-04-01,0.9720386375190646
2021.0,3.0,Europe,Model Y,-0.14159355893959674,-0.22743996132700195,0.06008463867868927,100.0,562.0,789.47,Estimated (Region),14286.0,2021-03-01,0.9667595746877258
2025.0,5.0,Middle East,Model S,0.5666288334342615,0.7524196626514724,-1.7201079767747915,82.0,487.0,887.7,Official (Quarter),3797.0,2025-05-01,0.8767044224803405
2024.0,2.0,Middle East,Model 3,1.659075214781666,1.8426132644138191,-1.3122408905815832,82.0,484.0,1194.34,Interpolated (Month),8775.0,2024-02-01,0.8890029721696838
2017.0,6.0,North America,Model 3,-0.9196979598899929,-0.9338121722880056,-0.8155294117602001,60.0,336.0,317.67,Interpolated (Month),8796.0,2017-06-01,0.9438454627133872
2021.0,1.0,Middle East,Model S,-0.26001179892747545,-0.31030782123701667,0.4336436239177579,100.0,552.0,736.84,Official (Quarter),3286.0,2021-01-01,0.9533961859867153
2017.0,7.0,Middle East,Model X,-1.2597056961642026,-1.293219236090364,-1.5341421248306826,82.0,467.0,347.8,Estimated (Region),5810.0,2017-07-01,0.9646395958810958
2018.0,4.0,Asia,Cybertruck,-0.9118203516504558,-0.9579917461427692,-1.6901320029599374,100.0,577.0,548.21,Interpolated (Month),13213.0,2018-04-01,0.9633460076045628
2016.0,10.0,Middle East,Model S,-0.6841320618883543,-0.6488218552037057,-0.7584458333045173,100.0,560.0,607.32,Official (Quarter),9198.0,2016-10-01,0.9161175874303091
2022.0,5.0,Europe,Cybertruck,0.7559455475779732,0.923789457932806,1.0533013282210877,75.0,447.0,864.74,Estimated (Region),4181.0,2022-05-01,0.8839010348845179
2025.0,7.0,North America,Cybertruck,-1.0861441984995648,-0.9826408262859746,0.7952316038620048,60.0,340.0,288.05,Interpolated (Month),4114.0,2025-07-01,0.872952086553323
2021.0,8.0,Asia,Model Y,-1.1776261006361235,-1.2284273682853668,-0.9457884626896335,120.0,694.0,550.48,Official (Quarter),8081.0,2021-08-01,0.9751060298727642
2017.0,9.0,Asia,Model S,0.49674682485772365,0.3146050486792983,-1.404764310869807,75.0,449.0,799.92,Estimated (Region),6919.0,2017-09-01,0.9900800266755585
2019.0,3.0,North America,Model 3,0.36308160118041855,0.4819840405088748,1.2723163001597437,60.0,343.0,584.01,Interpolated (Month),8701.0,2019-03-01,0.8931465890313951
2023.0,12.0,Asia,Model 3,-0.10627138005909215,-0.08705758108284105,-1.331229484573006,82.0,451.0,642.95,Estimated (Region),3613.0,2023-12-01,0.9240641711229947
2016.0,9.0,Asia,Cybertruck,0.5419795431363554,0.6981916863364203,0.9303034114561577,100.0,589.0,1065.06,Official (Quarter),10979.0,2016-09-01,0.884446074834923
2017.0,4.0,North America,Cybertruck,0.034254986278454906,-0.06240850093963553,-1.5995589345412127,120.0,662.0,998.66,Estimated (Region),5102.0,2017-04-01,0.9679499518768047
2021.0,4.0,North America,Model Y,-1.306463112811777,-1.244390582092395,-0.19881065511343154,60.0,344.0,246.7,Estimated (Region),13185.0,2021-04-01,0.8928104575163399
2018.0,6.0,Europe,Cybertruck,-0.058751614227046396,0.04628220483468973,0.19487363531113336,60.0,354.0,514.59,Official (Quarter),10577.0,2018-06-01,0.8929328296323598
2015.0,2.0,Asia,Model S,0.6161815304248974,0.4362071773857788,1.1711967189176498,82.0,464.0,859.35,Interpolated (Month),5238.0,2015-02-01,0.9866549464599649
2017.0,3.0,Europe,Model X,2.1436751797106033,2.131594384949876,0.6295441428260738,120.0,664.0,1828.46,Official (Quarter),6296.0,2017-03-01,0.9301783542764491
2022.0,9.0,Middle East,Cybertruck,-0.2849152056202053,-0.3603102409560907,1.7152444901313246,120.0,671.0,885.82,Interpolated (Month),9906.0,2022-09-01,0.9649161276175858
2025.0,2.0,North America,Cybertruck,0.6286332337712625,0.539029054554579,-0.48539408641681275,82.0,480.0,892.51,Official (Quarter),10335.0,2025-02-01,0.9570722668313774
2025.0,6.0,North America,Model X,-0.45847670328484297,-0.5107870064017549,-0.09788740134036268,82.0,454.0,552.84,Estimated (Region),3551.0,2025-06-01,0.957311320754717
2021.0,1.0,Europe,Model Y,-0.9951705291526538,-0.9690251439211564,1.4103325227576973,120.0,679.0,611.71,Estimated (Region),11043.0,2021-01-01,0.9200367647058824
2016.0,9.0,Asia,Model 3,-0.419088662087158,-0.36242301925407977,-0.6038963526568654,120.0,701.0,869.91,Official (Quarter),3835.0,2016-09-01,0.9079236172080772
2022.0,4.0,Europe,Model 3,-0.8482912529445124,-0.902355250962391,1.0412155086342536,100.0,578.0,570.83,Interpolated (Month),3069.0,2022-04-01,0.9665296535525543
2015.0,4.0,Europe,Model X,-0.3720771290447598,-0.37955999878221314,0.16331660408117263,120.0,716.0,908.39,Interpolated (Month),7633.0,2015-04-01,0.9357229782055537
2025.0,4.0,North America,Model X,-0.4668625443140275,-0.5863775188409184,-0.909914215267403,100.0,571.0,692.48,Official (Quarter),11766.0,2025-04-01,0.9910517283647953
2017.0,11.0,Asia,Model Y,0.7122375276682841,0.48597484396063184,1.2942448358708625,60.0,353.0,673.79,Official (Quarter),10527.0,2017-11-01,0.9999214207134999
2019.0,5.0,Europe,Model Y,0.5005585707800803,0.5279956567761918,-0.7793817969760362,82.0,470.0,838.39,Interpolated (Month),7005.0,2019-05-01,0.9215032932971716
2023.0,9.0,Middle East,Cybertruck,-0.577657292457193,-0.45702853637514473,0.9624896846501313,120.0,694.0,796.26,Interpolated (Month),11347.0,2023-09-01,0.8782868297163854
2016.0,8.0,Europe,Model X,1.2034445188626393,1.3785062982888925,0.21761332653984222,120.0,691.0,1519.3,Estimated (Region),4377.0,2016-08-01,0.8868586640851888
2015.0,12.0,Middle East,Model X,1.3706531066566827,1.5233489882732525,-0.059682572899762316,75.0,416.0,955.72,Interpolated (Month),4502.0,2015-12-01,0.8933216681248177
2025.0,6.0,Middle East,Cybertruck,1.197091608992045,0.9446824877684754,0.8349310062250267,100.0,597.0,1310.39,Official (Quarter),13347.0,2025-06-01,0.9967983651226158
2025.0,9.0,Asia,Model S,-0.4993894428514706,-0.5023358932097987,1.3052068670843697,60.0,331.0,395.07,Official (Quarter),13669.0,2025-09-01,0.9343588539220291
2015.0,6.0,Europe,Cybertruck,-0.03689760427220183,0.011538739489981005,-0.8994854989254482,82.0,454.0,665.81,Estimated (Region),4546.0,2015-06-01,0.9133115366651098
2017.0,7.0,Middle East,Model Y,1.0578358246286168,1.0111176275830198,-0.24261305306328204,120.0,692.0,1462.02,Estimated (Region),11357.0,2017-07-01,0.9413219274209718
2022.0,12.0,Middle East,Model 3,-1.448005944728619,-1.488064345793798,0.539814039945237,120.0,700.0,443.52,Estimated (Region),12025.0,2022-12-01,0.9784572619874913
2022.0,2.0,North America,Model 3,-0.7758680804197368,-0.6999980406438848,1.503480711725829,75.0,421.0,433.78,Estimated (Region),9923.0,2022-02-01,0.8951003388063591
2015.0,9.0,North America,Model Y,-0.5362363201009178,-0.4544462517887137,-0.1579129096420094,100.0,576.0,674.96,Estimated (Region),8289.0,2015-09-01,0.8958715596330276
2021.0,10.0,Europe,Model X,-0.20740970519895421,-0.2337782962209691,0.6293060647054091,60.0,332.0,453.48,Official (Quarter),10124.0,2021-10-01,0.9426501035196687
2018.0,11.0,Middle East,Model X,-0.7207248227429778,-0.6530474117996838,0.1670060694041323,75.0,445.0,472.99,Estimated (Region),9647.0,2018-11-01,0.8999237998475997
2016.0,1.0,Asia,Model X,0.05839604378671344,-0.04714954656527021,0.6316595091758668,60.0,332.0,505.57,Official (Quarter),3367.0,2016-01-01,0.9710186513629843
2024.0,12.0,North America,Model S,-0.3494607699054439,-0.47158323131684704,-0.25232952316950996,120.0,716.0,917.95,Interpolated (Month),5612.0,2024-12-01,0.9884352954782005
2020.0,5.0,Middle East,Cybertruck,-0.049349307618566755,-0.05278362202657433,0.07531567402245251,120.0,718.0,1047.71,Interpolated (Month),14589.0,2020-05-01,0.9326047358834244
2021.0,5.0,North America,Model 3,-0.3006704220992793,-0.2485677443068924,-0.9402609746313517,82.0,462.0,605.61,Interpolated (Month),6778.0,2021-05-01,0.9105970615817442
2023.0,8.0,Europe,Cybertruck,-0.6086594926256934,-0.615486908724323,0.15686463730799044,100.0,555.0,626.62,Interpolated (Month),14185.0,2023-08-01,0.9368932038834952
2024.0,5.0,Middle East,Cybertruck,1.3772601329221008,1.1916427954889726,-1.734456284055296,75.0,439.0,1010.27,Interpolated (Month),4333.0,2024-05-01,0.975209763539283
2020.0,10.0,Europe,Model 3,-0.5639350071367092,-0.48754644512387535,0.37345111300954853,120.0,694.0,801.88,Official (Quarter),3642.0,2020-10-01,0.8978901969926565
2024.0,2.0,Europe,Cybertruck,-0.567492636664242,-0.5136040441324069,-0.548881419583664,75.0,432.0,498.25,Estimated (Region),13086.0,2024-02-01,0.9080066131317903
2025.0,11.0,North America,Cybertruck,1.4791608072464342,1.368411913087389,-1.4404198644024917,120.0,687.0,1622.32,Interpolated (Month),11977.0,2025-11-01,0.9549893842887474
2016.0,10.0,Asia,Model X,0.1447956180267966,0.23619749850948268,0.026406276720129292,75.0,436.0,686.18,Interpolated (Month),3851.0,2016-10-01,0.8996741553764362
2018.0,3.0,Asia,Model X,0.9272199976891969,1.0982110440890125,-0.7279807804275866,120.0,688.0,1400.53,Official (Quarter),10432.0,2018-03-01,0.8850267379679144
2020.0,1.0,North America,Cybertruck,0.5938192876804054,0.6559361203766394,-1.633065820609105,100.0,580.0,1066.53,Official (Quarter),9114.0,2020-01-01,0.911449814126394
2018.0,4.0,North America,Model 3,0.7894889116947114,0.6169670984359525,0.3733924632846244,100.0,592.0,1156.98,Interpolated (Month),3539.0,2018-04-01,0.9808039747064138
2019.0,6.0,North America,Cybertruck,0.5150432052850354,0.5758852981972767,-1.2884474924305156,60.0,349.0,625.53,Official (Quarter),14789.0,2019-06-01,0.911511175528263
2025.0,6.0,Asia,Model X,-0.06891627001999735,0.045108439113584704,-1.649194494963143,75.0,437.0,632.62,Official (Quarter),14189.0,2025-06-01,0.8896570796460177
2023.0,10.0,Middle East,Model X,-1.3804109837054952,-1.3767913554330418,1.2267936759559848,100.0,588.0,396.02,Official (Quarter),6457.0,2023-10-01,0.9371738676685452
2023.0,10.0,Asia,Model S,-0.08136797336636228,-0.08846609994816708,-0.6407288769405628,60.0,351.0,505.55,Official (Quarter),12915.0,2023-10-01,0.9341375620196517
2025.0,11.0,Asia,Model 3,-0.3730935946240549,-0.41923328015556294,1.1191565197738444,60.0,335.0,424.81,Estimated (Region),8575.0,2025-11-01,0.9531003382187148
2021.0,8.0,Middle East,Cybertruck,0.017991537009733365,-0.15443173347426944,-0.8947512732483385,100.0,575.0,861.9,Interpolated (Month),7559.0,2021-08-01,0.999499899979996
2016.0,12.0,Asia,Model 3,-1.5079774139070299,-1.4904118772360082,1.2918098782233913,120.0,667.0,399.0,Interpolated (Month),12486.0,2016-12-01,0.9259345251915486
2020.0,12.0,Asia,Model X,1.2199620845261847,1.1024366006849906,-0.9027365824061806,60.0,353.0,779.58,Interpolated (Month),3676.0,2020-12-01,0.9590281396560709
2023.0,5.0,Asia,Model S,0.07720065700367272,0.20521008347231004,-0.2247755841813808,75.0,447.0,685.65,Official (Quarter),10083.0,2023-05-01,0.8869037294015611
2023.0,4.0,Asia,Model X,-0.3964723029478421,-0.4138339578384798,-0.48063152994037506,120.0,707.0,886.79,Official (Quarter),9288.0,2023-04-01,0.9402901158214326
2024.0,12.0,North America,Model Y,0.3956084997178616,0.4409022402701989,0.11247226288793237,100.0,584.0,1005.56,Interpolated (Month),10648.0,2024-12-01,0.9158289452688687
2018.0,4.0,Europe,Model 3,0.032222055119864715,-0.11804499612001369,-1.4223035608114185,100.0,580.0,874.26,Estimated (Region),7091.0,2018-04-01,0.9897567221510883
2022.0,11.0,North America,Model Y,-0.5448762775249262,-0.5755788742067521,1.5220547813902487,82.0,453.0,528.52,Official (Quarter),11080.0,2022-11-01,0.9480741101901512
2025.0,3.0,North America,Model 3,-0.8490536021289837,-0.8793494428287325,-1.0117157238196273,60.0,354.0,349.45,Interpolated (Month),10494.0,2025-03-01,0.9523878437047757
2021.0,5.0,Middle East,Model S,1.3132228014265097,1.3766282731351243,-0.8404326814007149,100.0,597.0,1351.31,Interpolated (Month),5037.0,2021-05-01,0.9134382566585957
2015.0,6.0,North America,Model S,-0.43789327530411726,-0.4466993980294205,-1.2856308145394728,120.0,717.0,881.8,Estimated (Region),10274.0,2015-06-01,0.9367074146007083
2016.0,4.0,Middle East,Model S,0.5358807496605849,0.7122768749896805,-0.005959424869584973,100.0,599.0,1080.99,Estimated (Region),13217.0,2016-04-01,0.8788166544923302
2017.0,1.0,Middle East,Model Y,-0.4643213803657898,-0.3765082079073401,1.368015255130493,100.0,571.0,693.34,Estimated (Region),13919.0,2017-01-01,0.8942775077330977
2018.0,6.0,Middle East,Model 3,1.7431877414683354,1.9569380456494485,0.20596091847956277,75.0,448.0,1127.75,Interpolated (Month),3584.0,2018-06-01,0.8836352148272957
2021.0,1.0,Europe,Model 3,0.46167876237204286,0.5538185026405023,1.3780697067023828,75.0,416.0,732.51,Estimated (Region),14882.0,2021-01-01,0.9019592777564349
2019.0,7.0,North America,Model Y,0.7887265625102401,0.8221413464851108,-1.1557022896021942,100.0,585.0,1143.03,Official (Quarter),5110.0,2019-07-01,0.9200452041248764
2016.0,2.0,North America,Model 3,-0.3570842617501571,-0.45327248606760867,-0.3743458025893174,75.0,448.0,572.34,Estimated (Region),6097.0,2016-02-01,0.976160458452722
2021.0,3.0,Middle East,Cybertruck,-1.0955465051080444,-0.998604040093003,1.368718554798011,100.0,576.0,484.79,Official (Quarter),9523.0,2021-03-01,0.8764448609809434
2024.0,3.0,Europe,Cybertruck,-0.3641995208052228,-0.40373957263697663,-1.1536266857777733,82.0,452.0,575.55,Official (Quarter),7628.0,2024-03-01,0.949977618621307
2018.0,5.0,North America,Model 3,1.1757458318268479,1.2691113330819042,0.7025769672400531,82.0,481.0,1049.71,Official (Quarter),13474.0,2018-05-01,0.9058025152533931
2017.0,7.0,North America,Model X,-0.5962077892793285,-0.6051577703785987,0.5241307058753657,82.0,489.0,555.7,Interpolated (Month),3768.0,2017-07-01,0.9378559049269621
2023.0,10.0,Middle East,Model Y,1.222757364869246,1.2493920689673397,-1.170572480028207,100.0,565.0,1248.71,Interpolated (Month),13799.0,2023-10-01,0.9221429465515083
2015.0,9.0,Middle East,Cybertruck,-0.9748412175667518,-1.0286524425532917,-1.6967479901502793,120.0,668.0,609.82,Official (Quarter),13800.0,2015-09-01,0.9700350653490596
2016.0,5.0,North America,Model X,0.07720065700367272,0.2467613899994279,-0.23024939283041018,120.0,678.0,1039.98,Estimated (Region),9073.0,2016-05-01,0.8734944904757838
2020.0,1.0,Europe,Model Y,-0.411211053847621,-0.41759000814601593,-0.7389741246298246,75.0,421.0,524.4,Interpolated (Month),10742.0,2020-01-01,0.9354511659344373
2022.0,12.0,Middle East,Model X,0.4718434181649938,0.4723591615958136,1.3756084063818534,60.0,358.0,632.53,Interpolated (Month),12688.0,2022-12-01,0.929823176507736
2025.0,11.0,Asia,Model Y,-0.3141385910249393,-0.4361355065394753,0.32624355179314857,120.0,705.0,918.54,Estimated (Region),5288.0,2025-11-01,0.9872698340531939
2022.0,7.0,North America,Model 3,-0.3535266322226243,-0.2997439297470715,-0.5461139478177689,120.0,701.0,897.03,Interpolated (Month),3236.0,2022-07-01,0.9095852436293848
2017.0,10.0,North America,Model X,-0.7349553408531091,-0.6938944588941387,0.35009957592167734,82.0,458.0,482.96,Official (Quarter),11461.0,2017-10-01,0.912987012987013
2018.0,5.0,Asia,Model X,0.4550717361066247,0.4038112434832801,-1.5191655696493,60.0,340.0,597.36,Estimated (Region),9071.0,2018-05-01,0.9464285714285714
2018.0,3.0,Europe,Model X,-0.6864191094417683,-0.7976553486398228,-0.37146152840514235,82.0,479.0,518.83,Estimated (Region),5321.0,2018-03-01,0.9949021769082392
2023.0,6.0,Asia,Model X,0.8636908989832534,0.831766225398172,-0.6987284845745039,82.0,469.0,937.13,Estimated (Region),3854.0,2023-06-01,0.9381646594830622
2022.0,9.0,Asia,Cybertruck,-0.21808259378155273,-0.3295575790631391,0.8680154154608412,100.0,573.0,779.05,Official (Quarter),12395.0,2022-09-01,0.9796800691742326
2016.0,3.0,Asia,Model 3,1.4346904381522736,1.3796800640099973,-1.310936182717813,60.0,335.0,782.29,Estimated (Region),11173.0,2016-03-01,0.9416318877396722
2015.0,8.0,North America,Model 3,1.7236207790669047,1.9531819953419123,0.43685693299938716,82.0,455.0,1140.12,Estimated (Region),14277.0,2015-08-01,0.8803225126475548
2023.0,9.0,North America,Model 3,-0.27373408424795925,-0.23143076477875904,0.5671085284553135,82.0,463.0,614.29,Estimated (Region),6840.0,2023-09-01,0.9146845915201655
2019.0,9.0,Middle East,Model S,0.26677148754220814,0.13079333675425148,-1.1794907174375906,75.0,442.0,727.44,Interpolated (Month),10395.0,2019-09-01,0.978507089984839
2020.0,1.0,Europe,Model X,0.5958522188389955,0.6106287635419855,0.034895575887062165,82.0,460.0,846.42,Estimated (Region),11937.0,2020-01-01,0.9253224711473184
2017.0,9.0,Middle East,Model X,0.04391140928175832,-0.05043609058436428,0.3415744904819103,82.0,489.0,740.47,Estimated (Region),14149.0,2017-09-01,0.9668614117421703
2019.0,8.0,North America,Model Y,-0.2856775548046766,-0.2342478025094111,-0.32523461047073116,75.0,434.0,572.75,Official (Quarter),4289.0,2019-08-01,0.9109546489956513
2025.0,7.0,Middle East,Model Y,-0.08467148649907134,0.03736158535429154,-0.8751329402613365,60.0,330.0,474.66,Official (Quarter),10430.0,2025-07-01,0.8866389274156264
2021.0,12.0,Europe,Model X,0.07567595863473008,0.04088288251760661,-1.1430066122824658,75.0,422.0,646.93,Estimated (Region),6158.0,2021-12-01,0.9436749769159741
2017.0,5.0,Europe,Model Y,-1.5232243975964563,-1.481960764044052,1.107964362944747,75.0,432.0,254.53,Estimated (Region),14604.0,2017-05-01,0.9044439327653696
2017.0,2.0,Europe,Cybertruck,1.1635482448753067,1.357143762164781,-0.7350435989967974,60.0,341.0,741.73,Interpolated (Month),3697.0,2017-02-01,0.8822169495650057
2023.0,5.0,Middle East,Model S,0.3409734748307502,0.4836273125184218,0.7011047597381524,82.0,473.0,799.18,Estimated (Region),10314.0,2023-05-01,0.8858131487889274
2023.0,11.0,Europe,Cybertruck,1.3843753919771664,1.259955960457285,0.4920110349113908,100.0,580.0,1337.19,Interpolated (Month),4841.0,2023-11-01,0.9592460837546027
2022.0,2.0,Asia,Model X,0.07364302747613988,0.156381429474341,-0.21789666729201565,120.0,697.0,1067.66,Official (Quarter),7086.0,2022-02-01,0.9019607843137255
2017.0,7.0,Europe,Model S,-1.931589444078261,-1.8941872852961366,-0.309669072882275,120.0,699.0,243.36,Interpolated (Month),6122.0,2017-07-01,0.8971781986857363
2016.0,1.0,Europe,Model X,-0.6378828780304274,-0.6730014290584692,1.0999517170507114,60.0,332.0,369.12,Interpolated (Month),13737.0,2016-01-01,0.951598408011298
2019.0,7.0,Europe,Cybertruck,-1.3552534606179416,-1.279603553725546,-1.3749926170290514,120.0,699.0,481.16,Official (Quarter),13883.0,2019-07-01,0.8816522574447646
2025.0,10.0,Europe,Model 3,-0.5705420334021273,-0.45796754895202874,1.7383122221943526,75.0,419.0,482.5,Official (Quarter),4444.0,2025-10-01,0.8819069500287191
2024.0,12.0,Middle East,Model S,-0.9570530699290877,-1.0227836139477664,0.45837144141506925,60.0,352.0,325.04,Interpolated (Month),13315.0,2024-12-01,0.9772979838069534
2021.0,11.0,Asia,Model S,-1.5006080384571403,-1.5500391758681433,-0.6025071494266795,82.0,456.0,274.76,Interpolated (Month),11519.0,2021-11-01,0.9911176905995559
2019.0,11.0,North America,Model 3,-0.038676419035968246,0.05332479916131987,-1.018326740694298,75.0,439.0,643.35,Official (Quarter),3253.0,2019-11-01,0.8977304052191492
2016.0,6.0,Europe,Model X,0.9627962929645253,1.1090096887231788,0.5490290052002094,82.0,456.0,937.83,Estimated (Region),7059.0,2016-06-01,0.89148244473342
2024.0,12.0,North America,Model 3,-0.20029444614388855,-0.27486009645964493,-1.3839903794891792,82.0,475.0,650.8,Estimated (Region),11158.0,2024-12-01,0.9629942013705851
2022.0,10.0,Asia,Cybertruck,-0.27551289901172565,-0.1997390903089234,1.0866968792179388,120.0,711.0,942.57,Official (Quarter),14899.0,2022-10-01,0.9013768485466599
2015.0,2.0,Europe,Cybertruck,-1.1682237940276439,-1.2070648321612554,0.7986203650868374,82.0,466.0,372.22,Interpolated (Month),10587.0,2015-02-01,0.9657236126224157
2025.0,1.0,North America,Model 3,-1.7692090677858696,-1.7655425622630259,-1.1092864996722658,82.0,462.0,205.13,Interpolated (Month),8460.0,2025-01-01,0.9441786283891547
2018.0,4.0,North America,Model X,-0.8411759938894466,-0.8380328894458356,1.4967026922445963,100.0,566.0,561.36,Interpolated (Month),8584.0,2018-04-01,0.9331075359864521
2015.0,7.0,Middle East,Model S,-0.7903527149246918,-0.8725416016463233,0.8078442769100189,120.0,716.0,731.61,Estimated (Region),5174.0,2015-07-01,0.9816976509583514
2022.0,8.0,North America,Model S,0.8276063709182775,0.8916282771745283,1.1413633931625677,82.0,455.0,899.47,Official (Quarter),9057.0,2022-08-01,0.9117891241178913
2021.0,6.0,Middle East,Model 3,-0.7590963983613677,-0.8147923281679561,1.5219827118130114,120.0,691.0,718.81,Interpolated (Month),7377.0,2021-06-01,0.965205288796103
2023.0,4.0,Europe,Cybertruck,-0.9837352913855839,-0.9258305653844915,1.5789226481457876,100.0,591.0,536.42,Estimated (Region),13834.0,2023-04-01,0.9015196662693683
2020.0,10.0,Middle East,Model Y,0.48454923790618254,0.6686127901645736,-0.3562687644920492,60.0,350.0,621.02,Interpolated (Month),8871.0,2020-10-01,0.8759626777251185
2024.0,8.0,Asia,Model 3,-1.4126837658481146,-1.345099680963206,0.8855909487068545,82.0,473.0,309.55,Interpolated (Month),7347.0,2024-08-01,0.8857084855866829
2020.0,7.0,North America,Model X,-1.980125675489602,-1.9406684078518954,1.282008912750748,100.0,583.0,186.27,Interpolated (Month),3563.0,2020-07-01,0.8915864378401005
2018.0,2.0,Europe,Model 3,1.2400372797172627,1.1979811303829397,-0.41623959932130977,82.0,488.0,1083.51,Estimated (Region),6014.0,2018-02-01,0.9392727964972397
2015.0,8.0,Middle East,Model X,0.09422645545686557,-0.0039549680286053174,-0.16086776230871974,100.0,557.0,859.98,Official (Quarter),5116.0,2015-08-01,0.9674781464423348
2016.0,11.0,Europe,Model S,-0.9837352913855839,-0.8805232085498376,0.5911072006436142,60.0,350.0,317.68,Official (Quarter),7343.0,2016-11-01,0.8763215061549602
2022.0,11.0,North America,Model X,-0.14362649009818693,-0.06757307011249764,0.1952901477644058,82.0,468.0,656.86,Official (Quarter),9789.0,2022-11-01,0.9024884259259259
2020.0,4.0,North America,Model S,0.315307718953549,0.19746322971301686,-0.44327165516393074,60.0,345.0,577.69,Official (Quarter),11705.0,2020-04-01,0.9709489432025746
2022.0,12.0,North America,Cybertruck,-1.342547640876753,-1.3516727690013943,-0.5767300982911131,60.0,335.0,233.11,Estimated (Region),10287.0,2022-12-01,0.9471212739893834
2019.0,4.0,Europe,Model S,0.532323120133052,0.5242396064686556,1.0275466435060436,100.0,578.0,1041.87,Interpolated (Month),7104.0,2019-04-01,0.932345410815424
2023.0,9.0,Europe,Model X,-1.1240075413283073,-1.1629312410477064,0.5903696057979628,60.0,352.0,290.35,Official (Quarter),8377.0,2023-09-01,0.964398456681866
2024.0,5.0,Middle East,Model Y,-0.30880214673364004,-0.2628876861043737,1.2442494245943148,75.0,430.0,561.6,Interpolated (Month),5600.0,2024-05-01,0.9130662751677853
2016.0,5.0,Asia,Model X,0.004015135294425793,-0.13025215961950595,0.17146692771930916,60.0,343.0,511.31,Estimated (Region),13132.0,2016-05-01,0.9838629838629839
2024.0,5.0,Europe,Model S,-0.06789980444070226,-0.17485525702149687,-0.4698638380696239,82.0,466.0,674.88,Official (Quarter),14918.0,2024-05-01,0.9741701140147311
2017.0,2.0,Middle East,Model Y,0.1958730133863752,0.30239788517980604,-0.14153671356753073,75.0,427.0,684.89,Official (Quarter),6634.0,2017-02-01,0.8952612190221031
2023.0,5.0,Asia,Model X,0.17096960669364533,0.13854019051354463,1.7122116035085715,82.0,470.0,746.95,Estimated (Region),9646.0,2023-05-01,0.9421127512004268
2021.0,11.0,Asia,Model Y,-1.1763555186620047,-1.2173939705069796,-1.0807076815926717,100.0,571.0,453.35,Interpolated (Month),10899.0,2021-11-01,0.9676416819012797
2015.0,8.0,Europe,Cybertruck,-1.2454751780540712,-1.241338791217522,1.5608028653337445,75.0,418.0,314.82,Official (Quarter),10034.0,2015-08-01,0.9353576751117735
2017.0,3.0,Asia,Model X,2.0773508006615984,1.793315104127408,0.43026480332426814,82.0,491.0,1332.84,Estimated (Region),5281.0,2017-03-01,0.9891773708663569
2018.0,11.0,North America,Model Y,-1.981396257463721,-1.961796190831786,-1.4307590618317847,82.0,466.0,148.54,Interpolated (Month),7962.0,2018-11-01,0.9243149195302305
2022.0,3.0,North America,Cybertruck,-0.516923474094311,-0.5098479938248708,-0.11949236950126585,82.0,461.0,545.46,Interpolated (Month),9060.0,2022-03-01,0.9297501178689298
2020.0,11.0,Europe,Model 3,-1.2508116223453705,-1.1540106215673083,0.217360337472162,82.0,479.0,359.25,Interpolated (Month),6905.0,2020-11-01,0.8710801393728222
2016.0,6.0,Asia,Model Y,1.2123385926814714,0.9700358273443439,-1.1615776997574818,75.0,417.0,919.05,Interpolated (Month),11711.0,2016-06-01,0.9935758723289153
2018.0,12.0,North America,Model S,0.9854126521038412,0.7620445415645336,-0.840627020743471,120.0,687.0,1422.09,Estimated (Region),5723.0,2018-12-01,0.9926629261976694
2015.0,11.0,Europe,Model Y,-0.6284805714219478,-0.6950682246152436,-1.086345013627294,100.0,588.0,657.0,Interpolated (Month),7201.0,2015-11-01,0.9680311890838207
2017.0,3.0,North America,Model 3,1.7083737953774782,1.986986448109737,0.15936917937486245,82.0,490.0,1223.41,Interpolated (Month),3907.0,2017-03-01,0.8705543933054394
2016.0,1.0,Middle East,Model X,-0.019617689424185195,0.12586352072561038,-1.0020648618802637,100.0,581.0,857.99,Estimated (Region),10578.0,2016-01-01,0.8796461758398856
2017.0,5.0,Europe,Model S,-1.0985959018459297,-1.043911396927657,0.22057066436438846,82.0,489.0,410.69,Estimated (Region),8955.0,2017-05-01,0.9017555161861813
2021.0,4.0,Europe,Model Y,-0.7486776261735929,-0.8359201111478466,-0.3051823689256061,82.0,477.0,499.13,Interpolated (Month),11544.0,2021-04-01,0.9832276250880903
2020.0,4.0,Asia,Model 3,0.4438906147343787,0.37963166962851663,1.0751702201441484,120.0,674.0,1179.74,Official (Quarter),3759.0,2020-04-01,0.9507862788234336
2020.0,12.0,Europe,Model S,1.129496647968921,1.312071158474348,-0.1806993218380298,100.0,567.0,1221.91,Estimated (Region),4658.0,2020-12-01,0.8843951985226224
2025.0,6.0,North America,Model S,-1.229974077969821,-1.2080038447381394,0.6754286060107183,82.0,472.0,359.81,Official (Quarter),8210.0,2025-06-01,0.9223230490018148
2023.0,9.0,Middle East,Model X,-0.10195140134708798,-0.11217616751448857,0.23585736724367307,82.0,457.0,652.66,Official (Quarter),8629.0,2023-09-01,0.9354490076635882
2015.0,3.0,Middle East,Model X,0.20908706591721146,0.030318991027661394,1.6142615925701973,100.0,591.0,952.54,Estimated (Region),11351.0,2015-03-01,0.9962911451089476
2017.0,9.0,Europe,Cybertruck,-0.24806832837075807,-0.11781024297579268,1.730847802118884,100.0,591.0,793.06,Estimated (Region),13138.0,2017-09-01,0.881032105574158
2017.0,7.0,Asia,Model S,-0.10779607842803479,-0.15349272089738542,0.024207906098622264,100.0,597.0,850.55,Estimated (Region),13515.0,2017-07-01,0.9496100779844031
2022.0,2.0,Europe,Model Y,0.7635690394226864,0.8233151122062159,0.19049230204670087,120.0,660.0,1279.77,Interpolated (Month),11358.0,2022-02-01,0.9127303537386147
2024.0,1.0,Middle East,Model 3,0.05331371589023796,0.05379430544976188,1.5021436968101942,82.0,487.0,740.14,Interpolated (Month),12429.0,2024-01-01,0.9308222324299494
2021.0,8.0,Asia,Cybertruck,-1.2909620127275268,-1.2519026827074673,1.2311655656206422,60.0,337.0,244.76,Official (Quarter),8898.0,2021-08-01,0.9096374225061056
2015.0,10.0,Middle East,Cybertruck,0.2195058381049862,0.11882092639898023,-1.650109530078267,75.0,445.0,719.97,Official (Quarter),3255.0,2015-10-01,0.9663142805948755
2015.0,12.0,Europe,Cybertruck,-0.047316376459976564,-0.06992060155470768,-0.16452989089548595,60.0,334.0,487.77,Official (Quarter),12537.0,2015-12-01,0.939949797258158
2024.0,4.0,Europe,Model Y,1.371415455841154,1.556449181608414,-1.3263282562893335,60.0,350.0,804.25,Official (Quarter),7906.0,2024-04-01,0.8862084924216128
2023.0,1.0,North America,Cybertruck,-0.9844976405700553,-1.0263049111110816,0.046015663138922976,60.0,339.0,307.54,Official (Quarter),5011.0,2023-01-01,0.962444302991725
2020.0,8.0,Middle East,Model 3,0.6901294013186158,0.8690919753293118,-1.3088650521774963,120.0,692.0,1311.82,Estimated (Region),13553.0,2020-08-01,0.8802061568463574
2024.0,3.0,Middle East,Cybertruck,0.9208670878186026,1.0878819057432885,1.7393848163162637,100.0,581.0,1180.53,Estimated (Region),12541.0,2024-03-01,0.885938521909745
2017.0,12.0,North America,Model S,0.5363889824502325,0.3444186979953659,-1.6135399354935929,82.0,473.0,853.74,Estimated (Region),8258.0,2017-12-01,0.9925760950259837
2019.0,10.0,Europe,Model 3,-0.7842539214489213,-0.7460096569112017,-0.8540702335401941,82.0,483.0,495.27,Estimated (Region),12813.0,2019-10-01,0.9141481679593474
2015.0,4.0,Europe,Cybertruck,-0.6132335877325213,-0.5234636761896891,-0.7543701744538822,75.0,416.0,468.56,Official (Quarter),11360.0,2015-04-01,0.891170187514835
2023.0,7.0,North America,Cybertruck,-0.3075315647595212,-0.325566775611382,0.3740763787210241,75.0,433.0,565.84,Interpolated (Month),10816.0,2023-07-01,0.9399072176070774
2018.0,10.0,North America,Model X,-0.4457708835436543,-0.5253417013434571,-0.27827208581693685,120.0,673.0,824.56,Official (Quarter),3002.0,2018-10-01,0.9703017343787123
2018.0,6.0,Middle East,Model Y,-0.39901346689607986,-0.2626529329601527,1.1950746124351332,120.0,677.0,848.15,Interpolated (Month),3926.0,2018-06-01,0.8757470902799622
2022.0,9.0,Asia,Model S,0.7816113034551744,0.6357473499736329,1.255961476442652,60.0,337.0,657.05,Estimated (Region),5717.0,2022-09-01,0.9726129901227177
2024.0,7.0,Europe,Model Y,-1.4970504089296075,-1.435479641488293,-0.15787513524290622,60.0,351.0,212.23,Interpolated (Month),4146.0,2024-07-01,0.8876899361374146
2019.0,11.0,Middle East,Cybertruck,0.25635271535443344,0.10919604748591903,1.6402459058692647,82.0,451.0,739.48,Estimated (Region),12632.0,2019-11-01,0.9829152054671343
2022.0,10.0,Asia,Model 3,0.14733678197503436,0.1991065017225639,0.8788402659618143,60.0,350.0,551.35,Interpolated (Month),5380.0,2022-10-01,0.9128998609179416
2017.0,10.0,Middle East,Cybertruck,-1.795637172847542,-1.816718747703205,0.43602341106127535,100.0,563.0,241.19,Estimated (Region),8854.0,2017-10-01,0.9790881042166609
2023.0,6.0,Asia,Model Y,-0.9011474630678573,-0.8255909728021223,-0.8885040834808221,82.0,480.0,459.07,Official (Quarter),3820.0,2023-06-01,0.8931222860344586
2016.0,2.0,Middle East,Cybertruck,0.4484647098412066,0.37657987875364357,0.5877000492507966,60.0,354.0,620.58,Estimated (Region),12147.0,2016-02-01,0.9532626427406199
2025.0,3.0,North America,Model Y,-0.15201233112737148,-0.14152031054211417,0.9752683662415735,100.0,567.0,793.01,Estimated (Region),5144.0,2025-03-01,0.927484333034915
2024.0,10.0,Middle East,Model 3,0.8558132907437164,0.7183804567394266,1.6469444002997538,75.0,417.0,831.29,Official (Quarter),4213.0,2024-10-01,0.968941382327209
2022.0,6.0,Asia,Model Y,0.31835711569143427,0.3293944967652216,0.06535615547988871,60.0,357.0,598.42,Interpolated (Month),9588.0,2022-06-01,0.9266937557011361
2024.0,12.0,Europe,Model X,0.25025392187866285,0.28713893080544073,-0.5350594687327717,60.0,331.0,541.53,Interpolated (Month),9499.0,2024-12-01,0.9181749305497096
2019.0,12.0,Europe,Model X,-1.014991607948908,-1.0702037490804095,-0.4590986313567086,75.0,416.0,369.91,Official (Quarter),10538.0,2019-12-01,0.9722814498933902
2024.0,12.0,Middle East,Model 3,-1.0686101672567245,-1.0873407286085428,1.4473171387009427,100.0,578.0,495.66,Official (Quarter),11858.0,2024-12-01,0.9490371845949536
2016.0,11.0,North America,Model S,-1.8131712040903825,-1.7582652147921747,0.749272585942287,120.0,696.0,290.96,Official (Quarter),6712.0,2016-11-01,0.8802905874921036
2017.0,2.0,Europe,Model Y,-0.8643005858184102,-0.8227739350714703,-0.36025744281843297,100.0,585.0,572.22,Official (Quarter),5390.0,2017-02-01,0.9119004335058034
2015.0,4.0,Middle East,Model 3,0.11811339657030034,0.16788433354117024,-0.17476377086311712,120.0,677.0,1054.8,Estimated (Region),6943.0,2015-04-01,0.913464075279219
2017.0,3.0,North America,Model X,-1.2612303945331451,-1.3033136212918672,-1.245120256658861,82.0,476.0,354.07,Interpolated (Month),12375.0,2017-03-01,0.9715909090909091
2025.0,4.0,North America,Model 3,-0.168275780396093,-0.010528056066793454,1.3724219370048507,100.0,567.0,787.56,Estimated (Region),14978.0,2025-04-01,0.8726792950711526
2024.0,7.0,North America,Cybertruck,1.4768737596930201,1.6656093936711813,1.6546001775285748,120.0,686.0,1619.03,Interpolated (Month),3725.0,2024-07-01,0.8863725987268323
2019.0,10.0,Middle East,Cybertruck,0.28837138110222893,0.21976477841401232,0.15806894479519695,120.0,693.0,1149.38,Estimated (Region),7278.0,2019-10-01,0.953847481021394
2020.0,2.0,North America,Model X,-0.12126424735369482,0.0005053417115937756,-0.35704413373680444,82.0,459.0,650.29,Official (Quarter),8097.0,2020-02-01,0.8861887783824357
2024.0,2.0,Europe,Model X,-1.6917035673646184,-1.6873697652374313,1.0029917929941012,120.0,692.0,338.91,Interpolated (Month),9564.0,2024-02-01,0.9414648212226067
2020.0,1.0,North America,Model S,-0.6467769518492595,-0.5816824559564984,-0.6511849300187104,60.0,353.0,390.61,Official (Quarter),8311.0,2020-01-01,0.9020542920029347
2017.0,1.0,North America,Model X,0.7567078967624445,0.8629883935795657,-1.2379972972700255,60.0,352.0,681.12,Interpolated (Month),12227.0,2017-01-01,0.9000837287189506
2022.0,3.0,Europe,Model 3,0.618976810767959,0.5603915906786904,0.8423318062598993,100.0,589.0,1091.83,Estimated (Region),12159.0,2022-03-01,0.9474814076516139
2016.0,10.0,Middle East,Model Y,-0.30473628441645967,-0.2981006577375244,1.3066084961037343,75.0,431.0,563.94,Interpolated (Month),11427.0,2016-10-01,0.9293628808864266
2019.0,12.0,Middle East,Model S,1.2697688979116444,1.1846002011623424,1.49500831163218,75.0,414.0,926.47,Official (Quarter),9592.0,2019-12-01,0.9501337409247229
2025.0,1.0,Asia,Model S,0.7976206363290721,0.6338693248198649,1.173446780822141,75.0,447.0,875.74,Interpolated (Month),4643.0,2025-01-01,0.9779125486672656
2015.0,9.0,Europe,Model 3,0.9706739012040623,0.7373954614213281,-0.9627148727089482,75.0,421.0,867.81,Interpolated (Month),11062.0,2015-09-01,0.9960136261506124
2019.0,3.0,Asia,Cybertruck,-2.0055373149719795,-2.005225522512672,1.6011220660610033,82.0,456.0,138.85,Estimated (Region),9957.0,2019-03-01,0.9602649006622517
2017.0,3.0,Asia,Model S,-0.4165474981389203,-0.276972874757634,-1.049856932219632,120.0,717.0,890.84,Official (Quarter),14937.0,2017-03-01,0.8741029970451667
2015.0,3.0,Europe,Cybertruck,-1.1420498053607953,-1.1587056844517283,-0.7135340608967871,120.0,708.0,576.45,Interpolated (Month),12721.0,2015-03-01,0.948951048951049
2017.0,7.0,Asia,Model 3,0.35291694538746754,0.1946461919823648,-0.36860807017813113,100.0,577.0,978.97,Official (Quarter),9037.0,2017-07-01,0.9848498040922943
2021.0,12.0,Europe,Model 3,0.9821091389711321,0.8146292458700387,1.0626688821671757,75.0,442.0,914.08,Official (Quarter),4526.0,2021-12-01,0.9760016989947614
2015.0,3.0,Europe,Model Y,0.07872535537261537,0.21647823439491826,0.8422925407660947,100.0,584.0,896.32,Official (Quarter),11429.0,2015-03-01,0.8837450336845742
2019.0,8.0,North America,Model X,-0.061038661780460364,-0.014988365806992546,-1.2267027519380942,60.0,354.0,514.11,Interpolated (Month),5820.0,2019-08-01,0.9140861027190332
2025.0,9.0,Asia,Cybertruck,-0.16598873284267904,-0.12954790018684292,0.19984395098263963,120.0,684.0,951.0,Official (Quarter),8148.0,2025-09-01,0.9173594615993665
2018.0,3.0,North America,Model 3,0.4700646034012274,0.41719217270387743,0.17810925758271012,75.0,414.0,731.04,Official (Quarter),8113.0,2018-03-01,0.9468350357918442
2022.0,8.0,Europe,Cybertruck,-0.011740081184648197,-0.1236790715813178,-1.5822513013098936,100.0,582.0,862.17,Interpolated (Month),12287.0,2022-08-01,0.9750222134465396
2015.0,2.0,Europe,Model S,-0.7959432756108149,-0.8206611567734813,1.6460398028475398,60.0,358.0,364.62,Interpolated (Month),6021.0,2015-02-01,0.9483240223463687
2020.0,5.0,North America,Model 3,-0.8460042053910984,-0.761738117574009,-0.24704955683166901,75.0,434.0,429.2,Official (Quarter),4075.0,2020-05-01,0.8896235325866955
2022.0,6.0,Europe,Cybertruck,-0.9069921401488041,-0.900946732097065,-1.656479983674437,75.0,438.0,417.39,Interpolated (Month),6528.0,2022-06-01,0.9317981812848343
2025.0,4.0,North America,Cybertruck,-0.5476715578679877,-0.40960840124250175,0.7304420479892183,60.0,331.0,385.63,Official (Quarter),3421.0,2025-04-01,0.8716193468746493
2024.0,2.0,Europe,Model 3,-1.063527839360249,-1.0011863246794341,-0.056147187362619665,75.0,447.0,384.67,Estimated (Region),6524.0,2024-02-01,0.8976685964637772
2025.0,2.0,Asia,Cybertruck,0.5003044543852565,0.3512265391777751,0.18215459750774907,120.0,668.0,1191.48,Official (Quarter),10334.0,2025-02-01,0.9785220539828835
2016.0,7.0,North America,Model 3,0.034509102673278676,0.1988717485783429,-0.4548579580257791,120.0,679.0,1024.41,Official (Quarter),4786.0,2016-07-01,0.8743805963661654
2023.0,12.0,Middle East,Model S,-0.13625711464829748,0.014121024076412058,-0.6434506218022794,100.0,572.0,805.32,Interpolated (Month),4375.0,2023-12-01,0.875886524822695
2025.0,12.0,Middle East,Model Y,1.8804105946731733,1.9287676683429278,-1.3079654250409534,100.0,598.0,1553.78,Estimated (Region),4474.0,2025-12-01,0.9178677405680373
2023.0,7.0,Europe,Model Y,2.5662707443025394,2.5313789895582475,0.6945812204193005,82.0,468.0,1405.47,Official (Quarter),5427.0,2023-07-01,0.9338588553570596
2020.0,12.0,Asia,Model 3,0.10286641288087389,0.22704212588486347,1.7285023101535009,82.0,451.0,698.62,Official (Quarter),4354.0,2020-12-01,0.8884969457110901
2018.0,12.0,Europe,Cybertruck,-0.8391430627308565,-0.7244123676428693,-0.24901233449034638,120.0,688.0,683.18,Estimated (Region),13775.0,2018-12-01,0.8745046235138706
2024.0,8.0,Asia,Cybertruck,0.5989016155768808,0.6186103704454996,-0.29663740222315255,75.0,415.0,764.37,Interpolated (Month),11569.0,2024-08-01,0.9238582499435708
2019.0,4.0,North America,Model Y,1.2176750369727707,1.219578419651272,1.7104158284564566,75.0,435.0,960.09,Official (Quarter),7451.0,2019-04-01,0.9282695098101066
2018.0,7.0,North America,Model 3,-1.286133801225875,-1.295097261244132,0.19502970322321864,100.0,553.0,403.22,Estimated (Region),3050.0,2018-07-01,0.945903872348706
2016.0,1.0,North America,Model S,-0.4401803228575312,-0.4058523509349657,-0.7202464722111557,120.0,701.0,861.18,Estimated (Region),13321.0,2016-01-01,0.9174414696986669
2023.0,1.0,Europe,Model X,-0.8350772004136762,-0.7356805185654776,0.7649241099918608,60.0,332.0,330.47,Estimated (Region),12853.0,2023-01-01,0.8822121776123372
2022.0,12.0,Middle East,Model S,1.4021635396148306,1.3662991347894002,0.9620547820288745,100.0,576.0,1334.02,Official (Quarter),6800.0,2022-12-01,0.937120660354455
2020.0,12.0,Middle East,Model 3,0.5206337659711584,0.6411466722907161,-0.5138834388143197,60.0,342.0,614.11,Interpolated (Month),7724.0,2020-12-01,0.8942257413909016
2020.0,5.0,Middle East,Model S,-0.9001309974885623,-0.9819365668533117,0.09790824390728446,60.0,331.0,316.77,Estimated (Region),4326.0,2020-05-01,0.9856326278387146
2016.0,6.0,Asia,Model S,0.8941848663621063,1.061354800446315,1.2102052474023326,82.0,488.0,983.88,Interpolated (Month),6026.0,2016-06-01,0.8856163932265929
2025.0,2.0,North America,Model X,0.9526316371715743,0.8104036892740606,-0.6028998043647282,75.0,418.0,857.17,Official (Quarter),10446.0,2025-02-01,0.9690246668556847
2019.0,11.0,Asia,Cybertruck,0.904603638549881,0.7280053356524879,1.1738980854851138,75.0,418.0,845.32,Official (Quarter),6614.0,2019-11-01,0.9800101766373482
2022.0,6.0,North America,Model S,-0.2981292581510416,-0.17767229475214893,-1.0334022051575436,120.0,664.0,871.4,Official (Quarter),12457.0,2022-06-01,0.8838266491564805
2017.0,10.0,Asia,Model S,0.27693614333515915,0.46085625752898435,-0.11713395471513625,75.0,444.0,733.4,Estimated (Region),3748.0,2017-10-01,0.8726523496315081
2018.0,10.0,Middle East,Model 3,0.34122759122557395,0.19206390739593376,-1.489596167656375,60.0,357.0,603.24,Interpolated (Month),5281.0,2018-10-01,0.9817849050026146
2018.0,4.0,Europe,Cybertruck,-1.868822694556789,-1.8373770243946534,1.5560760951301416,120.0,677.0,260.78,Interpolated (Month),3013.0,2018-04-01,0.9077412513255567
2024.0,9.0,Asia,Model S,0.20984941510168278,0.1462870442728378,-0.3754984187935398,75.0,440.0,709.37,Official (Quarter),10217.0,2024-09-01,0.952921358276443
2018.0,10.0,Asia,Model X,-0.7753598476300892,-0.8720720953578813,-1.083958268041837,100.0,577.0,594.69,Estimated (Region),6496.0,2018-10-01,0.9899149978389281
2024.0,1.0,Asia,Model X,-1.708983482212635,-1.6469922244314184,-0.42784131016173965,82.0,482.0,231.14,Interpolated (Month),9362.0,2024-01-01,0.8782967032967033
2024.0,9.0,Europe,Model Y,-0.03308585834984522,0.06036739348795002,-1.3879074852698932,75.0,441.0,647.74,Interpolated (Month),7457.0,2024-09-01,0.8972784752130487
2025.0,5.0,Europe,Model X,-1.126294588881721,-1.1810072331527237,-1.5453089330498557,75.0,424.0,349.16,Estimated (Region),8539.0,2025-05-01,0.976
2025.0,1.0,Middle East,Model X,0.46040818039792397,0.5127367024018264,-1.1342946429734497,60.0,337.0,593.15,Interpolated (Month),8616.0,2025-01-01,0.9138629283489097
2024.0,9.0,Middle East,Model X,-1.494255128586546,-1.52820713345559,0.7688645762562308,100.0,580.0,351.65,Estimated (Region),11156.0,2024-09-01,0.9749155812831645
2019.0,11.0,Middle East,Model X,-0.017330641870771227,-0.16945593470441375,1.175153587223736,75.0,431.0,637.06,Official (Quarter),9324.0,2019-11-01,0.9919468492047514
2023.0,9.0,Europe,Model 3,0.27058323346456475,0.33197678135165265,-1.0578815068712792,82.0,467.0,769.64,Interpolated (Month),14358.0,2023-09-01,0.9102734051367025
2024.0,6.0,Asia,Model S,-0.01580594350182858,-0.15537074605115347,-1.286403698626392,82.0,460.0,680.34,Estimated (Region),13314.0,2024-06-01,0.9865919551731038
2024.0,11.0,Asia,Model X,0.5844169810719257,0.6970179206153152,1.187809004986525,82.0,484.0,887.32,Estimated (Region),3198.0,2024-11-01,0.8970275229357798
2021.0,8.0,North America,Cybertruck,-0.09026204718519439,-0.004893980605489337,0.42018152392148356,120.0,708.0,1016.02,Interpolated (Month),8181.0,2021-08-01,0.8995768688293371
2017.0,9.0,Asia,Model 3,-1.541266661628944,-1.4946374338319863,1.0715607769035007,120.0,711.0,411.35,Official (Quarter),14971.0,2017-09-01,0.8992772207973887
2021.0,7.0,North America,Cybertruck,0.7241809982250015,0.6582836518188494,-1.2973110563675125,82.0,475.0,910.0,Official (Quarter),9301.0,2021-07-01,0.9488855869242199
2019.0,12.0,Europe,Cybertruck,1.366841360734326,1.2944646726577727,1.1984822608595178,82.0,477.0,1094.79,Interpolated (Month),10808.0,2019-12-01,0.9462585034013605
2015.0,7.0,North America,Model Y,0.5673911826187329,0.6282352493585608,0.25085877400341294,75.0,425.0,774.88,Interpolated (Month),14838.0,2015-07-01,0.9117161716171617
2020.0,7.0,Middle East,Model X,-0.6020524663602753,-0.6337976539735614,0.8662410127661135,82.0,473.0,535.89,Official (Quarter),12801.0,2020-07-01,0.9493464052287581
2018.0,7.0,Middle East,Model 3,0.7096963637200463,0.494660710296809,-0.5004665686906555,60.0,353.0,673.26,Estimated (Region),9766.0,2018-07-01,0.9962391287314895
2016.0,9.0,Europe,Model 3,-1.0035563701818384,-1.00024731210255,1.123651176235588,60.0,343.0,307.31,Official (Quarter),7293.0,2016-09-01,0.9340109460516028
2018.0,11.0,Europe,Model 3,-0.6615157027490385,-0.6215904904740691,-1.066938416087898,82.0,456.0,500.62,Interpolated (Month),14256.0,2018-11-01,0.913961038961039
2017.0,10.0,Middle East,Model Y,0.6022051287095899,0.731996139104245,-1.2578353182097084,120.0,694.0,1279.6,Official (Quarter),9066.0,2017-10-01,0.8924059822854654
2023.0,11.0,North America,Model Y,-1.8258770238315711,-1.7951214584348725,0.6033968031729812,60.0,337.0,138.36,Official (Quarter),6897.0,2023-11-01,0.9096045197740112
2017.0,1.0,Middle East,Model X,0.1773225165642397,0.10966555377436105,-1.380498732729946,75.0,426.0,678.62,Official (Quarter),6244.0,2017-01-01,0.9547783871257755
2022.0,4.0,North America,Model Y,-1.119687562616303,-1.0786548622723657,-0.337075890526528,75.0,446.0,369.02,Official (Quarter),10655.0,2022-04-01,0.9100808447450915
2016.0,6.0,North America,Model X,-1.044469109748466,-1.1016606704060241,-1.3926645743990922,100.0,583.0,508.26,Official (Quarter),12172.0,2016-06-01,0.974677175918162
2023.0,1.0,Asia,Cybertruck,-0.7252989178498057,-0.618069193310754,1.166375015684722,82.0,473.0,501.47,Interpolated (Month),10393.0,2023-01-01,0.8809672192446716
2016.0,3.0,Middle East,Cybertruck,0.33462056496015585,0.14605229112861678,0.49855594658763,82.0,475.0,800.78,Official (Quarter),9560.0,2016-03-01,0.9965419400602944
2018.0,1.0,Europe,Cybertruck,-0.8548982792099304,-0.9098673515774631,0.4011332861420026,120.0,675.0,664.0,Estimated (Region),9931.0,2018-01-01,0.9672566371681416
2021.0,11.0,Middle East,Model X,-1.7346492380898362,-1.6869002589489892,-0.7277779915481891,120.0,699.0,324.62,Official (Quarter),8119.0,2021-11-01,0.8922190201729107
2023.0,11.0,Europe,Model Y,0.40678962109010763,0.47588045875912866,1.7100912668431065,60.0,332.0,573.85,Interpolated (Month),11006.0,2023-11-01,0.9085389891981392
2024.0,1.0,Middle East,Model S,1.1089132199881953,0.9491427975086745,0.4477732373087159,100.0,598.0,1281.45,Estimated (Region),8572.0,2024-01-01,0.9719028505340499
2022.0,4.0,Europe,Cybertruck,1.002438450557034,1.1951640926522875,-1.6805785592077351,82.0,489.0,1017.14,Estimated (Region),12717.0,2022-04-01,0.8806121800977964
2015.0,12.0,North America,Model S,-0.15023351636360505,-0.2009128560300284,0.8518246121609094,82.0,457.0,639.64,Estimated (Region),12815.0,2015-12-01,0.9521428571428572
2025.0,11.0,North America,Model Y,0.3978955472712756,0.5129714555460474,-1.310353164689545,60.0,335.0,577.27,Estimated (Region),5538.0,2025-11-01,0.8946343742699167
2016.0,11.0,Europe,Cybertruck,0.13005686712701772,0.1599027266376561,-1.5828268638646539,120.0,667.0,1043.92,Estimated (Region),9703.0,2016-11-01,0.9203492987562847
2019.0,9.0,Asia,Cybertruck,-0.06434217491316943,-0.11663647725468766,-1.7103308688173717,82.0,478.0,693.27,Official (Quarter),12905.0,2019-09-01,0.9517669061915542
2015.0,5.0,North America,Cybertruck,0.8913895860190447,0.7038257617977244,-0.02105327950081563,100.0,550.0,1107.97,Interpolated (Month),8623.0,2015-05-01,0.9835945510473122
2025.0,1.0,Europe,Model X,-0.7641787262578431,-0.7009370532207688,0.8666749213242358,120.0,683.0,708.44,Estimated (Region),5525.0,2025-01-01,0.9015645371577575
2017.0,8.0,North America,Model 3,0.9592386634369925,0.876369322800163,-1.23802612510092,82.0,479.0,984.13,Estimated (Region),5475.0,2017-08-01,0.9519077072763917
2016.0,2.0,Europe,Model 3,-0.3072774483646974,-0.19715680572249233,1.0680994490698639,75.0,434.0,567.22,Official (Quarter),13419.0,2016-02-01,0.8876324368378158
2025.0,5.0,Europe,Model S,-0.5217516855959627,-0.5593809072555028,1.6358705369836377,82.0,479.0,565.39,Interpolated (Month),7815.0,2025-05-01,0.9511664450622507
2016.0,3.0,Asia,Model S,0.20248003965179331,0.1322018556195775,0.38848085056861636,120.0,702.0,1128.71,Estimated (Region),6271.0,2016-03-01,0.9554327480167573
2024.0,6.0,Asia,Model Y,0.41009313422281674,0.5446631300158831,1.2096291878160053,75.0,437.0,756.18,Official (Quarter),14448.0,2024-06-01,0.8890258939580764
2018.0,2.0,North America,Model 3,0.22738344634452318,0.05379430544976188,-0.2765752200466846,82.0,457.0,741.51,Estimated (Region),13551.0,2018-02-01,0.9937528709232889
2016.0,9.0,Middle East,Model 3,-0.11516545387792423,-0.12532234359086483,1.2730027007539786,60.0,346.0,491.44,Estimated (Region),7564.0,2016-09-01,0.9354870578936969
2016.0,12.0,Asia,Model X,0.2931995926038807,0.20614909604919404,1.31658690184585,60.0,358.0,594.78,Official (Quarter),4785.0,2016-12-01,0.9602913126408879
2018.0,2.0,Middle East,Model 3,-0.471944872210503,-0.6016364732152837,1.1699606014101465,82.0,490.0,592.78,Official (Quarter),4625.0,2018-02-01,0.9965402199431608
2019.0,9.0,Asia,Model Y,-0.69124732094342,-0.706571128682073,-0.9197365530974335,100.0,550.0,594.16,Estimated (Region),13552.0,2019-09-01,0.9419304211352341
2024.0,1.0,Middle East,Model Y,1.3190674785074565,1.5231142351290314,-0.2924504083014761,120.0,661.0,1498.45,Official (Quarter),13341.0,2024-01-01,0.8815328978068129
2025.0,10.0,Europe,Cybertruck,1.646877627830125,1.7217153951400015,0.2045722122809438,100.0,582.0,1431.98,Estimated (Region),10354.0,2025-10-01,0.9117843246247915
2021.0,12.0,Asia,Model X,0.45913759842380514,0.43245112707824274,-0.33097035475564984,120.0,668.0,1175.25,Interpolated (Month),9081.0,2021-12-01,0.938470155224836
2022.0,11.0,Europe,Model S,0.17351077064188308,0.2911297342571978,0.766231303013467,82.0,480.0,763.56,Estimated (Region),4202.0,2022-11-01,0.8914761264290518
2019.0,9.0,Europe,Model Y,-0.8505783004979264,-0.7300464431041734,0.5835731961487449,82.0,462.0,455.65,Interpolated (Month),10029.0,2019-09-01,0.8713225549960244
2025.0,12.0,Asia,Model 3,-0.38529118157559605,-0.4366050128279173,-0.7012688129142107,82.0,463.0,583.8,Official (Quarter),13617.0,2025-12-01,0.9556616643929059
2019.0,7.0,North America,Cybertruck,-0.014789477922533486,0.1317323493311355,-0.998403727356632,75.0,417.0,616.99,Interpolated (Month),12107.0,2019-07-01,0.8793795132388339
2016.0,2.0,Middle East,Model Y,0.34630991912204945,0.3728238284461075,0.8342227362418371,82.0,487.0,824.37,Estimated (Region),7849.0,2016-02-01,0.9216759229010127
2019.0,6.0,Europe,Model Y,-0.337009066559079,-0.376038701618898,0.639604061745203,60.0,349.0,450.0,Official (Quarter),11583.0,2019-06-01,0.9494146233708858
2023.0,4.0,Middle East,Cybertruck,1.1739670170630816,1.2773276931296393,-0.7834281309642096,82.0,455.0,992.49,Interpolated (Month),9672.0,2023-04-01,0.9033981487233645
2020.0,8.0,Asia,Model X,0.4357588901000179,0.23384996706727262,-1.0342928857258773,75.0,448.0,782.01,Interpolated (Month),10360.0,2020-08-01,0.998712667353244
2023.0,9.0,Middle East,Model Y,1.637983554011293,1.8012967110309221,1.5535188677171519,82.0,475.0,1166.22,Interpolated (Month),6055.0,2023-09-01,0.8930110753450816
2015.0,1.0,Middle East,Model Y,0.10820285717217315,0.042056648238711636,0.034424886992970465,82.0,488.0,757.47,Estimated (Region),5991.0,2015-01-01,0.9550530687586525
2017.0,7.0,Asia,Model Y,-0.29914572373033665,-0.31335961211188973,0.3892219246352381,60.0,334.0,438.12,Official (Quarter),11083.0,2017-07-01,0.9382040553588671
2017.0,9.0,North America,Model Y,1.0672381312370964,1.2806142371487335,0.4790817527551013,100.0,566.0,1198.96,Estimated (Region),6234.0,2017-09-01,0.8765439761653528
2020.0,9.0,Asia,Cybertruck,-1.269362119167506,-1.2986185584074472,0.036313109916575964,100.0,557.0,411.65,Estimated (Region),10339.0,2020-09-01,0.9615534738485558
2018.0,12.0,Asia,Model X,0.9958314242916159,1.0160474436116609,-1.202181202541151,82.0,480.0,996.55,Interpolated (Month),10203.0,2018-12-01,0.923718633208756
2018.0,4.0,North America,Model Y,1.2898440931027224,1.0263765819573851,-1.4511050490330957,120.0,675.0,1518.55,Interpolated (Month),3334.0,2018-04-01,0.9980037263774288
2024.0,4.0,Asia,Model Y,0.7041058030339233,0.7566452192474504,0.5069915663453105,75.0,439.0,835.83,Interpolated (Month),6511.0,2024-04-01,0.9145471575761942
2019.0,12.0,Middle East,Model 3,1.796552184381328,1.6402560540953128,-0.4665978436418775,82.0,485.0,1236.17,Interpolated (Month),5339.0,2019-12-01,0.96310151334807
2020.0,4.0,Asia,Model Y,0.7556914311831494,0.9183901356157228,-0.6586433857153726,82.0,479.0,926.58,Official (Quarter),3193.0,2020-04-01,0.885227896760022
2018.0,6.0,Asia,Cybertruck,-0.46584607873473244,-0.5880207908504654,-0.35099376846988006,75.0,431.0,522.95,Interpolated (Month),8799.0,2018-06-01,0.9923935713409398
2021.0,2.0,North America,Model Y,0.6276167681919673,0.8165072710238067,0.1085491927284121,60.0,348.0,646.86,Interpolated (Month),8789.0,2021-02-01,0.8767510966463846
2024.0,10.0,Middle East,Model X,0.36054043723218077,0.20544483661653104,0.2590334521883394,100.0,589.0,1001.98,Official (Quarter),7400.0,2024-10-01,0.983522677998439
2021.0,12.0,Asia,Model S,1.106117939645134,1.1341282751548263,-0.09366064489331334,82.0,471.0,1008.53,Interpolated (Month),11786.0,2021-12-01,0.9217408148769936
2023.0,9.0,Europe,Cybertruck,0.14809913115950568,0.2894864622476508,-0.49331030818682026,82.0,463.0,729.57,Interpolated (Month),5566.0,2023-09-01,0.8835898729918412
2019.0,12.0,Asia,Model S,1.7106608429308923,1.8517686370384383,0.3758945201936612,75.0,418.0,1044.21,Estimated (Region),12569.0,2019-12-01,0.8980802415875755
2025.0,11.0,Europe,Model 3,-0.5385233676543318,-0.5762831336394152,-0.628151493133816,60.0,358.0,419.02,Interpolated (Month),12468.0,2025-11-01,0.9514693330081697
2015.0,11.0,Middle East,Cybertruck,0.5353725168709373,0.3894913016857989,1.3297388541442228,100.0,593.0,1069.98,Interpolated (Month),3350.0,2015-11-01,0.9767762890783597
2017.0,7.0,North America,Model 3,2.4224408648322835,2.604856723699422,-0.15423686417136376,100.0,581.0,1695.5,Estimated (Region),5980.0,2017-07-01,0.894400514895182
2018.0,2.0,Middle East,Model S,-1.2096447663839192,-1.2716219468220316,-1.6772762814755862,100.0,583.0,451.42,Estimated (Region),10229.0,2018-02-01,0.9853025386524146
2020.0,6.0,Middle East,Model X,1.22301148126407,1.1090096887231788,-1.1339442357186083,120.0,682.0,1507.39,Interpolated (Month),13930.0,2020-06-01,0.9580624187256177
2016.0,4.0,North America,Model Y,1.6748304312607403,1.4864927446305547,-0.6099238544717013,75.0,420.0,1040.32,Interpolated (Month),7259.0,2016-04-01,0.9720390864139392
2023.0,1.0,Middle East,Cybertruck,1.5462475354799106,1.4747550874195043,-0.4269575880353459,82.0,477.0,1145.3,Official (Quarter),8937.0,2023-01-01,0.9450348329200614
2022.0,3.0,Asia,Model 3,-0.09610672426614118,0.05355955230554088,-0.41917655885160265,60.0,347.0,496.77,Interpolated (Month),12504.0,2022-03-01,0.8768834987137082
2023.0,3.0,Middle East,Model 3,0.0744053766606112,0.1892468696652817,0.9678635899541637,82.0,483.0,740.08,Estimated (Region),11496.0,2023-03-01,0.891205723259466
2018.0,11.0,Europe,Cybertruck,-0.5174317068839586,-0.4847294073932233,1.0984163865397831,100.0,569.0,673.07,Estimated (Region),4587.0,2018-11-01,0.91793737632406
2019.0,12.0,Europe,Model 3,-0.3786841553101779,-0.41125167325204876,-1.2082146687347923,75.0,442.0,559.04,Interpolated (Month),11486.0,2019-12-01,0.9469901168014375
2016.0,6.0,North America,Cybertruck,1.0321700687514157,1.0888209183201725,-0.4061528406975548,100.0,560.0,1174.66,Official (Quarter),4456.0,2016-06-01,0.9143454949653459
2019.0,1.0,Middle East,Cybertruck,-0.6805744323608215,-0.713378969864482,1.2294597532821807,82.0,473.0,513.96,Estimated (Region),9176.0,2019-01-01,0.9510305894709203
2018.0,3.0,North America,Cybertruck,-2.1079462220859604,-2.1005352990664,-0.3622008362459922,82.0,472.0,115.19,Estimated (Region),4936.0,2018-03-01,0.952576112412178
2017.0,9.0,Europe,Model X,-0.5281045954665571,-0.6509346335016948,1.3238763668096813,75.0,421.0,495.35,Official (Quarter),9688.0,2017-09-01,0.9950526449321324
2024.0,9.0,North America,Model S,0.20756236754826882,0.39442111771443994,1.6858207183875744,75.0,436.0,702.33,Estimated (Region),8314.0,2024-09-01,0.870541504539559
2024.0,3.0,Asia,Model S,-0.20004032974906477,-0.2908233102666733,1.6392155594305615,100.0,551.0,755.01,Estimated (Region),12429.0,2024-03-01,0.9700541573749601
2021.0,2.0,Europe,Model Y,1.5937673013119562,1.606451601327488,1.190272293433324,60.0,331.0,804.03,Official (Quarter),7401.0,2021-02-01,0.9254243099605691
2019.0,7.0,North America,Model S,0.12878628515289886,0.014121024076412058,-1.367424317356049,82.0,484.0,757.15,Official (Quarter),9945.0,2019-07-01,0.973217618514371
2025.0,10.0,North America,Model S,-2.309460523181213,-2.2895115801643087,-0.8879747448618069,75.0,414.0,51.79,Estimated (Region),14270.0,2025-10-01,0.9235880398671097
2019.0,11.0,Asia,Model S,0.7165575063802883,0.7756602239293519,1.0547243295978401,120.0,687.0,1313.06,Interpolated (Month),7339.0,2019-11-01,0.9127507163323783
2019.0,1.0,Middle East,Model 3,1.6445905802767111,1.5116113310622021,0.4595846954704834,120.0,687.0,1689.4,Estimated (Region),8784.0,2019-01-01,0.9589938578531735
2020.0,9.0,Middle East,Model X,-0.7377506211961706,-0.6197124653203011,-0.2620489754651406,75.0,412.0,433.77,Estimated (Region),8308.0,2020-09-01,0.87562375249501
2015.0,10.0,Asia,Model X,-0.05163635517198072,-0.14433734827276623,1.7013102101462565,82.0,489.0,712.89,Interpolated (Month),3473.0,2015-10-01,0.9679314809281944
2015.0,9.0,Asia,Cybertruck,0.23424458900476508,0.3357328316591887,-1.2475204220966314,60.0,356.0,579.07,Interpolated (Month),8849.0,2015-09-01,0.8972364719510177
2020.0,9.0,North America,Cybertruck,0.7927924248274204,0.8951495743378434,-0.3052787930496334,75.0,436.0,852.95,Estimated (Region),11391.0,2020-09-01,0.9013753542055429
2019.0,5.0,Middle East,Model Y,0.17935544772282988,0.2277463853175265,-1.4730937255638394,120.0,666.0,1061.74,Estimated (Region),3591.0,2019-05-01,0.9141579218991914
2021.0,10.0,North America,Model X,1.1099296855674905,1.310662639609022,-1.6722676943734096,120.0,693.0,1485.45,Official (Quarter),12448.0,2021-10-01,0.8799802943531005
2025.0,8.0,North America,Model X,-1.111809954376766,-1.1868760617582488,-0.5856175197433341,120.0,673.0,559.97,Estimated (Region),13667.0,2025-08-01,0.9905357142857143
2019.0,4.0,Asia,Model Y,-2.0088408281046886,-2.0247100334830153,-0.39102469088819136,100.0,567.0,171.55,Estimated (Region),6787.0,2019-04-01,0.9931068439192516
2017.0,10.0,Europe,Model Y,-1.1295981020144303,-1.049545472388961,1.3479098312076825,120.0,671.0,551.26,Estimated (Region),11849.0,2017-10-01,0.8855295068714633
2015.0,7.0,Europe,Model Y,0.5287654906055193,0.7089903309705865,0.20209600101339903,120.0,694.0,1249.51,Estimated (Region),6359.0,2015-07-01,0.8776689090377303
2016.0,6.0,North America,Model S,-0.35174781745885786,-0.4758087879128251,-1.6928771083053105,60.0,358.0,458.49,Estimated (Region),11850.0,2016-06-01,0.9894541661837988
2022.0,10.0,Asia,Model X,1.5116877057838771,1.4900140417938696,0.13202598177120542,120.0,706.0,1680.74,Interpolated (Month),10935.0,2022-10-01,0.9334235134976181
2019.0,1.0,Europe,Model S,1.6872821346071052,1.501516945860699,1.0663747495318512,60.0,335.0,832.24,Official (Quarter),4019.0,2019-01-01,0.9712643678160919
2019.0,8.0,Middle East,Model X,-0.501168257615237,-0.5077352155268818,0.0672846379604333,75.0,412.0,491.31,Interpolated (Month),8072.0,2019-08-01,0.9360649947015189
2016.0,4.0,Europe,Model X,-1.209898882778743,-1.2054215601517082,-1.5257567052612844,100.0,578.0,447.46,Official (Quarter),14491.0,2016-04-01,0.9347944213004891
2017.0,8.0,Middle East,Model X,-0.8556606283944018,-0.7572778078338099,0.8743336807424597,75.0,446.0,438.53,Estimated (Region),12104.0,2017-08-01,0.8822341857335128
2016.0,8.0,North America,Model Y,0.9183259238703648,1.1353020408759313,0.21394374247956904,100.0,596.0,1210.12,Interpolated (Month),3627.0,2016-08-01,0.8737412858249419
2020.0,12.0,North America,Model S,-2.4235587844570876,-2.407592411707474,0.36646185511227664,100.0,593.0,34.25,Interpolated (Month),14986.0,2020-12-01,0.9625
2025.0,9.0,Middle East,Cybertruck,-0.7003955111570759,-0.8169051064659452,-0.909971870929192,75.0,421.0,452.53,Official (Quarter),8064.0,2025-09-01,0.9986064659977704
2022.0,2.0,Europe,Model 3,0.2596562284871425,0.17351840900247437,-1.4579019557138806,60.0,342.0,561.43,Estimated (Region),9651.0,2022-02-01,0.9604212373848179
2015.0,9.0,Middle East,Model X,-1.7186399052159385,-1.6505135215947335,0.09398716187403318,82.0,458.0,217.02,Interpolated (Month),6267.0,2015-09-01,0.871448275862069
2016.0,10.0,Europe,Model 3,0.09092294232415651,-0.06522553867028759,1.157527356757873,100.0,579.0,892.82,Estimated (Region),4379.0,2016-10-01,0.9905569473887069
2025.0,7.0,Asia,Model S,-0.3985052341064323,-0.39528845944502045,-0.7051814454108206,100.0,566.0,709.25,Interpolated (Month),14531.0,2025-07-01,0.9311190370040124
2023.0,2.0,Europe,Cybertruck,-0.7883197837661017,-0.708683906980062,0.28509927866442014,100.0,588.0,601.52,Estimated (Region),6992.0,2023-02-01,0.8930208196935969
2018.0,10.0,North America,Model S,-1.1997342269857918,-1.233591937458229,0.8817667878291975,120.0,690.0,538.3,Interpolated (Month),6850.0,2018-10-01,0.962969820403629
2020.0,4.0,Asia,Model S,0.2965031057365897,0.23126768248084156,0.8550737075153728,75.0,418.0,695.28,Interpolated (Month),4563.0,2020-04-01,0.9525813933510867
2015.0,10.0,North America,Cybertruck,-0.945363715767194,-0.9007119789528439,1.5244325804074972,60.0,351.0,326.54,Estimated (Region),5579.0,2015-10-01,0.909517524563719
2025.0,6.0,Asia,Model S,0.3404652420411026,0.45310940376969117,1.3865664613428226,100.0,571.0,964.59,Estimated (Region),5808.0,2025-06-01,0.8948037501986335
2023.0,12.0,North America,Model S,-0.26077414811194677,-0.3546761654947866,0.9554904861215158,75.0,430.0,573.79,Estimated (Region),7213.0,2023-12-01,0.9727720065609623
2022.0,8.0,Europe,Model Y,-2.168680040448842,-2.1639186480060713,-0.3485284918968127,60.0,330.0,68.71,Interpolated (Month),12269.0,2022-08-01,0.9652294853963839
2025.0,12.0,Middle East,Model S,-0.1342241834897073,-0.13565148193658905,-0.11302598881263588,120.0,699.0,984.96,Interpolated (Month),4241.0,2025-12-01,0.9321293907521334
2022.0,2.0,North America,Model X,0.8306557676561628,0.5974825874656092,0.23012559921129166,82.0,464.0,918.09,Interpolated (Month),6872.0,2022-02-01,0.9992424816301795
2018.0,11.0,Asia,Model S,-0.6048477467033369,-0.6514041397901368,0.5014208365406861,60.0,348.0,393.69,Interpolated (Month),11352.0,2018-11-01,0.9569851541682528
2019.0,2.0,Middle East,Model Y,-0.87573582358548,-0.8213654162061443,-0.30597911052774845,75.0,431.0,418.67,Estimated (Region),3088.0,2019-02-01,0.904848400167668
2023.0,6.0,Europe,Model Y,-0.1291418555932318,-0.09644770685168123,-1.2507396955570658,60.0,330.0,465.99,Estimated (Region),5943.0,2023-06-01,0.9188872620790629
2017.0,1.0,Europe,Cybertruck,-0.9357072927638906,-0.9662081061905043,-0.07737540559562328,120.0,673.0,629.93,Interpolated (Month),10685.0,2017-01-01,0.9541284403669725
2018.0,10.0,Europe,Model Y,0.3015854336330652,0.2953552908531759,1.6986242515573748,82.0,481.0,801.51,Interpolated (Month),5983.0,2018-10-01,0.9324324324324325
2021.0,1.0,Asia,Model X,0.22255523484287149,0.0929980805346697,0.6678240230333137,120.0,690.0,1117.59,Official (Quarter),10807.0,2021-01-01,0.9770177343467246
2019.0,5.0,Asia,Model Y,0.7473055901539649,0.5695469633033096,0.5052932094803568,82.0,485.0,935.78,Interpolated (Month),9928.0,2019-05-01,0.9832594404525302
2024.0,12.0,Europe,Model 3,-1.0269350785056255,-0.9206659962116294,1.088061230869767,120.0,666.0,587.51,Estimated (Region),4461.0,2024-12-01,0.8733293733293733
2025.0,7.0,Middle East,Model S,1.919036286686387,2.1550696993719765,-0.827501908149724,120.0,712.0,1866.22,Interpolated (Month),10730.0,2025-07-01,0.8809235733010687
2024.0,8.0,Middle East,Cybertruck,-0.6388993436097226,-0.5281587390741092,0.2876028266681577,100.0,567.0,630.05,Estimated (Region),5791.0,2024-08-01,0.8812752795622175
2025.0,1.0,North America,Model S,-1.009655163657609,-1.0704385022246306,-1.0249899458835192,120.0,701.0,625.54,Estimated (Region),14004.0,2025-01-01,0.9758858267716536
2024.0,4.0,Asia,Model S,-0.8299948725172006,-0.9108063641543471,1.2733352148724024,75.0,431.0,430.31,Estimated (Region),9865.0,2024-04-01,0.9822904368358913
2015.0,6.0,Middle East,Model Y,3.149213754028277,2.8210643695269675,-0.1783583031567508,82.0,472.0,1579.9,Interpolated (Month),5909.0,2015-06-01,0.9842102941825078
2022.0,6.0,Europe,Model Y,0.8146464347822651,0.7550019472379035,-1.7067949862486622,120.0,660.0,1299.67,Estimated (Region),8526.0,2022-06-01,0.9463667820069204
2016.0,3.0,North America,Model 3,1.4179187560939046,1.314653443060779,-0.4600042228720571,100.0,569.0,1323.1,Estimated (Region),11345.0,2016-03-01,0.953617125984252
2024.0,8.0,Asia,Model X,0.9107024320256516,0.6876277948464751,1.7024051706886894,82.0,478.0,968.38,Estimated (Region),11173.0,2024-08-01,0.9941847626058152
2018.0,4.0,Europe,Model X,2.9352477495866593,3.23282138449061,-0.32038656456474424,60.0,334.0,1075.8,Interpolated (Month),11576.0,2018-04-01,0.8790682441560568
2025.0,1.0,Middle East,Model S,-0.2005485625387123,-0.06686881067983462,1.4210569728821065,60.0,350.0,479.48,Official (Quarter),14114.0,2025-01-01,0.880628676116093
2025.0,4.0,Europe,Model Y,0.6205015091369016,0.7026519960766193,1.2836327148806297,82.0,466.0,864.24,Official (Quarter),3518.0,2025-04-01,0.9058539087112609
2018.0,4.0,Asia,Model S,-0.8759899399803037,-0.8307555419749845,0.46981758137498075,120.0,695.0,675.02,Official (Quarter),3194.0,2018-04-01,0.9097934522973162
2024.0,7.0,Middle East,Cybertruck,0.4687940214271085,0.4293993362033697,-0.8235341051491611,82.0,491.0,866.64,Estimated (Region),12566.0,2024-07-01,0.9424909891870245
2021.0,2.0,Europe,Model X,0.4799751427993546,0.685515016548486,0.8771602992648458,82.0,477.0,845.08,Interpolated (Month),7263.0,2021-02-01,0.8699911608721272
2022.0,10.0,Europe,Model Y,1.4621350087932412,1.5862628309244817,0.4402442031295184,75.0,449.0,1055.78,Estimated (Region),9403.0,2022-10-01,0.9002469419399299
2016.0,7.0,Europe,Model 3,2.1152141434903404,2.2163402700136587,1.0657296025576892,75.0,422.0,1154.97,Estimated (Region),12900.0,2016-07-01,0.9078967010001493
2021.0,4.0,Europe,Cybertruck,0.38595207671455817,0.2561515157682681,-1.4581002713091737,60.0,358.0,614.38,Interpolated (Month),6127.0,2021-04-01,0.9739507959479016
2017.0,4.0,Middle East,Model S,-1.0841112673409747,-1.1291267882798817,0.5718825166577954,120.0,704.0,597.27,Estimated (Region),13181.0,2017-04-01,0.9674991447143346
2020.0,10.0,Europe,Cybertruck,0.39230498658515256,0.2329109544903886,-0.020510023997919617,60.0,334.0,574.45,Official (Quarter),14739.0,2020-10-01,0.984375
2022.0,9.0,North America,Cybertruck,-2.0827886989984066,-2.06555708057747,-1.6515891930536748,82.0,463.0,119.87,Interpolated (Month),12838.0,2022-09-01,0.929456112008616
2020.0,12.0,Europe,Model X,-2.11531559753585,-2.092788445307107,1.0743893835521552,60.0,333.0,79.82,Official (Quarter),7767.0,2020-12-01,0.9178632969557725
2021.0,6.0,Middle East,Model Y,-1.5117891598293864,-1.474213910284759,-0.7274827547973022,100.0,578.0,344.46,Estimated (Region),3790.0,2021-06-01,0.9079067641681902
2015.0,11.0,North America,Model Y,1.4969489548840984,1.408085194460739,-0.7356370546879754,100.0,564.0,1337.78,Interpolated (Month),5803.0,2015-11-01,0.9495016212321364
2019.0,5.0,Middle East,Model X,0.676407115998132,0.6866887822695911,-0.10930073721684207,60.0,333.0,628.57,Interpolated (Month),10794.0,2019-05-01,0.9265886164494515
2022.0,11.0,North America,Model S,-1.3428017572715767,-1.2641098462069595,-1.1275886930694534,60.0,338.0,235.15,Interpolated (Month),9202.0,2022-11-01,0.8799089356858281
2015.0,7.0,North America,Model S,-0.6376287616356037,-0.7300464431041734,1.363336199957337,82.0,475.0,528.18,Official (Quarter),11149.0,2015-07-01,0.9823747680890538
2016.0,3.0,North America,Model Y,-2.1691882732384897,-2.1467816684779377,0.5898551781259617,100.0,580.0,120.58,Estimated (Region),8561.0,2016-03-01,0.9172733289212442
2017.0,5.0,Middle East,Model S,0.43499654091554657,0.5296389287857388,-0.3275646944575335,60.0,332.0,579.37,Official (Quarter),12405.0,2017-05-01,0.9010223048327137
2021.0,1.0,Asia,Model S,-0.9379943403173046,-0.8410846803207087,-0.35310416450400123,60.0,337.0,314.98,Interpolated (Month),8380.0,2021-01-01,0.8809557472076912
2022.0,1.0,Asia,Model X,0.746035008179846,0.8702657410504169,0.8933282391126882,120.0,696.0,1342.38,Official (Quarter),10521.0,2022-01-01,0.8952168766970688
2021.0,7.0,Middle East,Model Y,1.5853814602827716,1.3083151081668118,1.1476349374768742,75.0,442.0,1071.47,Official (Quarter),6108.0,2021-07-01,0.9958099698071353
2016.0,2.0,Middle East,Model S,0.3905261718213861,0.20074977373211095,1.5039712818826072,120.0,701.0,1204.91,Official (Quarter),11118.0,2016-02-01,0.9954825818782035
2023.0,3.0,Asia,Model 3,0.9119730139997705,0.9453867472011384,0.6629774682220282,60.0,333.0,674.87,Interpolated (Month),12853.0,2023-03-01,0.9201797997684397
2016.0,1.0,Middle East,Model 3,1.116028479043261,1.31254066476279,-0.2677449572246864,100.0,563.0,1208.82,Interpolated (Month),10108.0,2016-01-01,0.8810241890810612
2016.0,7.0,North America,Model S,-0.11669015224686688,-0.026491269873821784,-1.612149241168705,75.0,440.0,624.56,Official (Quarter),5429.0,2016-07-01,0.897562363653609
2019.0,3.0,Asia,Model S,-0.8406677610997991,-0.9396810008935308,-1.6589954604357864,120.0,706.0,700.42,Interpolated (Month),4613.0,2019-03-01,0.994137982864873
2025.0,1.0,Asia,Model 3,1.5215982451820045,1.5069162681777821,-0.8342739632521513,82.0,481.0,1147.91,Official (Quarter),11659.0,2025-01-01,0.9317715959004392
2022.0,1.0,North America,Cybertruck,1.9632525393857236,1.9555295267841224,1.1078739031995253,75.0,444.0,1175.36,Interpolated (Month),10387.0,2022-01-01,0.9295270199094069
2017.0,8.0,Europe,Cybertruck,0.07872535537261537,0.24910892144163793,-1.5034116570968936,60.0,349.0,535.65,Interpolated (Month),3889.0,2017-08-01,0.8732610736536656
2020.0,11.0,Europe,Model X,-0.24984714313452447,-0.37322166388824596,1.6602653433309582,100.0,564.0,756.24,Estimated (Region),8085.0,2020-11-01,0.9859916170306641
2022.0,3.0,North America,Model 3,-0.8355854332033237,-0.851413818666433,0.252743517706048,60.0,358.0,356.25,Estimated (Region),9200.0,2022-03-01,0.9438042395788875
2019.0,1.0,Asia,Model S,-1.3697380951228968,-1.3605933884817925,-0.24189931573285373,120.0,664.0,451.39,Estimated (Region),4273.0,2019-01-01,0.9325102880658436
2016.0,3.0,Europe,Model 3,1.4268128299127367,1.5904883875204598,0.7635040908045111,100.0,597.0,1391.34,Interpolated (Month),3218.0,2016-03-01,0.8913430095806322
2019.0,4.0,Europe,Cybertruck,0.23373635621511754,0.31765683955417134,-0.4405832114172132,120.0,665.0,1081.49,Estimated (Region),8494.0,2019-04-01,0.9028228828378716
2018.0,8.0,Europe,Model X,1.3729401542100965,1.1885910046140995,0.06750084669214339,82.0,459.0,1055.13,Interpolated (Month),6399.0,2018-08-01,0.9749347922895859
2023.0,3.0,Asia,Model Y,-0.09585260787131741,0.03501405391208149,1.3536858350495402,82.0,490.0,701.56,Estimated (Region),13412.0,2023-03-01,0.8833873206848681
2025.0,6.0,North America,Cybertruck,-0.40892400629420705,-0.5288629985067722,0.24404099199680787,75.0,433.0,539.93,Interpolated (Month),13199.0,2025-06-01,0.9892895394501964
2016.0,10.0,North America,Model Y,-0.28847283514773814,-0.20889446293354258,-1.5675053687756686,120.0,714.0,941.09,Official (Quarter),13227.0,2016-10-01,0.8997542494368216
2023.0,5.0,Middle East,Model X,-0.8853922465887833,-0.8988339537990759,-1.012199335534465,100.0,582.0,562.04,Interpolated (Month),13454.0,2023-05-01,0.9430203603339681
2022.0,4.0,Europe,Model X,-0.6340711321080709,-0.6457700643288327,-0.31588345856635924,75.0,416.0,463.44,Estimated (Region),11113.0,2022-04-01,0.9395319418089817
2023.0,1.0,Middle East,Model S,-0.7326682932996952,-0.7316897151137204,-0.37231045832183574,60.0,357.0,376.94,Interpolated (Month),4507.0,2023-01-01,0.933678206658708
2015.0,9.0,North America,Model X,-0.5634267743470617,-0.6828610611157514,-0.09257960123476072,82.0,474.0,547.83,Official (Quarter),3788.0,2015-09-01,0.9945785465341422
2015.0,4.0,Europe,Model S,0.15241910987150983,0.21248743094316117,-1.1681201262758854,82.0,453.0,714.97,Estimated (Region),10709.0,2015-04-01,0.910128881584638
2022.0,8.0,Middle East,Model S,0.2784608417041018,0.12586352072561038,0.5780079336913593,100.0,564.0,932.12,Official (Quarter),5387.0,2022-08-01,0.9844531808434596
2021.0,11.0,Middle East,Model 3,0.052297250310942865,0.1413572282441967,0.01580558745594075,120.0,664.0,1008.75,Official (Quarter),11682.0,2021-11-01,0.8996269319594955
2018.0,2.0,North America,Model X,-1.5196667680689233,-1.5063750910430365,0.8099979146904827,120.0,717.0,423.96,Official (Quarter),5645.0,2018-02-01,0.9299363057324841
2020.0,7.0,Middle East,Cybertruck,2.5616966491957114,2.663779762898894,-0.7459032417074717,60.0,347.0,1041.16,Interpolated (Month),10041.0,2020-07-01,0.9091033040948961
2023.0,9.0,Asia,Model 3,0.831418116840634,1.0000842298046326,-0.4844164253242275,82.0,488.0,965.8,Official (Quarter),11383.0,2023-09-01,0.8845534995977474
2015.0,12.0,Asia,Model S,-1.0182951210816171,-1.095791841800499,0.6326023780587516,82.0,477.0,423.22,Official (Quarter),6279.0,2015-12-01,0.9878089512358049
2022.0,4.0,Middle East,Model 3,-1.0523467179880028,-0.955644214700559,-0.15510269316134007,120.0,704.0,610.47,Estimated (Region),7406.0,2022-04-01,0.8779043280182233
2023.0,1.0,Europe,Cybertruck,-0.005133054919230073,0.040413376229164605,-0.13344503965431834,60.0,331.0,491.63,Estimated (Region),3173.0,2023-01-01,0.9144809752493536
2020.0,7.0,North America,Model 3,1.4420598136021632,1.6803988417571047,-0.08178059637527882,75.0,424.0,991.97,Estimated (Region),12195.0,2020-07-01,0.875547322330751
2021.0,7.0,North America,Model Y,-2.4001800761333003,-2.3749617246607544,-1.0649711651451157,82.0,455.0,32.56,Official (Quarter),13773.0,2021-07-01,0.8849721706864564
2025.0,6.0,North America,Model Y,1.5429440223472015,1.315827208781884,-1.0838861984646,60.0,345.0,827.69,Estimated (Region),13189.0,2025-06-01,0.983580345612201
2018.0,9.0,Europe,Cybertruck,0.8532721267954787,0.8383393134363601,1.219194560325819,60.0,341.0,679.27,Official (Quarter),5019.0,2018-09-01,0.9334364237014128
2020.0,3.0,Middle East,Model S,0.2370398693478266,0.11975993897586425,1.0153663879214505,75.0,429.0,698.52,Estimated (Region),6619.0,2020-03-01,0.9721475909009493
2020.0,10.0,Asia,Model Y,0.8868154909122168,0.7902149188710542,-0.473498132888629,75.0,414.0,832.89,Official (Quarter),14872.0,2020-10-01,0.9564969333903866
2016.0,7.0,Asia,Cybertruck,0.16283788205928457,0.08924203022713362,1.5378260900475051,120.0,675.0,1069.5,Estimated (Region),8155.0,2016-07-01,0.9571402682131207
2023.0,8.0,Middle East,Model S,1.1762540646164954,1.3458756112421728,-0.9347826926982175,100.0,550.0,1200.46,Interpolated (Month),10815.0,2023-08-01,0.8878516077857099
2025.0,8.0,Europe,Model Y,0.3125124386104875,0.252395465460732,0.9592987419890237,75.0,422.0,705.92,Estimated (Region),6943.0,2025-08-01,0.9506435938965135
2020.0,10.0,North America,Model X,0.4774339788511168,0.4019332183295121,0.18670094525247594,60.0,331.0,585.92,Interpolated (Month),3526.0,2020-10-01,0.9541558861578266
2016.0,3.0,Middle East,Model X,-0.6846402946780019,-0.6349714196946664,-1.402616637468149,120.0,697.0,755.69,Interpolated (Month),8421.0,2016-03-01,0.909068041755754
2017.0,6.0,Middle East,Model Y,0.09676761940510333,-0.010293302922572448,0.4109213287939003,100.0,587.0,907.18,Official (Quarter),11855.0,2017-06-01,0.9708820203543159
2021.0,11.0,Asia,Model 3,0.007064532032311082,0.021163618403042206,-1.2345732468039243,75.0,412.0,614.91,Estimated (Region),12697.0,2021-11-01,0.9259259259259259
2018.0,2.0,Asia,Model 3,0.6128780172921884,0.8240193716388788,-1.6453469736018298,82.0,475.0,878.8,Interpolated (Month),10914.0,2018-02-01,0.8706762671184526
2015.0,5.0,Middle East,Cybertruck,-0.5896007630139104,-0.4502206951927356,0.1974646608706898,120.0,706.0,805.05,Official (Quarter),14337.0,2015-05-01,0.8699931334401465
2021.0,6.0,Asia,Model S,-1.1362051282798484,-1.1195019093668206,1.1311831926041884,60.0,333.0,272.28,Interpolated (Month),14316.0,2021-06-01,0.9259385085782232
2020.0,7.0,Asia,Cybertruck,0.5325772365278758,0.4681336049998355,-0.42399776505296377,100.0,576.0,1038.36,Estimated (Region),3002.0,2020-07-01,0.9500395256916996
2018.0,1.0,Middle East,Model 3,-0.3286232255298944,-0.34904209003348247,-1.3301683221771394,120.0,696.0,900.87,Official (Quarter),14261.0,2018-01-01,0.9411059003162832
2019.0,5.0,Asia,Model S,-0.6449981370854931,-0.7077448944031779,-0.023222325259860944,100.0,565.0,625.79,Official (Quarter),5181.0,2019-05-01,0.9663656589451642
2020.0,10.0,North America,Model S,0.10820285717217315,0.03125800360454541,-1.5712688918021331,100.0,583.0,904.93,Interpolated (Month),13353.0,2020-10-01,0.9591250347576235
2017.0,3.0,Europe,Cybertruck,1.415123475750843,1.3780367920004504,-1.0072026771898994,100.0,552.0,1282.65,Interpolated (Month),13123.0,2017-03-01,0.9373714147404091
2020.0,9.0,Middle East,Cybertruck,-0.5941748581207383,-0.5445914591695795,-0.22485312110585617,100.0,590.0,671.18,Estimated (Region),13866.0,2020-09-01,0.9097888675623801
2018.0,7.0,Europe,Model S,0.695465845609915,0.5498276991887452,1.0397224258065327,60.0,350.0,664.6,Estimated (Region),9563.0,2018-07-01,0.9739190644714572
2024.0,9.0,North America,Model 3,2.4608124404506735,2.4400600164562762,0.639490241516325,100.0,555.0,1632.2,Interpolated (Month),6940.0,2024-09-01,0.9314014251781473
2017.0,8.0,Middle East,Model 3,0.43626712288966546,0.48503583138374784,0.847457692811924,75.0,418.0,729.77,Estimated (Region),5339.0,2017-08-01,0.9148718754912749
2024.0,9.0,North America,Model Y,-1.4101426018998768,-1.3904070377978601,-0.7912017046744452,120.0,696.0,456.54,Interpolated (Month),14726.0,2024-09-01,0.9239383055144729
2015.0,10.0,Europe,Model S,2.6953618728730167,2.340289930162349,-0.8225305984150839,120.0,695.0,2140.15,Estimated (Region),3617.0,2015-10-01,0.9953454545454545
2023.0,8.0,North America,Model S,0.10235818009122635,0.005435157740234878,-1.3118522118960716,82.0,465.0,720.17,Official (Quarter),6065.0,2023-08-01,0.9668508287292817
2021.0,9.0,Europe,Model X,-0.6607533535645671,-0.6370841979926555,1.2525046218931193,82.0,455.0,499.73,Estimated (Region),12427.0,2021-09-01,0.9219340216570133
2024.0,5.0,Asia,Model S,0.05305959949541419,0.06694048152613816,-1.3868577546000713,100.0,579.0,879.88,Interpolated (Month),12340.0,2024-05-01,0.925966547847546
2018.0,10.0,North America,Model Y,-0.14235590812406806,-0.002311696019058283,1.2010379971778062,60.0,352.0,494.31,Interpolated (Month),5013.0,2018-10-01,0.8793913206838249
2022.0,9.0,North America,Model X,1.0009137521880913,0.974496137084543,0.6937496866074576,120.0,683.0,1420.06,Interpolated (Month),4918.0,2022-09-01,0.9361112987100696
2023.0,1.0,Europe,Model S,0.7546749656038544,0.6441984631655892,-1.6106283245732242,82.0,479.0,926.29,Interpolated (Month),8905.0,2023-01-01,0.962089552238806
2024.0,8.0,North America,Cybertruck,-0.4178180801130391,-0.37955999878221314,-0.7868089396839684,100.0,563.0,699.08,Estimated (Region),4362.0,2024-08-01,0.9158092709370506
2020.0,2.0,Middle East,Model 3,-0.11669015224686688,-0.1387032728114621,0.7515808005401347,82.0,475.0,674.24,Interpolated (Month),6587.0,2020-02-01,0.9401887729756582
2017.0,2.0,Asia,Model 3,-0.9989822750750104,-1.0239573796688715,-1.6677601150909205,75.0,417.0,374.74,Estimated (Region),7963.0,2017-02-01,0.9518589132507149
2023.0,7.0,Asia,Model 3,0.6230426730851394,0.7179109504509846,-1.4391196298228255,75.0,420.0,779.56,Estimated (Region),3105.0,2023-07-01,0.9022896310339799
2020.0,4.0,Europe,Model S,1.242070210875853,1.3695856788084941,1.0279646470540176,75.0,431.0,957.47,Official (Quarter),13736.0,2020-04-01,0.8981200727713766
2021.0,6.0,Asia,Cybertruck,-1.3478840851680522,-1.284768122898408,1.057281059979263,120.0,689.0,477.27,Official (Quarter),6581.0,2021-06-01,0.8909897742620104
2024.0,3.0,Europe,Model 3,0.9739774143367713,0.8902197583092023,-0.7109947266202139,75.0,445.0,918.15,Official (Quarter),12563.0,2024-03-01,0.9520348837209303
2017.0,7.0,Europe,Model X,-0.26484001042912714,-0.1624133403777836,0.6487285672549536,82.0,455.0,606.06,Official (Quarter),6470.0,2017-07-01,0.8912083500602168
2025.0,8.0,Asia,Model 3,-0.09127851276448948,-0.12931314704262192,0.8665680595372988,82.0,488.0,700.01,Estimated (Region),12059.0,2025-08-01,0.9463631865413161
2019.0,3.0,North America,Cybertruck,0.554939479272368,0.5779980764952658,-1.5450037556676253,75.0,448.0,813.52,Official (Quarter),9151.0,2019-03-01,0.922854093611831
2015.0,8.0,Asia,Model 3,0.1508944115025672,0.22492934758687444,1.4745743498434836,100.0,585.0,922.78,Interpolated (Month),4830.0,2015-08-01,0.9054589288789392
2022.0,3.0,Middle East,Model X,0.3224229780086147,0.4052197623486062,1.5723146134605201,120.0,674.0,1131.41,Estimated (Region),11953.0,2022-03-01,0.9038119851397189
2016.0,8.0,North America,Model 3,0.3930673357696239,0.21718249382758129,-0.038637262283470496,120.0,662.0,1138.87,Official (Quarter),3751.0,2016-08-01,0.990328987134099
2023.0,5.0,Asia,Cybertruck,-0.36292893883110394,-0.27532960274808693,0.44245400547707037,120.0,684.0,871.48,Interpolated (Month),6048.0,2023-05-01,0.8957081092481283
2018.0,1.0,Asia,Model 3,-0.4592390524693143,-0.36641382270583683,-0.5931962570792467,75.0,420.0,511.24,Estimated (Region),4016.0,2018-01-01,0.8922484881803189
2019.0,5.0,North America,Model 3,-0.7860327362126878,-0.810332018427757,-0.37491689185997373,120.0,718.0,735.48,Official (Quarter),14455.0,2019-05-01,0.9479455857856747
2020.0,3.0,North America,Model 3,0.11912986214959544,0.2469961431436489,1.0451783413191453,120.0,690.0,1075.47,Official (Quarter),5794.0,2020-03-01,0.8875128117526477
2025.0,1.0,Europe,Model 3,1.23647965018973,1.123094877376439,0.9207126903364196,60.0,352.0,780.81,Official (Quarter),5949.0,2025-01-01,0.9577720207253886
2015.0,2.0,North America,Model Y,-0.313376241840468,-0.4596108209615758,0.04199765995007747,120.0,685.0,892.79,Estimated (Region),5665.0,2015-02-01,0.9989652793745689
2015.0,8.0,Middle East,Model Y,-2.3214039937379307,-2.2916243584622977,-0.4741566997151036,75.0,434.0,51.23,Estimated (Region),10587.0,2015-08-01,0.8803131991051454
2022.0,1.0,North America,Model 3,0.11836751296512411,0.025389174999020294,1.3138094894486128,60.0,330.0,514.21,Interpolated (Month),11789.0,2022-01-01,0.9650687476774433
2023.0,12.0,North America,Model X,0.3640980667597136,0.17398791529091637,-0.4239107845287124,75.0,446.0,759.65,Estimated (Region),6295.0,2023-12-01,0.996314819689392
2016.0,5.0,Asia,Model 3,-2.428895228748387,-2.4092356837170215,-0.986270192739351,120.0,660.0,36.04,Interpolated (Month),5894.0,2016-05-01,0.926208651399491
2024.0,8.0,Europe,Model X,0.12472042283571846,-0.046680040276828205,-1.6831288281787848,60.0,333.0,520.13,Official (Quarter),6019.0,2024-08-01,0.9957922922444296
2025.0,7.0,North America,Model Y,0.6418472863020986,0.5484191803234192,-0.9194557302619937,60.0,345.0,644.18,Estimated (Region),4370.0,2025-07-01,0.958128078817734
2023.0,5.0,North America,Model X,-0.17056282794950697,-0.1955135337129453,0.9239742114800618,82.0,474.0,657.75,Interpolated (Month),3852.0,2023-05-01,0.9417693169092946
2016.0,11.0,North America,Cybertruck,-0.1949580018525893,-0.11029814236072052,-1.487953478326942,82.0,454.0,623.46,Interpolated (Month),7257.0,2016-11-01,0.898782642843118
2025.0,10.0,Europe,Model X,0.016212722245966947,-0.10677684519740545,0.5648539932667181,60.0,349.0,522.77,Estimated (Region),13175.0,2025-10-01,0.9789236349377513
2021.0,9.0,North America,Model X,-1.5743017929560348,-1.5967550515681235,-1.6949035060045834,120.0,667.0,372.89,Official (Quarter),6711.0,2021-09-01,0.967047223663726
2018.0,11.0,Asia,Model X,-0.5136199609616019,-0.616191168156986,1.3395268967961205,82.0,465.0,551.09,Interpolated (Month),11206.0,2018-11-01,0.9838127256879592
2017.0,9.0,North America,Model X,0.5389301463984701,0.6632134678474906,-0.7888447809830169,120.0,701.0,1266.32,Estimated (Region),6168.0,2017-09-01,0.8933313552407092
2024.0,10.0,Asia,Model S,0.22103053647392884,0.056141836891971934,0.7515504816145384,82.0,472.0,764.07,Interpolated (Month),13810.0,2024-10-01,0.990546122074346
2016.0,4.0,Asia,Model 3,-0.30194100407339813,-0.2910580634108943,0.4345874868637772,60.0,332.0,434.95,Official (Quarter),12063.0,2016-04-01,0.927570093457944
2016.0,6.0,Asia,Model 3,-0.5730831973503651,-0.4978755834695996,-0.13268656948284674,60.0,355.0,408.27,Estimated (Region),11741.0,2016-06-01,0.8983011130638547
2017.0,4.0,Europe,Model Y,-0.11008312598144876,-0.10771585777428948,-1.022877561723129,60.0,347.0,493.9,Estimated (Region),5233.0,2017-04-01,0.9305678140629597
2021.0,4.0,Asia,Model 3,0.525716093867634,0.42423476703050755,-1.3109257450549028,120.0,690.0,1241.07,Official (Quarter),10023.0,2021-04-01,0.9621278985797962
2023.0,1.0,Asia,Model X,0.12294160807195205,0.25568200947982606,-0.37331396505591297,60.0,356.0,555.68,Estimated (Region),5882.0,2023-01-01,0.8859940400170285
2023.0,9.0,Middle East,Model 3,0.5587512251947245,0.6437289568771472,-1.5888578449004596,120.0,714.0,1298.16,Estimated (Region),8813.0,2023-09-01,0.9046872667562322
2023.0,11.0,Middle East,Model X,0.15445204103010002,0.0692880129683482,-0.2036462752302404,75.0,442.0,698.14,Interpolated (Month),10316.0,2023-11-01,0.9615560222810702
2016.0,4.0,Europe,Model 3,1.2674818503582304,1.5205319505426003,0.5676796177259698,100.0,577.0,1290.46,Estimated (Region),11767.0,2016-04-01,0.8702503939765365
2016.0,3.0,Europe,Model X,0.5928028221011102,0.4596824918078793,-1.708692155740476,75.0,436.0,801.48,Estimated (Region),13776.0,2016-03-01,0.9715395592199144
2017.0,11.0,Asia,Cybertruck,-0.628226455027124,-0.6323891351082354,-0.5130350059291933,120.0,665.0,743.14,Interpolated (Month),8833.0,2017-11-01,0.9356945491082642
2023.0,1.0,Middle East,Model Y,-0.40206286363396515,-0.3598407346676487,0.7964528104224935,100.0,583.0,729.33,Estimated (Region),8646.0,2023-01-01,0.9141729694179547
2017.0,8.0,Asia,Model S,1.2395290469276152,1.1986853898156027,1.7344125125184884,82.0,473.0,1050.06,Estimated (Region),6853.0,2017-08-01,0.9389671361502347
2025.0,4.0,Asia,Model S,-0.3535266322226243,-0.3290880727746971,0.48231941638352044,120.0,704.0,900.87,Interpolated (Month),5172.0,2025-04-01,0.9218716230819105
2023.0,6.0,North America,Model 3,-0.18962155756129004,-0.036585655075325,0.5390242567850346,82.0,485.0,667.55,Official (Quarter),9302.0,2023-06-01,0.8739047619047619
2019.0,7.0,Asia,Cybertruck,0.5241913954986913,0.5977173406098302,0.6401587489741426,60.0,348.0,625.62,Estimated (Region),6193.0,2019-07-01,0.9078169974246326
2022.0,9.0,Europe,Model X,-0.3710606634654647,-0.3880111119741693,0.18558809157362569,60.0,336.0,426.48,Official (Quarter),11922.0,2022-09-01,0.9399089192491392
2022.0,2.0,Asia,Cybertruck,-0.8721781940579472,-0.9589307587196532,-1.5531237603801653,60.0,337.0,328.07,Interpolated (Month),3890.0,2022-02-01,0.9876731091158119
2020.0,11.0,Middle East,Model Y,-0.6264476402633576,-0.7157265013066921,0.5082460740207989,75.0,425.0,475.38,Official (Quarter),11495.0,2020-11-01,0.9802813198369923
2023.0,12.0,Asia,Model X,-0.352764283038153,-0.4657144027113219,0.03548803751510563,75.0,429.0,549.16,Official (Quarter),14418.0,2023-12-01,0.9840867158671587
2024.0,5.0,Europe,Model X,-0.39316878981513304,-0.3124205995350057,-0.6580012209306141,82.0,488.0,613.05,Estimated (Region),10880.0,2024-05-01,0.8981233243967829
2019.0,1.0,Middle East,Model Y,-0.0031001237606398803,0.14323525339796475,0.38858274203988236,60.0,346.0,514.33,Official (Quarter),5996.0,2019-01-01,0.8796378483933961
2023.0,3.0,Middle East,Model X,-1.3285712391614453,-1.3577763507511404,1.2643762208745124,82.0,487.0,342.9,Official (Quarter),5329.0,2023-03-01,0.9634646962233169
2025.0,10.0,North America,Model Y,-0.997203460311244,-1.0246616391015344,-1.2703262185237707,60.0,344.0,309.5,Interpolated (Month),11960.0,2025-10-01,0.9534255285328247
2021.0,1.0,Middle East,Model X,-0.5771490596675455,-0.5668930078705751,-1.0386245158335952,75.0,424.0,486.6,Interpolated (Month),10101.0,2021-01-01,0.9284067467540347
2021.0,9.0,Asia,Model 3,-0.6208570795772346,-0.6683063661740491,-1.681895195829117,82.0,460.0,516.05,Interpolated (Month),6383.0,2021-09-01,0.9577410679984633
2015.0,1.0,Asia,Model Y,0.6413390535124511,0.7580537381127765,-1.477387084240887,60.0,340.0,634.75,Official (Quarter),4390.0,2015-01-01,0.8963629816348577
2018.0,8.0,Asia,Model Y,-0.2114755675161346,-0.20772069721243755,0.6130973682690598,82.0,460.0,627.21,Interpolated (Month),12096.0,2018-08-01,0.9303039607000307
2019.0,7.0,Europe,Model X,-0.4465332327281256,-0.45608952379826073,-0.3242793157986676,60.0,359.0,439.69,Official (Quarter),6506.0,2019-07-01,0.9371054745782165
2018.0,5.0,Europe,Model Y,1.635696506457879,1.548937080993342,0.4950558502917553,82.0,470.0,1153.31,Official (Quarter),5279.0,2018-05-01,0.9481279703257216
2024.0,7.0,North America,Model X,1.0822309985316991,1.0514951683890326,1.6720161636415334,82.0,490.0,1042.3,Estimated (Region),6949.0,2024-07-01,0.9369672943508425
2017.0,2.0,Asia,Cybertruck,0.7467973573643173,0.7535934283725774,1.6607628719296759,75.0,417.0,804.46,Interpolated (Month),3203.0,2017-02-01,0.9275205538727823
2016.0,9.0,Europe,Cybertruck,0.5752687908582699,0.5524099837751762,0.8703271092796584,75.0,436.0,796.96,Interpolated (Month),10451.0,2016-09-01,0.9367361057729264
2020.0,1.0,Middle East,Model 3,0.7470514737591412,0.5303431882184018,-0.8768327882209914,100.0,572.0,1103.56,Estimated (Region),10542.0,2020-01-01,0.9958962446767324
2016.0,4.0,Asia,Model Y,-0.13524064906900238,-0.2103029817988686,-0.4820107925392181,75.0,415.0,584.53,Interpolated (Month),14243.0,2016-04-01,0.9620901639344263
2023.0,8.0,Asia,Model 3,-0.19317918708882287,-0.33284412308223316,-0.7450254839598835,120.0,709.0,974.38,Official (Quarter),3958.0,2023-08-01,0.9917731110630007
2019.0,3.0,Middle East,Model X,-0.617045333654878,-0.6741751947795742,-0.6339806793533586,120.0,665.0,747.53,Estimated (Region),6638.0,2019-03-01,0.9627440904419322
2018.0,9.0,Asia,Model S,0.20120945767767445,0.08501647363115553,0.7713701123862373,82.0,471.0,756.94,Official (Quarter),10251.0,2018-09-01,0.9724087856235252
2019.0,5.0,North America,Cybertruck,-1.126294588881721,-1.2009612504115093,0.705895647013918,75.0,412.0,339.28,Official (Quarter),7910.0,2019-05-01,0.9909747292418772
2019.0,8.0,Europe,Model S,-0.5603773776091764,-0.4276843933475191,1.4513152606271025,100.0,575.0,665.59,Official (Quarter),12541.0,2019-08-01,0.8735567127009283
2016.0,8.0,North America,Model X,-2.4443963288326374,-2.4268421695335967,1.3957138303046632,60.0,330.0,15.0,Official (Quarter),10965.0,2016-08-01,0.9528301886792453
2024.0,7.0,Asia,Model 3,-1.2096447663839192,-1.142507717500479,-0.21431356672442695,75.0,417.0,322.88,Official (Quarter),9773.0,2024-07-01,0.8916911383658663
2022.0,7.0,Asia,Model Y,-0.45288614259871995,-0.43895254427012736,-0.35901088764801914,120.0,679.0,829.06,Estimated (Region),10324.0,2022-07-01,0.9264739358069656
2018.0,9.0,Asia,Model 3,1.2690065487271731,1.2421147214964885,1.14825672396738,75.0,443.0,991.17,Official (Quarter),11512.0,2018-09-01,0.935348341380824
2019.0,4.0,Europe,Model X,0.7297715589111244,0.7939709691785902,0.04320345853198535,60.0,343.0,658.25,Interpolated (Month),14603.0,2019-04-01,0.911383387947001
2019.0,9.0,North America,Cybertruck,-1.623600373551847,-1.5584902890600996,-0.5680504360339622,60.0,358.0,189.72,Interpolated (Month),9396.0,2019-09-01,0.8795120736868309
2018.0,7.0,Middle East,Cybertruck,1.5104171238097583,1.5578577004737402,0.052298142147707345,100.0,564.0,1342.26,Official (Quarter),3077.0,2018-07-01,0.9175341198241962
2024.0,11.0,Middle East,Model Y,-1.1992259941961443,-1.245094841525058,0.5378711435492446,82.0,453.0,353.54,Official (Quarter),6760.0,2024-11-01,0.9721599402092675
2018.0,6.0,Middle East,Cybertruck,0.1536896918456287,0.032666522469871444,-1.2933372889881434,75.0,417.0,658.46,Official (Quarter),9222.0,2018-06-01,0.9751736915238536
2016.0,2.0,North America,Model Y,1.1996327729402827,1.0575987501387787,-1.4792936973324766,100.0,558.0,1225.62,Estimated (Region),9237.0,2016-02-01,0.9658333882989248
2019.0,5.0,Middle East,Model S,2.152061020739788,2.09755517903783,-0.7167930968825933,60.0,346.0,954.49,Interpolated (Month),4600.0,2019-05-01,0.9387473840028585
2024.0,7.0,Europe,Model S,-1.8706015093205555,-1.8329167146544543,0.23135774046625848,60.0,343.0,131.76,Estimated (Region),6711.0,2024-07-01,0.8992275280898876
2018.0,12.0,Europe,Model S,1.0377606294375386,1.1834264354412374,1.2050748875662038,75.0,427.0,897.08,Official (Quarter),3615.0,2018-12-01,0.8922724087405237
2016.0,9.0,Middle East,Model S,0.20222592325696956,0.11271734464923411,1.421326861023069,60.0,350.0,562.69,Official (Quarter),9725.0,2016-09-01,0.9624640804597702
2015.0,12.0,North America,Model X,0.21391527741886315,0.26483738210444524,-0.831090973096119,60.0,349.0,563.5,Estimated (Region),9479.0,2015-12-01,0.9134419551934827
2016.0,6.0,Middle East,Model Y,-0.19292507069399908,-0.09245690339992416,-1.0251201681541127,100.0,577.0,793.06,Estimated (Region),11796.0,2016-06-01,0.892905866302865
2020.0,6.0,Europe,Model X,0.835992211947462,1.0456263397835075,-1.4646262957858613,100.0,576.0,1141.52,Interpolated (Month),6640.0,2020-06-01,0.8743878226340172
2024.0,7.0,Asia,Model S,-0.9217308910485831,-0.8795841959729535,0.8987468772577646,75.0,440.0,415.47,Estimated (Region),9118.0,2024-07-01,0.9111304096106527
2015.0,1.0,Europe,Model Y,0.2319575414513511,0.250517440306964,-1.0918556026122934,120.0,718.0,1166.93,Official (Quarter),12301.0,2015-01-01,0.9242514714663482
2022.0,3.0,North America,Model Y,1.351086144255252,1.5367299174938496,-0.9405055141623897,75.0,420.0,960.06,Official (Quarter),5414.0,2022-03-01,0.8858853621671898
2023.0,9.0,North America,Cybertruck,1.6633951934936704,1.6874414360837349,1.2326178918598556,82.0,463.0,1143.7,Interpolated (Month),9284.0,2023-09-01,0.9228872450123291
2016.0,4.0,Middle East,Model 3,0.10286641288087389,0.061071652920613034,1.3196615391202438,120.0,712.0,1102.92,Estimated (Region),12671.0,2016-04-01,0.9460425064126053
2022.0,1.0,Europe,Model Y,-1.2551316010573745,-1.2291316277180298,-0.19400883314318929,60.0,331.0,247.41,Interpolated (Month),6835.0,2022-01-01,0.9193726937269373
2016.0,4.0,North America,Cybertruck,0.054330181469533056,-0.09809097886122828,1.0496123599296963,82.0,460.0,699.38,Official (Quarter),9480.0,2016-04-01,0.9900371166243407
2016.0,10.0,Europe,Model X,1.2006492385195777,0.9852947817187092,1.4297878293906747,75.0,437.0,960.11,Interpolated (Month),12951.0,2016-10-01,0.9861307479970376
2021.0,11.0,North America,Model 3,0.028664425592331875,-0.04574102769994418,0.6543698755421132,82.0,478.0,719.51,Estimated (Region),5657.0,2021-11-01,0.9592773157441927
2015.0,6.0,Europe,Model S,1.410803497038839,1.3219307905316302,0.31744907524398597,82.0,467.0,1083.95,Official (Quarter),8249.0,2015-06-01,0.9500828881930374
2021.0,11.0,Middle East,Cybertruck,0.28074788925751576,0.17257939642559034,-0.38321930715765823,120.0,711.0,1176.03,Official (Quarter),11693.0,2021-11-01,0.96804494776578
2015.0,7.0,North America,Model 3,-1.0797912886289704,-1.0122197224578213,-0.0008146511180090803,100.0,554.0,471.43,Estimated (Region),9445.0,2015-07-01,0.8942307692307693
2019.0,3.0,Europe,Model S,-0.4655919623399086,-0.519707625882153,-0.10183482604667289,60.0,355.0,430.79,Estimated (Region),6658.0,2019-03-01,0.9583037194977494
2022.0,3.0,Asia,Model X,1.226314994396779,1.030836891697584,-0.7215298077175389,60.0,334.0,738.87,Interpolated (Month),12734.0,2022-03-01,0.9801289293546886
2025.0,7.0,Europe,Model S,-0.6757462208591698,-0.6643155627222921,-0.9923727463208264,120.0,692.0,753.9,Official (Quarter),13024.0,2025-07-01,0.928060311781242
2018.0,12.0,Middle East,Model Y,2.23973117695399,2.0264249763388658,-0.9982943804118589,120.0,662.0,1860.48,Estimated (Region),6864.0,2018-12-01,0.9713811696391539
2021.0,2.0,Asia,Model X,0.09295587348274671,0.10450098460149894,-1.243995971253966,60.0,330.0,509.26,Estimated (Region),12721.0,2021-02-01,0.926763354652734
2023.0,3.0,Middle East,Cybertruck,1.0342029999100057,1.0320106574186891,0.5185182254191009,75.0,431.0,904.58,Interpolated (Month),8901.0,2023-03-01,0.9295774647887324
2024.0,3.0,Middle East,Model X,-0.4643213803657898,-0.5964719040424217,1.0998364057271328,60.0,340.0,412.84,Interpolated (Month),9965.0,2024-03-01,0.9975354282193469
2021.0,1.0,Asia,Model Y,1.131783695522335,1.3235740625411772,-0.2026358100542231,82.0,487.0,1050.17,Estimated (Region),12008.0,2021-01-01,0.882287958757825
2015.0,6.0,Middle East,Model S,0.2370398693478266,0.35474783634109014,0.8683558820843389,100.0,559.0,910.19,Estimated (Region),5512.0,2015-06-01,0.892167337881154
2019.0,7.0,Asia,Model Y,0.3694345110510129,0.23572799222104066,1.4788607500785902,75.0,443.0,755.94,Estimated (Region),7248.0,2019-07-01,0.9756432246998284
2018.0,2.0,North America,Cybertruck,-1.2706327011416247,-1.2157506984974324,0.11348421915865109,60.0,350.0,258.4,Interpolated (Month),8141.0,2018-02-01,0.8986671535512142
2023.0,12.0,Middle East,Model X,0.20756236754826882,0.13760117793666063,-1.1148925187181578,82.0,486.0,782.87,Interpolated (Month),7842.0,2023-12-01,0.9552570716954278
2022.0,3.0,Middle East,Model Y,-1.7526915021223242,-1.7087323013615427,0.18629834968308362,100.0,583.0,264.54,Official (Quarter),6874.0,2022-03-01,0.8957654723127035
2025.0,4.0,Europe,Cybertruck,-0.13930651138618277,0.02045935897037919,-1.6752563451866862,82.0,489.0,687.58,Official (Quarter),7424.0,2025-04-01,0.8725681839337243
2021.0,10.0,North America,Model 3,-0.12965008838287936,-0.1140541926682566,-1.6567076241321916,75.0,429.0,605.66,Official (Quarter),12376.0,2021-10-01,0.9254670599803343
2025.0,10.0,Middle East,Model S,-0.44297560320059276,-0.5556248569479668,-0.738043184504551,75.0,448.0,549.63,Official (Quarter),9702.0,2025-10-01,0.9867294004101822
2018.0,11.0,Europe,Model X,1.210559777917705,1.4205271111044522,1.3526957481677764,60.0,348.0,766.61,Estimated (Region),12699.0,2018-11-01,0.8790327407673431
2020.0,10.0,Asia,Model 3,-1.2337858238921775,-1.2631708336300755,1.3536788766076002,60.0,331.0,251.58,Interpolated (Month),13964.0,2020-10-01,0.9605687203791469
2017.0,10.0,Asia,Model X,-0.18962155756129004,-0.324627763034498,-1.0016090839331866,60.0,336.0,462.47,Official (Quarter),8629.0,2017-10-01,0.9895395233473525
2025.0,3.0,North America,Model S,0.054330181469533056,-0.041750224248187105,-0.30582055745782805,60.0,356.0,541.26,Official (Quarter),9330.0,2025-03-01,0.9673601832410765
2019.0,8.0,Middle East,Model 3,1.4852596007222048,1.2796752245718492,-1.7050176013645313,75.0,413.0,976.77,Estimated (Region),10039.0,2019-08-01,0.9788911653318433
2022.0,8.0,Asia,Model S,-0.008944800841586683,-0.1091243766396155,0.8299731163426992,60.0,350.0,519.07,Estimated (Region),5955.0,2022-08-01,0.9701697576292807
2016.0,4.0,Europe,Cybertruck,-0.91614033036246,-0.850474806089549,-0.5257267069963848,100.0,583.0,552.42,Official (Quarter),12545.0,2016-04-01,0.8981942272145599
2017.0,6.0,Asia,Model 3,-0.3199832681058861,-0.4654796495671009,-0.2264744380779013,60.0,332.0,431.42,Official (Quarter),11980.0,2017-06-01,0.998846996425689
2016.0,12.0,North America,Model X,0.727992744147358,0.7716694204775948,1.1412928146800325,120.0,719.0,1379.08,Estimated (Region),6460.0,2016-12-01,0.9170910134117478
2019.0,7.0,Middle East,Model X,-0.8731946596372422,-0.9232482807980604,1.0433472770257626,82.0,455.0,442.67,Estimated (Region),12368.0,2019-07-01,0.9647478804105311
2015.0,3.0,Europe,Model S,0.5099608773885599,0.3052149229104581,1.494820433699797,120.0,685.0,1225.7,Official (Quarter),14599.0,2015-03-01,0.9977417196386752
2018.0,9.0,Europe,Model Y,-1.142303921755619,-1.0608136233115693,-1.1475092212492835,120.0,663.0,539.72,Interpolated (Month),11609.0,2018-09-01,0.884308293954701
2020.0,8.0,Middle East,Model S,1.0059960800845669,1.0097091087176937,1.4244188944023133,120.0,708.0,1474.16,Interpolated (Month),3789.0,2020-08-01,0.928060439927793
2021.0,12.0,Asia,Model 3,-1.287404383199994,-1.3467429529727533,0.5897433460233528,60.0,356.0,259.31,Estimated (Region),3693.0,2021-12-01,0.9871925188046351
2017.0,4.0,Asia,Model X,-1.7882677973976526,-1.7810362697816122,-1.6042866988079492,120.0,667.0,288.64,Estimated (Region),12186.0,2017-04-01,0.9400456174649723
2015.0,5.0,Europe,Model X,1.5775038520432347,1.411841244768275,1.6162591624385758,75.0,412.0,996.83,Interpolated (Month),14638.0,2015-05-01,0.9676064787042592
2017.0,11.0,Asia,Model S,-1.1034241133475815,-1.1180933905014945,1.0404818900411388,100.0,568.0,475.42,Estimated (Region),4044.0,2017-11-01,0.9468861360936704
2024.0,12.0,Asia,Model X,2.0750637531081844,1.9212555677278558,-0.07926959289803436,100.0,573.0,1554.66,Estimated (Region),7661.0,2024-12-01,0.9600849256900212
2021.0,6.0,Middle East,Cybertruck,-1.0012693226284244,-1.0570575730040332,-0.31755199353728425,75.0,447.0,401.09,Interpolated (Month),7527.0,2021-06-01,0.9722086786933203
2025.0,8.0,Europe,Cybertruck,0.3844273783456155,0.22633786645220047,1.5183330090154246,60.0,338.0,579.75,Interpolated (Month),9247.0,2025-08-01,0.98407917383821
2022.0,7.0,North America,Cybertruck,-0.2094426363575444,-0.07156387356425473,1.1011873375266479,75.0,449.0,612.75,Official (Quarter),13563.0,2022-07-01,0.8789488938266834
2020.0,5.0,Asia,Model Y,0.054330181469533056,0.18150001590598852,0.18046369611630242,120.0,709.0,1077.96,Estimated (Region),6642.0,2020-05-01,0.8868667424971564
2018.0,5.0,North America,Model S,-1.1527226939433937,-1.2119946481898964,0.4652414117362253,75.0,417.0,336.89,Interpolated (Month),9941.0,2018-05-01,0.9805206626615692
2024.0,2.0,North America,Cybertruck,1.5358287632921357,1.4233441488351044,1.1489113145413172,100.0,580.0,1389.04,Estimated (Region),7669.0,2024-02-01,0.9549614211376278
2016.0,4.0,North America,Model S,-0.5469092086835163,-0.5150125629977329,-0.0066433403059847,82.0,491.0,572.26,Interpolated (Month),4637.0,2016-04-01,0.9182226424013236
2021.0,9.0,Asia,Model S,0.8664861793263149,1.0956287595025815,-0.8559345989485758,82.0,468.0,935.91,Official (Quarter),9242.0,2021-09-01,0.8700646087580761
2017.0,4.0,North America,Model Y,1.0438594229133091,1.11628703619403,-0.8986042619568904,82.0,458.0,963.86,Interpolated (Month),14018.0,2017-04-01,0.9103886834079553
2023.0,3.0,North America,Model Y,-0.9423143190293087,-0.8291122699654374,-0.7564393168679305,120.0,717.0,668.32,Interpolated (Month),3642.0,2023-03-01,0.8722627737226277
2024.0,10.0,North America,Cybertruck,1.3996223756665929,1.2052584778537907,1.0133996340102358,120.0,663.0,1534.51,Estimated (Region),5328.0,2024-10-01,0.9772007599746675
2017.0,1.0,Asia,Cybertruck,-0.0064036368933489424,-0.07907597417932688,-1.269386331830289,75.0,436.0,647.26,Estimated (Region),3651.0,2017-01-01,0.9591045643957747
2016.0,7.0,Europe,Model S,1.3030581456335588,1.3719332102507042,-1.5093651012082239,100.0,578.0,1304.83,Estimated (Region),9737.0,2016-07-01,0.9121212121212121
2024.0,12.0,Europe,Cybertruck,-0.21884494296602405,-0.3053780052083756,-0.8179762981652825,82.0,459.0,623.85,Interpolated (Month),12180.0,2024-12-01,0.9685729556386958
2022.0,3.0,Asia,Model S,1.9487679048807687,1.945904647871061,1.2992444764048303,120.0,677.0,1786.37,Interpolated (Month),4034.0,2022-03-01,0.9285299551332805
2016.0,2.0,Asia,Model Y,-1.051076136013884,-0.9664428593347253,-1.118661509091861,60.0,350.0,303.76,Estimated (Region),13057.0,2016-02-01,0.8848447774889127
2018.0,4.0,Europe,Model Y,0.252286853037253,0.3289249904767796,1.3972128775111896,100.0,589.0,964.34,Interpolated (Month),11116.0,2018-04-01,0.9052832379530563
2015.0,4.0,Asia,Model 3,0.3320794010119181,0.43127736135713773,1.0721512504052753,82.0,491.0,827.02,Official (Quarter),7951.0,2015-04-01,0.8988233410709998
2020.0,10.0,Europe,Model S,-1.215235327070042,-1.1788944548547347,-1.6534764219141458,120.0,685.0,528.13,Estimated (Region),13500.0,2020-10-01,0.9123180688675896
2023.0,6.0,North America,Model S,-0.16776754760644547,-0.2107724880873106,-0.7234428822195013,100.0,580.0,805.79,Estimated (Region),13833.0,2023-06-01,0.9491699118671859
2015.0,4.0,North America,Model Y,0.8070229429375518,0.6531190826459873,-0.22553902466852419,60.0,341.0,669.96,Interpolated (Month),10390.0,2015-04-01,0.9746986158654561
2016.0,8.0,Asia,Cybertruck,-0.2770375973806683,-0.12203579957177077,0.9509968237229068,75.0,413.0,547.14,Interpolated (Month),3782.0,2016-08-01,0.8713496448303079
2025.0,10.0,Middle East,Model 3,0.8868154909122168,0.8608756152815766,-0.6382203586211536,100.0,597.0,1201.04,Official (Quarter),13194.0,2025-10-01,0.9363960064232354
2016.0,6.0,North America,Model Y,0.5651041350653189,0.4629690358269734,-1.6621327236876409,75.0,415.0,756.09,Official (Quarter),14614.0,2016-06-01,0.9618308520747545
2021.0,5.0,Asia,Model X,-0.9214767746537593,-0.8666727730407983,-1.6265407901955518,120.0,712.0,672.41,Estimated (Region),4663.0,2021-05-01,0.9040781160252729
2021.0,5.0,Middle East,Model Y,1.4329116233885073,1.354091971289908,-0.04390331173743126,100.0,565.0,1318.79,Official (Quarter),4702.0,2021-05-01,0.9474549439844131
2017.0,2.0,North America,Model S,-2.45938919612724,-2.438814579888868,0.7138695244457153,75.0,412.0,15.08,Interpolated (Month),5003.0,2017-02-01,0.9138576779026217
2022.0,10.0,North America,Cybertruck,1.5876685078361856,1.3451713518095096,-1.000339665310684,60.0,345.0,836.8,Official (Quarter),3240.0,2022-10-01,0.9868180153789821
2021.0,2.0,Europe,Model S,-0.2577247513740615,-0.38777635882994826,1.3305544829459173,82.0,461.0,615.99,Interpolated (Month),10115.0,2021-02-01,0.9893380719680143
2025.0,12.0,North America,Model 3,0.5529065481137777,0.46273428268275235,-1.306171638115107,120.0,708.0,1284.81,Official (Quarter),3110.0,2025-12-01,0.9581056466302368
2023.0,2.0,Europe,Model Y,-0.6089136090205172,-0.5990541886288526,-0.5847715720160436,75.0,444.0,501.23,Estimated (Region),8685.0,2023-02-01,0.9286771964461994
2017.0,10.0,Middle East,Model X,0.20400473802073596,0.3427754259858189,-1.1959857040566186,60.0,332.0,534.1,Estimated (Region),8814.0,2017-10-01,0.8851931330472103
2023.0,10.0,Asia,Model 3,-0.2572165185844139,-0.180489332482801,1.7071041071245319,60.0,338.0,451.74,Official (Quarter),13499.0,2023-10-01,0.901183372104784
2023.0,8.0,Middle East,Model Y,-0.78349157226445,-0.6950682246152436,-0.2727222313381327,75.0,434.0,445.22,Interpolated (Month),13475.0,2023-08-01,0.8887589343729695
2024.0,4.0,Europe,Model 3,0.8143923183874412,0.9965629326413175,-1.4222985904957466,60.0,333.0,655.69,Official (Quarter),8946.0,2024-04-01,0.8809475874102409
2025.0,1.0,North America,Cybertruck,-2.01163610844775,-1.9716558228890682,0.9037962209484477,120.0,679.0,204.31,Official (Quarter),4236.0,2025-01-01,0.8887904297740363
2020.0,2.0,Europe,Model S,0.3135289041897826,0.4894961411239469,0.9330316177282475,100.0,563.0,942.12,Official (Quarter),10089.0,2020-02-01,0.8755984616592104
2016.0,2.0,Asia,Model X,0.64260963548657,0.8465556734840953,-1.4083036726594864,120.0,700.0,1307.35,Interpolated (Month),8325.0,2016-02-01,0.8730192118917403
2022.0,5.0,Europe,Model S,-1.9590340147192287,-1.959448659389576,0.1479076314363694,120.0,661.0,219.42,Estimated (Region),3957.0,2022-05-01,0.9584235599826765
2015.0,11.0,Europe,Model S,0.25762329732855227,0.3683635187059084,-1.4239243807518966,75.0,428.0,702.09,Interpolated (Month),13549.0,2015-11-01,0.894560327198364
2018.0,1.0,Asia,Model Y,-2.183927024138269,-2.151241978218137,-0.3968578533602712,82.0,469.0,93.42,Interpolated (Month),6639.0,2018-01-01,0.8900804289544236
2015.0,8.0,Asia,Model X,1.9327585720068707,1.8750091983163177,0.8272473952284454,100.0,596.0,1567.0,Interpolated (Month),14106.0,2015-08-01,0.940192029179853
2017.0,3.0,Europe,Model 3,-0.8292325233327293,-0.9068155607025901,1.5978595508542266,60.0,345.0,344.6,Estimated (Region),5902.0,2017-03-01,0.9802738112763139
2017.0,4.0,Middle East,Model X,-0.6691391945937517,-0.6953029777594647,1.4030440518570004,82.0,484.0,529.18,Interpolated (Month),14818.0,2017-04-01,0.9473615804523005
2021.0,4.0,Europe,Model X,-0.34996900269509146,-0.33401788880333816,-1.5634804071448827,120.0,660.0,845.95,Interpolated (Month),5937.0,2021-04-01,0.9254846745369869
2022.0,9.0,Europe,Model S,0.11048990472558712,0.1317323493311355,-0.1673291726816779,82.0,462.0,717.74,Interpolated (Month),6576.0,2022-09-01,0.9233306588214317
2016.0,7.0,Middle East,Model X,-2.1430142845716413,-2.1291751826613625,0.8031155185801478,100.0,588.0,131.33,Estimated (Region),4906.0,2016-07-01,0.9388398486759143
2025.0,9.0,Middle East,Model Y,0.6690377405482425,0.5763548044857187,-1.660588446608504,60.0,358.0,674.2,Official (Quarter),5036.0,2025-09-01,0.9575928609564488
2017.0,3.0,Middle East,Model S,0.03908319778010661,-0.048558065430596244,0.4938366318575349,75.0,437.0,660.48,Estimated (Region),4952.0,2017-03-01,0.9643028040960857
2020.0,7.0,Middle East,Model 3,-0.8508324168927501,-0.8415541866091507,1.2767652297173087,75.0,421.0,415.15,Official (Quarter),3942.0,2020-07-01,0.9297129118936501
2023.0,9.0,Asia,Model Y,-1.6114027866003058,-1.6542695719022695,1.5655793386940615,100.0,582.0,312.62,Estimated (Region),13523.0,2023-09-01,0.9922416181767802
2024.0,11.0,North America,Model 3,1.0123489899551612,0.8517202426569574,-0.8845019853021258,100.0,591.0,1232.77,Official (Quarter),10372.0,2024-11-01,0.9735368244189303
2019.0,9.0,North America,Model Y,-2.183672907743445,-2.155937041102557,0.3046375895691109,75.0,430.0,85.72,Estimated (Region),5307.0,2019-09-01,0.9028532608695652
2016.0,8.0,Europe,Model 3,-1.6220756751829044,-1.6566171033444796,-1.20878376987918,120.0,673.0,357.26,Official (Quarter),6011.0,2016-08-01,0.9833287024173382
2015.0,10.0,Middle East,Model Y,1.4903419286186803,1.3815580891637655,0.4426095763575881,82.0,487.0,1153.24,Estimated (Region),10390.0,2015-10-01,0.9544162988936582
2017.0,5.0,North America,Model 3,-1.5082315303018536,-1.4934636681108813,0.035537740671820695,120.0,682.0,407.87,Official (Quarter),14195.0,2017-05-01,0.9285048905449464
2017.0,11.0,Europe,Model S,1.7518276988923438,1.6869719297952928,-0.5930093732099976,75.0,429.0,1082.11,Estimated (Region),12149.0,2017-11-01,0.9424952359600942
2023.0,2.0,Europe,Model X,0.11150637030488221,-0.06264325408385654,0.16328727921871092,82.0,479.0,744.44,Estimated (Region),12484.0,2023-02-01,0.9973048416594474
2017.0,6.0,Asia,Model S,1.1625317792960117,0.9977366983624225,0.6046334177120514,60.0,359.0,780.66,Interpolated (Month),4222.0,2017-06-01,0.9725613846773111
2017.0,2.0,Middle East,Cybertruck,0.26753383672667946,0.10027542800552085,-0.9409235177103635,120.0,674.0,1109.57,Interpolated (Month),8808.0,2017-02-01,0.9902553460254444
2016.0,4.0,Europe,Model Y,0.5673911826187329,0.43785044939532586,0.12925801297374345,100.0,554.0,1010.08,Estimated (Region),8404.0,2016-04-01,0.9707691078987302
2017.0,7.0,North America,Cybertruck,0.04543610765070096,-0.11029814236072052,-0.02637449945873014,82.0,489.0,740.91,Interpolated (Month),4264.0,2017-07-01,0.9916552130375025
2024.0,7.0,North America,Model S,-0.3682653831224032,-0.23260453049986407,-0.632282322488405,82.0,477.0,606.24,Estimated (Region),3960.0,2024-07-01,0.8766683911019141
2023.0,8.0,Asia,Model X,-0.4239168735888097,-0.38613308682040126,-1.2030768534251566,75.0,414.0,512.57,Interpolated (Month),5591.0,2023-08-01,0.915991565863944
2016.0,10.0,Europe,Cybertruck,1.037252396647891,1.167463221634209,0.3592196081473245,82.0,487.0,1022.99,Estimated (Region),8320.0,2016-10-01,0.8960266171860004
2015.0,3.0,Middle East,Cybertruck,-0.3204915008955337,-0.2671132427003518,-0.7610532609057898,100.0,597.0,775.59,Estimated (Region),11854.0,2015-03-01,0.9099600756461441
2017.0,6.0,North America,Model Y,-1.0007610898387769,-1.0810023937145756,1.5752068401497696,100.0,564.0,506.25,Interpolated (Month),4104.0,2017-06-01,0.9889274500082631
2017.0,3.0,Middle East,Model Y,0.9165471091065984,1.021681519072965,-1.4030898115200767,82.0,468.0,949.74,Official (Quarter),3350.0,2017-03-01,0.9014525586353944
2015.0,11.0,Europe,Model X,0.705630501402866,0.9010184029433684,0.5252594645643651,82.0,475.0,904.8,Official (Quarter),9152.0,2015-11-01,0.8761556506140472
2017.0,1.0,Asia,Model 3,0.3015854336330652,0.30310214461246904,-0.1716180580746211,75.0,434.0,723.2,Official (Quarter),10497.0,2017-01-01,0.9298568678329288
2016.0,2.0,Asia,Model S,0.9511069388026316,0.925197976798132,0.05886740837073712,120.0,689.0,1412.28,Estimated (Region),11002.0,2016-02-01,0.9361512639583476
2018.0,4.0,Europe,Model S,1.9624901902012524,2.240285090724201,-1.5595941173213321,100.0,594.0,1572.17,Official (Quarter),9922.0,2018-04-01,0.8735580969354918
2020.0,5.0,Europe,Cybertruck,-0.7951809264263436,-0.6962419903363487,-0.5929328303486567,75.0,416.0,423.88,Official (Quarter),13440.0,2020-05-01,0.8833550065019505
2025.0,9.0,North America,Cybertruck,0.9849044193141936,0.978017434247858,1.555426474871876,82.0,481.0,995.53,Estimated (Region),11766.0,2025-09-01,0.9309135069491297
2018.0,4.0,Asia,Model X,-0.8731946596372422,-0.9575222398543272,1.1580308497353968,75.0,446.0,433.91,Estimated (Region),10797.0,2018-04-01,0.9861639045157367
2024.0,4.0,North America,Model Y,-1.5354219845479975,-1.5221035517058439,-0.791517816751153,75.0,448.0,260.74,Interpolated (Month),8566.0,2024-04-01,0.9300095877277086
2020.0,9.0,North America,Model S,-0.8045832330348233,-0.6906079148750446,-1.2737502689898712,120.0,706.0,715.46,Interpolated (Month),6177.0,2020-09-01,0.8758102151931553
2024.0,1.0,Europe,Model 3,1.647131744224949,1.512315590494865,-0.059985265124156875,100.0,552.0,1358.25,Official (Quarter),12810.0,2024-01-01,0.9594104573634343
2015.0,5.0,North America,Model Y,-1.410904951084348,-1.4178731556717177,-1.4444875707480522,120.0,706.0,462.78,Official (Quarter),9700.0,2015-05-01,0.9467071057192374
2023.0,9.0,North America,Model S,-1.330095937530388,-1.2519026827074673,-1.0457569188222067,75.0,413.0,290.42,Estimated (Region),3243.0,2023-09-01,0.8807063685891414
2022.0,10.0,Europe,Model X,0.548078336612126,0.6679085307319106,-1.0391299969373873,60.0,333.0,603.35,Official (Quarter),11109.0,2022-10-01,0.8946744685578846
2015.0,2.0,North America,Model S,-0.8020420690865855,-0.6917816805961496,1.0766245345096308,100.0,581.0,589.66,Interpolated (Month),13457.0,2015-02-01,0.8776754442858996
2021.0,1.0,North America,Model 3,-1.378632168941729,-1.4279675408732209,0.772178285714424,60.0,345.0,232.72,Official (Quarter),13729.0,2021-01-01,0.9833807128799475
2024.0,1.0,North America,Cybertruck,-0.2925386974649185,-0.15912679635868954,-0.16892315291753032,120.0,704.0,926.22,Official (Quarter),8603.0,2024-01-01,0.8790338745239527
2021.0,4.0,Europe,Model S,1.930471524453457,1.7771171371761587,1.059272665468836,60.0,331.0,869.82,Official (Quarter),14905.0,2021-04-01,0.9612092614945682
2019.0,1.0,Asia,Model Y,0.22153876926357638,0.049568748853783796,-0.21145464115017634,75.0,444.0,718.88,Estimated (Region),6148.0,2019-01-01,0.9932824146498573
2018.0,9.0,North America,Model Y,0.23576928737370773,0.10144919372662588,0.666780753773865,75.0,447.0,727.49,Interpolated (Month),11190.0,2018-09-01,0.9785353535353535
2024.0,2.0,North America,Model S,-1.7537079677016194,-1.6960556315736084,1.289621448233227,120.0,674.0,305.42,Interpolated (Month),3974.0,2024-02-01,0.8805013115709706
2023.0,2.0,Asia,Model X,-1.0480267392759988,-1.1321785791547547,-0.3332631613749152,82.0,489.0,425.28,Official (Quarter),3141.0,2023-02-01,0.9939996571232642
2018.0,9.0,Europe,Model 3,1.231905555082902,1.356674255876339,1.0899355369094925,82.0,489.0,1083.38,Estimated (Region),6755.0,2018-09-01,0.8986918162458168
2020.0,2.0,Asia,Cybertruck,-1.0271891949004492,-1.0119849693136003,-1.2935863018032858,120.0,695.0,612.99,Official (Quarter),8789.0,2020-02-01,0.9267139479905437
2025.0,8.0,North America,Model 3,0.6868258881859066,0.6603964301168385,-0.6612905758420173,120.0,696.0,1318.05,Estimated (Region),5221.0,2025-08-01,0.9373375900215309
2022.0,6.0,North America,Cybertruck,-0.6208570795772346,-0.7326287276906045,1.3045602290155063,75.0,415.0,465.57,Official (Quarter),5960.0,2022-06-01,0.9925680159256801
2020.0,11.0,Europe,Model S,1.4852596007222048,1.4925963263803008,-0.3336250003558008,60.0,347.0,820.67,Official (Quarter),4070.0,2020-11-01,0.9267074174209474
2024.0,11.0,North America,Model X,-0.11592780306239556,-0.2389428653938312,-1.7138250007344407,82.0,471.0,668.77,Estimated (Region),14979.0,2024-11-01,0.9821539738534966
2016.0,11.0,Middle East,Model Y,-0.007165986077820265,0.06083689977639203,-1.2459900619013746,75.0,430.0,638.16,Interpolated (Month),3330.0,2016-11-01,0.9064590013742556
2023.0,2.0,North America,Model S,-0.1860639280337572,-0.14011179167678814,-0.6869741850429584,75.0,413.0,569.32,Official (Quarter),13663.0,2023-02-01,0.9136097027537529
2015.0,4.0,Middle East,Model Y,0.007318648427134856,-0.14551111399387126,0.176927316516026,60.0,343.0,511.98,Estimated (Region),13652.0,2015-04-01,0.9915304902351535
2025.0,9.0,Europe,Model 3,-0.8676040989511192,-0.8795841959729535,-0.8882679934864256,75.0,417.0,407.08,Estimated (Region),13288.0,2025-09-01,0.9419597626284556
2018.0,10.0,Europe,Model 3,1.2931476062354315,1.2026761932673597,-0.1895927076690564,75.0,437.0,983.97,Official (Quarter),9106.0,2018-10-01,0.95132771405032
2023.0,10.0,Middle East,Model 3,1.477127876087844,1.2022066869789176,0.7785974484041741,100.0,591.0,1394.91,Estimated (Region),7789.0,2023-10-01,0.9973378969385814
2022.0,9.0,Asia,Model 3,-2.028407790506119,-2.0134418825604072,0.0006078532271765097,75.0,420.0,122.22,Official (Quarter),6262.0,2022-09-01,0.9331409331409332
2024.0,11.0,Asia,Cybertruck,0.3465640355168732,0.2279811384617475,1.2708923047198575,60.0,339.0,573.89,Estimated (Region),14874.0,2024-11-01,0.9706717123935666
2016.0,8.0,North America,Model S,-0.2104591019368395,-0.27978991248828605,0.9071094333750739,120.0,686.0,935.77,Official (Quarter),12320.0,2016-08-01,0.9609044801352493
2021.0,9.0,Asia,Cybertruck,0.9711821339937098,0.7690871358911637,0.05288265127067623,60.0,336.0,692.7,Official (Quarter),5174.0,2021-09-01,0.986505885730692
2021.0,11.0,North America,Model X,-0.07044096838894,-0.13917277909990414,1.0796072209441023,120.0,708.0,1024.3,Estimated (Region),8484.0,2021-11-01,0.9584616913445294
2017.0,12.0,Middle East,Model S,-1.6375767752671546,-1.574453502867128,1.108937550753228,82.0,482.0,251.46,Estimated (Region),3667.0,2017-12-01,0.8807292985565967
2021.0,7.0,North America,Model X,0.15114852789739097,0.17563118730046343,-0.6447294840245578,120.0,677.0,1068.0,Official (Quarter),11800.0,2021-07-01,0.9222202735882147
2017.0,11.0,Europe,Model 3,-0.22773901678485614,-0.0802497399004319,-1.124431051523345,75.0,433.0,586.24,Official (Quarter),9951.0,2017-11-01,0.8751211944929222
2024.0,5.0,Middle East,Model X,0.33385821577568453,0.5265871379108658,-0.35012495729050025,82.0,464.0,782.03,Official (Quarter),10493.0,2024-05-01,0.8710752771532677
2016.0,4.0,Europe,Model S,-0.7629081442837243,-0.662672290712745,0.5295413915153674,82.0,472.0,489.94,Estimated (Region),6892.0,2016-04-01,0.8834418485893016
2015.0,11.0,Europe,Cybertruck,-0.5199728708321963,-0.6366146917042135,1.6367169817424951,100.0,594.0,701.75,Interpolated (Month),14133.0,2015-11-01,0.9914400805639476
2022.0,10.0,North America,Model X,-0.15531584426008055,-0.13964228538834614,1.727374545527636,100.0,569.0,794.69,Interpolated (Month),10384.0,2022-10-01,0.9254547261703608
2025.0,11.0,Middle East,Model X,-0.8805640350871317,-0.8171398596101662,0.6775767764439434,100.0,562.0,544.33,Official (Quarter),6034.0,2025-11-01,0.8999303135888502
2019.0,12.0,Asia,Model X,1.1343248594705728,1.1892952640467624,0.5734243085790969,100.0,591.0,1275.32,Interpolated (Month),5585.0,2019-12-01,0.9150235339015392
2018.0,9.0,Europe,Model S,-2.1010850794257183,-2.0664960931543543,1.2620585626768888,60.0,334.0,82.87,Estimated (Region),14428.0,2018-09-01,0.8926065839179709
2020.0,4.0,Europe,Model Y,-0.4549190737573101,-0.520646638459037,-0.6196795900717337,120.0,668.0,814.83,Official (Quarter),6554.0,2020-04-01,0.9637354823417872
2022.0,1.0,Europe,Cybertruck,-0.5446221611301024,-0.45350723921182967,0.6646191634883266,75.0,439.0,512.25,Official (Quarter),11377.0,2022-01-01,0.8916781292984869
2024.0,4.0,North America,Model S,-0.6078971434412221,-0.5816824559564984,1.1633843767451766,120.0,701.0,791.78,Interpolated (Month),3253.0,2024-04-01,0.9207630227439472
2020.0,5.0,Europe,Model 3,-0.5281045954665571,-0.6598552529820929,-0.17080541146232953,100.0,591.0,695.37,Estimated (Region),9867.0,2020-05-01,0.9998725302740599
2015.0,10.0,Asia,Model 3,0.650487243726107,0.783172324544424,0.5570481125046174,60.0,350.0,655.3,Official (Quarter),13190.0,2015-10-01,0.8920811892510006
2020.0,8.0,Asia,Model S,1.2252985288174838,1.1205125927900081,-1.436507728937449,120.0,665.0,1470.71,Interpolated (Month),14078.0,2020-08-01,0.955603085099488
2017.0,1.0,North America,Model Y,0.5442665906897695,0.6101592572535435,0.9304818457887646,82.0,485.0,877.66,Official (Quarter),10363.0,2017-01-01,0.9101471142964919
2018.0,10.0,Middle East,Model S,-0.06789980444070226,-0.13377345678282102,-0.6202581348158971,60.0,334.0,483.72,Interpolated (Month),12397.0,2018-10-01,0.9572674995042634
2016.0,2.0,Middle East,Model X,-1.142303921755619,-1.0366340494568058,-1.5672648054971678,82.0,491.0,399.7,Official (Quarter),7882.0,2016-02-01,0.8697115384615385
2019.0,2.0,Europe,Model Y,0.893422517177635,0.8366960414268131,1.1512379193071494,75.0,417.0,840.55,Estimated (Region),14224.0,2019-02-01,0.9450070323488045
2020.0,2.0,Europe,Model 3,0.22382581681699035,0.36977203757123445,0.0574627971619697,60.0,353.0,572.02,Interpolated (Month),9745.0,2020-02-01,0.8832474858964925
2020.0,4.0,North America,Model Y,0.44236591636543604,0.4054545154928272,-1.253489274186543,60.0,349.0,610.56,Interpolated (Month),9296.0,2020-04-01,0.9418557700072681
2017.0,5.0,Asia,Model 3,-0.5151446593305445,-0.6044535109459358,-0.6571845980657859,100.0,564.0,667.92,Estimated (Region),13456.0,2017-05-01,0.976983046652642
2019.0,2.0,Asia,Model Y,-0.7720563344973802,-0.6488218552037057,-0.42263689262210585,100.0,590.0,609.23,Official (Quarter),8214.0,2019-02-01,0.8722757222503801
2017.0,6.0,Europe,Model S,1.3820883444237524,1.2402366963427205,0.6170398226596983,100.0,585.0,1347.93,Interpolated (Month),10320.0,2017-06-01,0.963736746345442
2020.0,2.0,North America,Model S,0.7607737590796249,0.6230706801856987,1.3036113957538158,75.0,414.0,802.08,Interpolated (Month),13663.0,2020-02-01,0.9703981968444778
2025.0,12.0,Asia,Model Y,1.2496937027205661,1.3909482149326056,-0.6590345495587207,120.0,698.0,1553.75,Official (Quarter),13586.0,2025-12-01,0.8950003015499668
2023.0,5.0,Europe,Cybertruck,1.709898493746421,1.4763983594290515,1.598962463901734,60.0,332.0,829.22,Interpolated (Month),5772.0,2023-05-01,0.9826497491885512
2017.0,10.0,Asia,Cybertruck,-0.04325051414279618,-0.11663647725468766,1.0424332359737725,60.0,339.0,495.89,Official (Quarter),6592.0,2017-10-01,0.959937001673393
2020.0,12.0,Middle East,Model S,-1.5870076126972235,-1.6275077134610751,-1.3200323574282367,82.0,460.0,253.71,Estimated (Region),9002.0,2020-12-01,0.9876443728176202
2018.0,7.0,Middle East,Model S,2.121567053360935,1.891441918411788,-0.09371780352353609,82.0,473.0,1296.33,Estimated (Region),9843.0,2018-07-01,0.9763800566451131
2016.0,11.0,Europe,Model X,0.038829081385282835,0.12046419840852726,-1.315555594102911,100.0,595.0,899.19,Interpolated (Month),3797.0,2016-11-01,0.9020503178440326
2019.0,8.0,Europe,Model 3,-0.5865513662760251,-0.6413097545886336,1.1038857219047091,120.0,682.0,778.91,Interpolated (Month),4060.0,2019-08-01,0.9608783442705704
2020.0,5.0,Asia,Model X,-2.0121443412373976,-1.9796374297925823,1.3084335960183116,120.0,716.0,215.23,Estimated (Region),12661.0,2020-05-01,0.9014844804318488
2023.0,1.0,North America,Model X,1.066729898447449,1.2247429888241341,-0.4030752212337582,120.0,695.0,1472.01,Estimated (Region),11649.0,2023-01-01,0.8895608895608895
2024.0,10.0,Asia,Cybertruck,-0.4455167671488305,-0.41125167325204876,-1.1913374648406256,82.0,472.0,578.37,Interpolated (Month),5765.0,2024-10-01,0.9174528301886793
2022.0,11.0,Asia,Cybertruck,-0.9974575767060677,-1.0239573796688715,-0.7963251060686339,75.0,431.0,387.71,Official (Quarter),8281.0,2022-11-01,0.9528122020972355
2016.0,3.0,Asia,Cybertruck,0.14682854918538682,0.3150745549677403,0.3581355822993691,82.0,484.0,762.3,Official (Quarter),13610.0,2016-03-01,0.8751458576429405
2017.0,6.0,Europe,Model Y,0.4167001604882348,0.4979472543159031,0.6312544284486393,120.0,684.0,1186.26,Estimated (Region),3184.0,2017-06-01,0.904907255224231
2020.0,4.0,Europe,Model 3,-0.5901089958035579,-0.47698255363393016,1.38327014798948,100.0,584.0,665.76,Official (Quarter),13307.0,2020-04-01,0.8812615955473099
2020.0,11.0,Asia,Model Y,-2.1392025386492843,-2.1324617266804564,-1.102453309687079,120.0,665.0,150.02,Official (Quarter),11569.0,2020-11-01,0.9567430025445293
2020.0,12.0,Middle East,Model X,0.8669944121159625,0.7186152098836477,-1.5220185308447447,120.0,695.0,1390.07,Interpolated (Month),14870.0,2020-12-01,0.9720784428081942
2022.0,12.0,Asia,Model Y,0.16385434763857967,0.26342886323911924,0.41985497418186524,100.0,561.0,889.21,Official (Quarter),3011.0,2022-12-01,0.8971811852606555
2016.0,10.0,Europe,Model S,1.758434725157762,1.9233683460258446,-1.61437942181051,120.0,694.0,1753.25,Estimated (Region),14945.0,2016-10-01,0.8935222027693777
2017.0,3.0,Asia,Cybertruck,0.452530572158387,0.5578093060922593,-1.1725143823610642,60.0,344.0,603.87,Interpolated (Month),11619.0,2017-03-01,0.8980202578268877
2019.0,5.0,Asia,Cybertruck,-0.5868054826708489,-0.5727618364761001,-1.6154003246494375,60.0,349.0,398.54,Estimated (Region),3977.0,2019-05-01,0.9266066212268744
2023.0,3.0,Middle East,Model Y,0.12904040154772262,0.18431705363664058,0.1624328819547789,82.0,453.0,708.72,Interpolated (Month),11946.0,2023-03-01,0.9116335984616729
2024.0,10.0,Asia,Model X,-1.4286930987220123,-1.3777303680099258,-0.16470733116495836,75.0,448.0,288.96,Estimated (Region),6129.0,2024-10-01,0.8982661374556089
2019.0,8.0,Asia,Model S,1.0580899410234406,0.8913935240303072,-0.47825472498626115,82.0,477.0,1007.85,Official (Quarter),3848.0,2019-08-01,0.9746073479554418
2023.0,2.0,Asia,Model Y,0.8797002318571512,0.9174511230388388,0.009463961690666057,120.0,712.0,1429.41,Official (Quarter),4008.0,2023-02-01,0.9189783026641033
2020.0,12.0,North America,Model Y,-0.337009066559079,-0.230491752201875,0.5292312438174652,100.0,580.0,747.85,Estimated (Region),7009.0,2020-12-01,0.8885672937771346
2021.0,10.0,North America,Model Y,1.4720455481913686,1.4871970040632176,-0.6081007426833924,75.0,417.0,982.97,Official (Quarter),13650.0,2021-10-01,0.9249014183979754
2021.0,12.0,North America,Model X,-0.7212330555326253,-0.8162008470332822,0.32035770397495095,60.0,347.0,368.72,Estimated (Region),8025.0,2021-12-01,0.9867669591865162
2024.0,10.0,North America,Model S,0.2827808204161059,0.16694532096428624,1.0138375188208955,75.0,441.0,729.97,Interpolated (Month),4351.0,2024-10-01,0.9707926453769684
2021.0,7.0,Middle East,Model S,0.3646062995493612,0.5139104681229314,-0.5890261622308525,60.0,347.0,591.13,Estimated (Region),13167.0,2021-07-01,0.8841572596340989
2017.0,4.0,Middle East,Model 3,-1.7346492380898362,-1.7392502101102734,0.7443619140588393,75.0,443.0,205.73,Estimated (Region),5179.0,2017-04-01,0.9534955343393902
2021.0,8.0,Europe,Model X,-0.17691573782010134,-0.021326700700959676,0.8848001714835176,120.0,708.0,979.8,Interpolated (Month),3393.0,2021-08-01,0.873260766682442
2025.0,8.0,Asia,Cybertruck,1.237496115769025,0.9808344719785101,-1.3446314437496554,120.0,719.0,1595.32,Estimated (Region),6364.0,2025-08-01,0.997168666576783
2024.0,10.0,Middle East,Model Y,-0.03283174195502144,-0.15067568316673335,-0.11380384321522705,120.0,700.0,1028.26,Interpolated (Month),12986.0,2024-10-01,0.9779308967445576
2017.0,5.0,Asia,Model S,0.5198714167866871,0.540907079708347,-0.35530700840961316,82.0,456.0,818.61,Estimated (Region),13383.0,2017-05-01,0.9234567901234568
2016.0,6.0,Asia,Model X,0.6934329144513248,0.5472454146023141,0.16126386370884113,75.0,449.0,852.04,Official (Quarter),14248.0,2016-06-01,0.9741279741279741
2015.0,5.0,Asia,Model 3,0.20603766917932617,0.1901858822421657,0.42257323982261213,120.0,676.0,1088.33,Official (Quarter),5257.0,2015-05-01,0.9360718646432932
2024.0,4.0,Asia,Model 3,-1.0942759231339256,-1.0706732553688514,-0.306808656213323,60.0,335.0,282.2,Official (Quarter),11941.0,2024-04-01,0.9214109926168991
2023.0,11.0,Middle East,Model Y,0.30209366642271274,0.1798567438964415,0.040149199551844164,82.0,472.0,786.66,Estimated (Region),13514.0,2023-11-01,0.9727718438101909
2024.0,10.0,North America,Model 3,-1.0637819557550727,-0.9709031690749244,-1.0578452235668772,120.0,696.0,598.84,Interpolated (Month),14827.0,2024-10-01,0.8797546012269939
2024.0,7.0,Asia,Model X,1.8981987423108375,2.1510788959202194,-0.24470555596098648,60.0,339.0,884.38,Interpolated (Month),14726.0,2024-07-01,0.8775417528634138
2017.0,11.0,Middle East,Model X,-0.17081694434433076,-0.17133395985818178,-0.23899168106502255,75.0,434.0,602.17,Interpolated (Month),14994.0,2017-11-01,0.9318960306266371
2024.0,4.0,Europe,Model X,-0.04680814367032902,-0.17908081361747497,-0.5326528418846284,120.0,668.0,975.75,Estimated (Region),10632.0,2024-04-01,0.9843323562114626
2016.0,6.0,Europe,Model Y,-1.0424361785898757,-1.045319915792983,0.39754720338501115,82.0,489.0,426.9,Official (Quarter),5888.0,2016-06-01,0.9382556827341609
2020.0,1.0,Asia,Model 3,0.7653478541864528,0.9540726135373155,1.6343391827252467,100.0,577.0,1119.44,Interpolated (Month),8498.0,2020-01-01,0.8786684782608696
2023.0,7.0,Middle East,Model Y,-0.30651509918022607,-0.30396948634304954,-1.542890874475668,82.0,490.0,640.63,Official (Quarter),4542.0,2023-07-01,0.9310971050101485
2022.0,5.0,Asia,Model 3,-1.7468468250413773,-1.7589694742248378,0.811005894708664,60.0,334.0,152.7,Estimated (Region),7216.0,2022-05-01,0.9636421119190641
2022.0,7.0,Europe,Model Y,-1.0569208130948309,-1.0173842916306834,-0.11969863760163307,100.0,574.0,496.19,Estimated (Region),8132.0,2022-07-01,0.9115786143625435
2019.0,11.0,Asia,Model Y,2.6107411133967,2.275263309213131,-1.5161361622475171,120.0,671.0,2032.73,Interpolated (Month),3389.0,2019-11-01,0.9925299783762532
2025.0,6.0,Europe,Model S,1.0819768821368754,1.3245130751180614,0.03298647763763643,75.0,425.0,903.97,Interpolated (Month),5230.0,2025-06-01,0.8700454043440913
2025.0,5.0,Asia,Model 3,-1.530339656651522,-1.5406490500993033,0.15228399438513082,120.0,717.0,419.44,Official (Quarter),5472.0,2025-05-01,0.9528463229904716
2024.0,2.0,Asia,Model X,0.791013610063654,0.8733175319252899,-1.6728020033080964,60.0,336.0,656.96,Interpolated (Month),3833.0,2024-02-01,0.9067195325542571
2016.0,11.0,Asia,Model Y,-0.23460015944509804,-0.28800627253602124,0.290592968576136,82.0,466.0,629.03,Official (Quarter),10212.0,2016-11-01,0.9543960123024711
2018.0,10.0,Asia,Model Y,-0.7524893720959496,-0.7652594147373242,-0.423801934615507,100.0,593.0,619.18,Official (Quarter),13863.0,2018-10-01,0.94118442401298
2021.0,3.0,North America,Model S,0.32648884032579506,0.3282207310441166,0.7309470320614435,60.0,337.0,566.51,Interpolated (Month),6893.0,2021-03-01,0.929732868757259
2015.0,2.0,Middle East,Model X,-1.3224724456856747,-1.287350407484839,-1.4422633544850532,100.0,558.0,394.9,Estimated (Region),13782.0,2015-02-01,0.9122196442382057
2019.0,1.0,Asia,Cybertruck,-0.5065047019065363,-0.514777809853512,0.2746387523021677,82.0,474.0,563.75,Estimated (Region),6989.0,2019-01-01,0.9369018078695498
2023.0,2.0,North America,Model Y,-0.6986166963933095,-0.7774665782368164,-1.0211285076383259,100.0,589.0,633.73,Estimated (Region),5006.0,2023-02-01,0.9767156862745098
2021.0,5.0,Europe,Model S,1.0141278047189277,1.175679581681944,-0.17571956256674756,120.0,698.0,1456.69,Official (Quarter),5654.0,2021-05-01,0.8882150153217568
2015.0,2.0,Middle East,Cybertruck,-0.7064943046328465,-0.661029018703198,-0.954722605109166,60.0,351.0,376.03,Official (Quarter),5846.0,2015-02-01,0.9109693877551021
2020.0,10.0,North America,Model 3,-1.0335421047710436,-1.093444310358289,1.0915618241972094,120.0,711.0,624.44,Interpolated (Month),13972.0,2020-10-01,0.9761587195731911
2015.0,9.0,Europe,Cybertruck,0.7442561934160796,0.8909240177418652,-0.35311559623004546,120.0,700.0,1349.35,Estimated (Region),5459.0,2015-09-01,0.8892810186146287
2023.0,3.0,Middle East,Model S,1.1592282661633027,1.1552560581347167,-0.11791827052809989,100.0,599.0,1301.39,Interpolated (Month),8922.0,2023-03-01,0.9298324452718753
2021.0,4.0,Middle East,Model Y,-1.2093906499890952,-1.1220841939532515,0.9003970220607046,75.0,439.0,339.98,Interpolated (Month),11510.0,2021-04-01,0.8786589516678013
2024.0,5.0,Middle East,Model 3,-0.381987668442887,-0.5011621274886936,-1.6624796517215121,120.0,697.0,880.21,Interpolated (Month),10556.0,2024-05-01,0.9880295739936628
2017.0,8.0,Asia,Cybertruck,0.6283791173764386,0.6474850071846832,-1.5037645495095706,75.0,441.0,819.93,Official (Quarter),10004.0,2017-08-01,0.924034590726107
2021.0,3.0,Asia,Model S,1.6250236178752804,1.5883756092224708,1.2457479747692743,60.0,358.0,876.22,Estimated (Region),7031.0,2021-03-01,0.9365744461026289
2017.0,5.0,Middle East,Cybertruck,-1.3283171227666215,-1.3279627014350728,1.6759143822226954,75.0,415.0,292.26,Interpolated (Month),9224.0,2017-05-01,0.9391878375675135
2022.0,2.0,Europe,Cybertruck,1.294926420999198,1.2228649636703661,1.5445424776144112,120.0,709.0,1597.16,Estimated (Region),10052.0,2022-02-01,0.9466120390797352
2020.0,4.0,Asia,Cybertruck,-1.4749422825799392,-1.4561379181797416,-1.4819393963644194,100.0,589.0,363.83,Official (Quarter),5613.0,2020-04-01,0.9247698181001572
2018.0,9.0,Asia,Model X,1.257825427354927,1.1796703851337014,1.3242029165492997,60.0,351.0,783.01,Interpolated (Month),4351.0,2018-09-01,0.9484089024934634
2025.0,2.0,North America,Model 3,-0.3387878813228454,-0.43284896252038124,-1.5457000968932035,75.0,437.0,563.01,Interpolated (Month),13044.0,2025-02-01,0.9746935996368589
2018.0,4.0,North America,Model S,-1.047772622881175,-1.0126892287462632,0.8642454310240033,60.0,336.0,292.27,Interpolated (Month),3719.0,2018-04-01,0.9143803216650899
2015.0,8.0,Middle East,Cybertruck,-0.035627022298082955,-0.2006781028858074,0.573588328996256,100.0,558.0,818.75,Interpolated (Month),14532.0,2015-08-01,0.9980614223038465
2019.0,12.0,Middle East,Cybertruck,-1.3926085706570364,-1.436418654065177,-0.3800755824954305,82.0,490.0,326.49,Estimated (Region),6836.0,2019-12-01,0.9790610535596209
2020.0,5.0,North America,Model Y,-0.24501893163287278,-0.1041945606109744,-0.5360773893822967,100.0,558.0,749.78,Estimated (Region),9757.0,2020-05-01,0.8772032902467685
2015.0,4.0,North America,Model 3,1.0690169460008627,0.8223760996293319,-1.3311628823430075,120.0,662.0,1403.01,Official (Quarter),3488.0,2015-04-01,0.99788120629988
2018.0,7.0,Europe,Cybertruck,-1.3753286558090196,-1.3897027783651972,0.8078542175413618,120.0,685.0,463.4,Interpolated (Month),9940.0,2018-07-01,0.9522804054054054
2025.0,6.0,Europe,Model Y,-0.9504460436636696,-1.0091679315829483,1.4884952099762376,75.0,413.0,382.97,Official (Quarter),8550.0,2025-06-01,0.9724712914896964
2025.0,8.0,Europe,Model X,0.8687732268797289,1.068866901061387,-0.9691260828936245,120.0,710.0,1420.82,Official (Quarter),11279.0,2025-08-01,0.8771779867183904
2019.0,5.0,North America,Model Y,0.7635690394226864,0.8871679674343292,1.2512903737745706,100.0,592.0,1147.92,Official (Quarter),7316.0,2019-05-01,0.8955316937997921
2025.0,2.0,Europe,Model S,0.19816006093978916,0.07797387930452539,-0.4263054826192445,100.0,573.0,919.84,Interpolated (Month),8032.0,2025-02-01,0.9739716053876957
2021.0,4.0,North America,Model X,-0.4648296131554373,-0.5114912658344178,-0.3427763455701786,75.0,418.0,507.43,Estimated (Region),9042.0,2021-04-01,0.9547009555267194
2025.0,5.0,North America,Model Y,0.6286332337712625,0.8233151122062159,0.4408913382299487,75.0,443.0,823.71,Interpolated (Month),10842.0,2025-05-01,0.8752382969709808
2019.0,6.0,Asia,Model S,0.12370395725642337,0.2606118255084672,1.3643968653216363,100.0,572.0,893.09,Interpolated (Month),8511.0,2019-06-01,0.884667686554479
2015.0,3.0,Asia,Model Y,0.10286641288087389,-0.0661645512471716,-1.6050625650842714,75.0,443.0,686.23,Interpolated (Month),7322.0,2015-03-01,0.9954694428378639
2022.0,3.0,Europe,Model S,1.395048280559765,1.1329545094337212,-1.2764073997478584,75.0,445.0,1028.75,Interpolated (Month),12020.0,2022-03-01,0.9954786203332903
2017.0,2.0,Europe,Model S,-2.3142887346828647,-2.288337814443204,-0.285894064899192,120.0,709.0,86.68,Estimated (Region),13204.0,2017-02-01,0.8975770925110133
2018.0,2.0,Asia,Model X,-0.7219954047170967,-0.6053925235228198,-1.10462831982493,60.0,348.0,369.63,Official (Quarter),5672.0,2018-02-01,0.8766868886962982
2021.0,5.0,Middle East,Model X,-0.21960729215049538,-0.14152031054211417,0.6513101492147341,82.0,485.0,658.97,Interpolated (Month),5999.0,2021-05-01,0.9010245697801651
2025.0,10.0,North America,Cybertruck,-0.16497226726338396,-0.31899368757319385,-1.6182453333398077,82.0,470.0,653.75,Official (Quarter),6578.0,2025-10-01,0.9974185221039045
2021.0,6.0,Asia,Model 3,-0.8157643544070693,-0.7380280500076876,-1.1043952120199365,82.0,480.0,483.26,Interpolated (Month),7619.0,2021-06-01,0.8935037273695421
2019.0,11.0,Middle East,Model Y,-1.2454751780540712,-1.288054666917502,-0.6257692208324627,82.0,475.0,357.75,Estimated (Region),5521.0,2019-11-01,0.971367769394467
2025.0,12.0,Middle East,Model X,-0.15328291310149034,-0.06311276037229854,1.1870520259097548,100.0,564.0,788.39,Interpolated (Month),14172.0,2025-12-01,0.8971791662655242
2024.0,1.0,Asia,Model 3,1.015906619482694,1.0141694184578929,-0.3480438861188408,82.0,455.0,950.04,Interpolated (Month),8000.0,2024-01-01,0.9294871794871795
2018.0,3.0,Asia,Model 3,0.55036538416554,0.6218969144645937,-0.7933747266860277,82.0,454.0,823.19,Estimated (Region),14910.0,2018-03-01,0.9085306275836151
2025.0,4.0,Asia,Cybertruck,-0.5766408268778979,-0.6227642561951742,-0.48225781722809197,120.0,685.0,786.35,Official (Quarter),4186.0,2025-04-01,0.9562664000999626
2020.0,8.0,Middle East,Model X,1.8153567975982872,1.751059538167627,-0.05803839247562795,82.0,453.0,1159.63,Interpolated (Month),6337.0,2020-08-01,0.9420921887938173
2024.0,11.0,North America,Cybertruck,-0.8002632543228191,-0.8577521535604,-0.10471214178890785,75.0,428.0,434.83,Interpolated (Month),6466.0,2024-11-01,0.9672950585546987
2019.0,7.0,Europe,Model S,-1.6014922472021786,-1.5880691852319462,1.4372969823071864,60.0,334.0,181.36,Interpolated (Month),10751.0,2019-07-01,0.9303520945772294
2020.0,7.0,Asia,Model S,0.18774128875201443,0.3519307986104381,1.1699939025251453,60.0,355.0,567.7,Interpolated (Month),6638.0,2020-07-01,0.8770876182640889
2023.0,4.0,Europe,Model Y,0.9488198912492177,0.8937410554725174,0.6207128859409419,75.0,430.0,880.81,Interpolated (Month),14925.0,2023-04-01,0.9442024476249741
2022.0,10.0,Middle East,Model X,1.0514829147580225,0.8266016562253099,0.26193412841423047,60.0,355.0,748.69,Interpolated (Month),8776.0,2022-10-01,0.9917471961627989
2020.0,9.0,Middle East,Model 3,-0.3868158799445387,-0.26500046440236275,1.646983665793559,60.0,355.0,447.3,Interpolated (Month),4320.0,2020-09-01,0.881704628949302
2020.0,6.0,North America,Model X,1.3930153494011748,1.2010329212578128,1.6329579320001355,100.0,595.0,1374.81,Official (Quarter),5003.0,2020-06-01,0.976667512046665
2025.0,1.0,Asia,Cybertruck,0.14530385081644417,0.22492934758687444,-1.5317106464041819,60.0,346.0,544.64,Official (Quarter),4016.0,2025-01-01,0.9035646633373515
2019.0,11.0,North America,Model Y,-0.4066369587407931,-0.5326190488143083,1.2311794825045224,60.0,335.0,418.18,Interpolated (Month),13492.0,2019-11-01,0.9922499105758913
2019.0,1.0,North America,Model Y,-1.1008829493993437,-1.0392163340432368,0.323709187832248,75.0,419.0,351.33,Interpolated (Month),11000.0,2019-01-01,0.8974153154599455
2020.0,5.0,Europe,Model Y,-0.5014223740100607,-0.4135992046942588,1.4163232442365636,100.0,598.0,713.03,Estimated (Region),5787.0,2020-05-01,0.893748594558129
2016.0,8.0,Middle East,Model Y,1.9238644981880388,2.0963814133167253,-0.35733638829828923,60.0,357.0,936.75,Interpolated (Month),9396.0,2016-08-01,0.8931379556826304
2017.0,6.0,North America,Cybertruck,1.7205713823290194,1.798244920156049,-0.8046543610709442,120.0,660.0,1652.61,Interpolated (Month),14580.0,2017-06-01,0.911388949552304
2018.0,12.0,Europe,Model Y,1.0456382376770756,1.0322454105629102,-0.9833839304289074,75.0,448.0,943.29,Estimated (Region),11581.0,2018-12-01,0.932505148475387
2017.0,12.0,North America,Cybertruck,-0.7232659866912156,-0.6718276633373642,0.23347410087918594,60.0,357.0,378.92,Interpolated (Month),7647.0,2017-12-01,0.9078778547600719
2016.0,10.0,Asia,Model 3,1.3561684721517275,1.1364758065970364,-0.39720527842570974,120.0,689.0,1577.02,Official (Quarter),10826.0,2016-10-01,0.9846421888107376
2016.0,3.0,Asia,Model X,0.12675335399430865,0.204975330328089,-1.3631568043204938,120.0,694.0,1084.83,Official (Quarter),6078.0,2016-03-01,0.9038945268453465
2015.0,8.0,Europe,Model S,-0.8505783004979264,-0.8788799365402905,1.1223305633616685,60.0,333.0,328.42,Estimated (Region),13157.0,2015-08-01,0.9512442129629629
2021.0,9.0,Europe,Model Y,-0.7420705999081748,-0.6866171114232875,-0.19876443117768688,120.0,716.0,752.01,Official (Quarter),4699.0,2021-09-01,0.9057043073341094
2022.0,1.0,Middle East,Model X,0.05280548310059041,0.08806826450602859,-1.1637691119370492,60.0,333.0,505.99,Official (Quarter),14760.0,2022-01-01,0.9183210950956395
2019.0,11.0,Europe,Model S,-0.8691287973200619,-0.8624472164448201,-1.4499231079664114,100.0,559.0,545.19,Interpolated (Month),14325.0,2019-11-01,0.9312517903179605
2015.0,1.0,North America,Model X,-0.4574602377055479,-0.5429481871600325,-1.096899975987305,75.0,423.0,515.34,Official (Quarter),9297.0,2015-01-01,0.973510727556035
2017.0,5.0,Middle East,Model 3,-0.5250551987286718,-0.467827181009311,-0.5783166230534585,120.0,663.0,781.28,Estimated (Region),7487.0,2017-05-01,0.9068452037400438
2023.0,10.0,Middle East,Cybertruck,-1.1641579317104636,-1.1183281436457155,1.695417403886119,60.0,353.0,282.81,Estimated (Region),14303.0,2023-10-01,0.9064833672776647
2016.0,5.0,Middle East,Cybertruck,1.6069813538427924,1.605277835606383,0.6316575210495985,75.0,414.0,1008.88,Official (Quarter),4017.0,2016-05-01,0.9286612552875272
2020.0,2.0,Asia,Model 3,1.7518276988923438,2.0078794779454063,-0.8024097665136918,60.0,354.0,892.93,Estimated (Region),3664.0,2020-02-01,0.8754229788120153
2018.0,11.0,Europe,Model S,-0.10601726366426836,-0.014753612662771542,-1.3568743253117097,60.0,359.0,511.84,Estimated (Region),7579.0,2018-11-01,0.8972906636458038
2016.0,2.0,Europe,Model S,-0.4823636443982777,-0.5706490581781111,-1.151820473062748,120.0,662.0,796.78,Official (Quarter),11836.0,2016-02-01,0.9755623100303952
2016.0,7.0,Middle East,Model 3,-1.1694943760017629,-1.2277231088527036,-1.4545743293718072,100.0,586.0,467.63,Estimated (Region),8957.0,2016-07-01,0.9804644305197199
2016.0,2.0,Asia,Model 3,0.37172155860442685,0.22704212588486347,-1.6307203286437213,75.0,424.0,724.09,Official (Quarter),11456.0,2016-02-01,0.9795233588574378
2017.0,11.0,Middle East,Model 3,0.31657830092766787,0.3042759103335741,-0.11264625669533283,120.0,705.0,1181.02,Estimated (Region),4853.0,2017-11-01,0.9344042838018741
2022.0,7.0,Europe,Model X,0.48836098382853915,0.3204738772848234,-0.47091903608668445,120.0,690.0,1225.85,Estimated (Region),3520.0,2022-07-01,0.9852757674070377
2016.0,1.0,North America,Cybertruck,-0.9984740422853629,-0.9748939725266815,0.6637960792131253,100.0,590.0,530.38,Estimated (Region),5401.0,2016-01-01,0.921574657850223
2022.0,2.0,North America,Model S,-2.30386996249509,-2.2747221320783857,1.4980993509482898,120.0,678.0,87.06,Interpolated (Month),13367.0,2022-02-01,0.8861283643892339
2016.0,12.0,Middle East,Model 3,-0.03613525508773051,0.0791476450256304,0.9249563458567511,60.0,347.0,509.05,Estimated (Region),14472.0,2016-12-01,0.8896570544892204
2020.0,6.0,Middle East,Model 3,-0.038422302641144476,-0.06475603238184557,1.6671641414830085,100.0,560.0,820.76,Interpolated (Month),5584.0,2020-06-01,0.9413294797687861
2020.0,7.0,Asia,Model Y,-0.12456776048640388,-0.17274247872350781,0.42735617459330244,82.0,452.0,639.49,Interpolated (Month),5241.0,2020-07-01,0.9508064516129032
2021.0,12.0,Middle East,Model S,0.009859812375372597,-0.14903241115718632,-1.3073699812235071,75.0,420.0,627.54,Interpolated (Month),7823.0,2021-12-01,0.9940125735954496
2020.0,5.0,Middle East,Model Y,-1.0945300395287494,-1.1368736420391747,1.509382464554176,120.0,711.0,598.84,Official (Quarter),11517.0,2020-05-01,0.9659384138998796
2021.0,3.0,Asia,Cybertruck,-0.04248816495832486,0.07022702554523222,0.4031189272527692,82.0,485.0,709.68,Interpolated (Month),8928.0,2021-03-01,0.8904609767229575
2021.0,1.0,Europe,Cybertruck,0.5470618710328309,0.41296661610789936,0.4387963501744084,75.0,425.0,769.78,Official (Quarter),5534.0,2021-01-01,0.9726137736608941
2016.0,1.0,Asia,Model S,-0.30600686639057856,-0.15537074605115347,-0.5628698760095507,75.0,419.0,547.93,Interpolated (Month),12476.0,2016-01-01,0.8723233940364219
2016.0,9.0,Asia,Model Y,-0.24349423326393013,-0.17814180104059094,0.04863402543467286,82.0,463.0,622.55,Interpolated (Month),5551.0,2016-09-01,0.9057290087905426
2025.0,5.0,Middle East,Model X,-0.207663821593778,-0.13471246935970504,0.9160560015837852,100.0,563.0,768.92,Interpolated (Month),3542.0,2025-05-01,0.9030946240825233
2019.0,12.0,Asia,Model Y,-2.2078139652517037,-2.206643720254294,1.227680877303349,82.0,457.0,84.59,Official (Quarter),14697.0,2019-12-01,0.982484076433121
2022.0,9.0,North America,Model S,1.1394071873670482,1.1644114307593358,-0.8477907367208132,100.0,563.0,1216.59,Interpolated (Month),3471.0,2022-09-01,0.922515368852459
2016.0,4.0,Asia,Model S,-1.0907182936063928,-0.9831103325744166,1.490236311555967,60.0,346.0,292.2,Interpolated (Month),13104.0,2016-04-01,0.870439084724799
2018.0,9.0,Asia,Model Y,1.0944285854832403,1.0430440551970763,1.3489083676260887,75.0,414.0,883.62,Official (Quarter),14536.0,2018-09-01,0.9423802900854361
2019.0,9.0,Asia,Model 3,-0.9588318846928541,-1.0410943591970048,-0.5836795936630136,75.0,421.0,388.31,Interpolated (Month),14856.0,2019-09-01,0.9884262980228259
2025.0,8.0,Middle East,Cybertruck,-0.008690684446762909,0.06154115920905504,-1.7068198378270196,120.0,697.0,1033.79,Interpolated (Month),4124.0,2025-08-01,0.9056603773584906
2015.0,1.0,Middle East,Model S,1.0113325243758662,1.119104073924682,0.48319816819424316,75.0,445.0,927.96,Official (Quarter),8666.0,2015-01-01,0.9013810542695974
2024.0,3.0,North America,Model Y,-1.7133034609246391,-1.682674702353011,1.4569222737361285,120.0,700.0,333.9,Official (Quarter),12732.0,2024-03-01,0.911697247706422
2018.0,1.0,North America,Model 3,2.03974157422768,1.9294719277755907,0.8152644611760103,75.0,437.0,1176.56,Official (Quarter),14178.0,2018-01-01,0.9509403973509933
2025.0,9.0,Asia,Model Y,-2.0990521482671283,-2.100300545922179,0.9056764913669786,75.0,415.0,103.46,Official (Quarter),9177.0,2025-09-01,0.9724985371562317
2019.0,2.0,North America,Model 3,0.41949544083129636,0.4498228597505971,-1.2962220602038856,100.0,579.0,1005.12,Interpolated (Month),12196.0,2019-02-01,0.9205377028316895
2024.0,4.0,Europe,Cybertruck,-1.6835718427302577,-1.7038024853329017,-0.3337363354268428,75.0,415.0,205.24,Estimated (Region),11344.0,2024-04-01,0.9702766333137139
2023.0,11.0,Asia,Model 3,-1.2459834108437187,-1.2371132346215439,1.5394300109147006,100.0,561.0,422.35,Estimated (Region),7675.0,2023-11-01,0.9318603787597475
2016.0,7.0,North America,Model Y,-0.3593713093035711,-0.2389428653938312,0.32832710812264465,60.0,341.0,435.18,Interpolated (Month),7951.0,2016-07-01,0.8827557584561112
2021.0,6.0,Asia,Model X,1.394794164164941,1.6386127820857659,-1.2943412927537874,120.0,685.0,1583.48,Estimated (Region),8771.0,2021-06-01,0.87383760489907
2015.0,10.0,North America,Model X,0.5457912890587121,0.3669549998405824,0.3634945766563868,82.0,461.0,834.64,Official (Quarter),7671.0,2015-10-01,0.9878058760946068
2019.0,2.0,Europe,Model S,1.0908709559557075,1.1439879072121084,-1.5946746053308232,82.0,464.0,989.36,Estimated (Region),8622.0,2019-02-01,0.9153841200334857
2021.0,6.0,Europe,Model X,0.532323120133052,0.6078117258113334,-1.5139502174151884,82.0,467.0,841.79,Official (Quarter),14565.0,2021-06-01,0.9072857682144205
2019.0,12.0,Asia,Cybertruck,0.022819748511385074,0.1946461919823648,-1.3962099005675774,100.0,565.0,848.52,Interpolated (Month),10658.0,2019-12-01,0.8717457553330431
2025.0,8.0,Middle East,Model S,-0.27068468751007396,-0.11804499612001369,-1.0999373358941624,120.0,681.0,904.74,Interpolated (Month),12034.0,2025-08-01,0.8723529991135625
2025.0,12.0,North America,Model Y,-0.5227681511752578,-0.4744002690474991,-1.3129591011961157,100.0,558.0,658.3,Interpolated (Month),5966.0,2025-12-01,0.910828025477707
2019.0,9.0,North America,Model 3,-0.5286128282562046,-0.6042187578017147,0.4457796436928747,75.0,425.0,499.93,Official (Quarter),14947.0,2019-09-01,0.9703043801039347
2015.0,10.0,Europe,Model X,-0.07806446023365322,0.0021486137211408096,-0.011081335169072342,82.0,479.0,690.84,Official (Quarter),8217.0,2015-10-01,0.9015471167369902
2017.0,7.0,Middle East,Cybertruck,2.1424045977364843,2.2604738611272075,-1.1376441387044778,60.0,345.0,949.77,Estimated (Region),7943.0,2017-07-01,0.9047572097609071
2020.0,3.0,Asia,Model 3,-1.1270569380661926,-1.0788896154165866,0.21376232595755862,60.0,341.0,280.66,Interpolated (Month),8042.0,2020-03-01,0.9054455445544555
2019.0,11.0,Middle East,Model S,0.9841420701297223,0.8578238244067036,-0.4396661881758204,120.0,675.0,1396.74,Official (Quarter),8867.0,2019-11-01,0.9640111809923131
2021.0,9.0,Middle East,Model Y,-0.2221484560987331,-0.31852418128475185,0.5323332178280524,75.0,439.0,595.81,Interpolated (Month),11256.0,2021-09-01,0.9730078503064846
2017.0,7.0,Asia,Cybertruck,0.5844169810719257,0.46625557984606747,-1.3260181085914318,82.0,457.0,837.82,Interpolated (Month),3023.0,2017-07-01,0.9667774086378738
2021.0,12.0,Europe,Cybertruck,1.3810718788444574,1.5214709631194843,-0.5556539717176582,60.0,334.0,769.39,Interpolated (Month),13294.0,2021-12-01,0.8961311781525354
2019.0,2.0,Asia,Cybertruck,-0.184030996875167,-0.03541188935421997,-0.973849870907824,60.0,339.0,467.72,Estimated (Region),12074.0,2019-02-01,0.8755830556877677
2018.0,11.0,Asia,Cybertruck,-1.3992155969224545,-1.4047269795953414,-1.454646398949044,60.0,334.0,221.24,Official (Quarter),6575.0,2018-11-01,0.9452054794520548
2016.0,7.0,Asia,Model 3,0.6609060159138818,0.7188499630278687,0.9984504155650461,120.0,667.0,1252.93,Estimated (Region),7918.0,2016-07-01,0.9128881761189678
2022.0,12.0,Europe,Model Y,-0.2595035661378279,-0.35655419064855465,-1.6357776248394789,75.0,446.0,595.48,Estimated (Region),3098.0,2022-12-01,0.9741709532669366
2022.0,5.0,Europe,Model X,-0.0999184701884978,-0.059591463208983474,1.1189756002834017,100.0,570.0,814.73,Estimated (Region),5658.0,2022-05-01,0.9160738319553932
2017.0,6.0,Asia,Model Y,0.8593709202712493,0.8977318589242744,0.3987723861980371,120.0,698.0,1392.93,Official (Quarter),5904.0,2017-06-01,0.9187845303867404
2018.0,1.0,Europe,Model 3,-0.9479048797154318,-1.0103416973040533,0.24110303840338046,82.0,463.0,430.03,Official (Quarter),14259.0,2018-01-01,0.9748110831234257
2018.0,6.0,Europe,Model 3,-0.6663439142506902,-0.6748794542122373,0.5054622002131886,120.0,682.0,746.79,Official (Quarter),3654.0,2018-06-01,0.9381827528595297
2017.0,11.0,Europe,Model X,-0.2851693220150291,-0.2840154690842641,0.5082063114954267,100.0,561.0,740.52,Official (Quarter),9631.0,2017-11-01,0.9316112640271014
2024.0,2.0,Europe,Model S,0.7564537803676208,0.7796510273811089,0.2716734619725469,100.0,558.0,1079.65,Official (Quarter),7832.0,2024-02-01,0.9228732918365887
2015.0,7.0,Middle East,Model 3,0.10769462438252561,0.1364274122155556,1.193903109031359,60.0,334.0,518.33,Official (Quarter),12543.0,2015-07-01,0.9207083741212068
2017.0,8.0,Europe,Model Y,-0.023937668136189354,-0.17133395985818178,1.3174910022664972,60.0,341.0,502.7,Interpolated (Month),9501.0,2017-08-01,0.9901269393511989
2016.0,5.0,Asia,Cybertruck,-0.15607819344455184,-0.19340075541495624,-0.3625348414591175,100.0,572.0,798.63,Interpolated (Month),12420.0,2016-05-01,0.9467046379170057
2022.0,9.0,Europe,Cybertruck,0.16410846403340346,0.108022281764814,-1.1344596574537436,100.0,550.0,871.86,Interpolated (Month),8410.0,2022-09-01,0.9507016912558475
2023.0,5.0,Europe,Model X,0.8741096711710281,0.8399825854459072,-0.33671057232467194,120.0,694.0,1390.98,Estimated (Region),10000.0,2023-05-01,0.9387382324012927
2019.0,8.0,Europe,Cybertruck,0.8649614809573722,1.0625285661674198,-0.006724853482997375,82.0,485.0,969.47,Estimated (Region),8350.0,2019-08-01,0.8777499670662626
2022.0,2.0,Asia,Model 3,-0.642965205926903,-0.7232386019217643,1.6666740683577979,120.0,666.0,738.46,Official (Quarter),14183.0,2022-02-01,0.9758415841584158
2023.0,4.0,Asia,Model 3,1.380309529659986,1.3759240137024613,0.09245729871034361,100.0,598.0,1377.25,Estimated (Region),13937.0,2023-04-01,0.9295876975237634
2017.0,12.0,Asia,Model S,0.9101941992360041,1.1392928443276884,-0.6499075588911334,82.0,464.0,939.88,Interpolated (Month),3947.0,2017-12-01,0.8707202269649881
2019.0,4.0,Middle East,Cybertruck,-0.19216272150952776,-0.23753434652850516,0.42292911442469217,82.0,473.0,650.33,Interpolated (Month),4507.0,2019-04-01,0.9504355039402738
2022.0,6.0,Asia,Model 3,0.5684076481980279,0.43785044939532586,0.03385180959604585,100.0,557.0,1015.88,Interpolated (Month),11051.0,2022-06-01,0.9710885712003834
2021.0,9.0,Europe,Cybertruck,0.36308160118041855,0.4200092104345295,-0.4060121807640511,75.0,448.0,762.79,Interpolated (Month),6959.0,2021-09-01,0.912093210124548
2025.0,4.0,North America,Model Y,0.5437583579001218,0.5951350560233991,-0.9082680467169997,120.0,690.0,1248.42,Official (Quarter),14114.0,2025-04-01,0.9144113410658783
2019.0,8.0,Asia,Model X,-0.26255296287571317,-0.1656998843968777,0.33657484994794157,60.0,356.0,474.67,Estimated (Region),7931.0,2019-08-01,0.8933668341708543
2016.0,12.0,Europe,Model S,0.16487081321787478,0.14393951283062775,-0.6831206993028396,82.0,461.0,730.98,Estimated (Region),5335.0,2016-12-01,0.9380601650545745
2020.0,2.0,North America,Model Y,-0.411211053847621,-0.43942205055856937,1.4499300336494538,60.0,352.0,438.45,Interpolated (Month),9061.0,2020-02-01,0.9453551912568307
2021.0,4.0,Middle East,Model X,0.7737336952156374,0.6679085307319106,-1.6208870561192132,120.0,685.0,1332.36,Estimated (Region),13741.0,2021-04-01,0.9604473742685727
2025.0,11.0,Asia,Model S,-0.18835097558717115,-0.26593947697924675,-0.9189741066734246,120.0,671.0,924.07,Estimated (Region),9897.0,2025-11-01,0.9640869473905282
2023.0,7.0,Middle East,Cybertruck,-1.364909883621245,-1.3213896133968848,0.026284503986177533,100.0,551.0,376.14,Interpolated (Month),14096.0,2023-07-01,0.9053113188780585
2019.0,8.0,North America,Cybertruck,0.8245569741803922,1.0526689341101376,-0.9993888439227245,100.0,563.0,1111.95,Interpolated (Month),10954.0,2019-08-01,0.8696829590488772
2021.0,6.0,Europe,Model 3,-0.35200193385368167,-0.2635919455370367,0.38234996618781303,120.0,718.0,919.43,Official (Quarter),7483.0,2021-06-01,0.8955208224063779
2016.0,5.0,Middle East,Model Y,1.3427003032260674,1.1038451195503167,0.0686509777385299,120.0,669.0,1525.92,Estimated (Region),11849.0,2016-05-01,0.9901028779789035
2021.0,9.0,Middle East,Model S,0.8093099904909657,0.9493775506528955,-1.2651774685196575,60.0,344.0,676.32,Estimated (Region),14262.0,2021-09-01,0.8916326530612245
2024.0,3.0,Middle East,Model S,0.3719756749992506,0.3643727152541513,-0.3410277885169423,82.0,491.0,838.58,Official (Quarter),12853.0,2024-03-01,0.9326671035386632
2020.0,12.0,North America,Model X,-2.2837947673040118,-2.251951077088948,-0.4536238286445447,60.0,341.0,47.83,Interpolated (Month),7602.0,2020-12-01,0.8795860771401693
2020.0,9.0,Middle East,Model Y,0.07897947176743914,0.022572137268368233,-0.08782002694772656,75.0,435.0,667.7,Interpolated (Month),13425.0,2020-09-01,0.9517299107142857
2024.0,4.0,North America,Model X,0.9739774143367713,0.9859990411513723,-0.9755974338979254,75.0,418.0,862.44,Interpolated (Month),5841.0,2024-04-01,0.9258885298869144
2018.0,5.0,Middle East,Model 3,0.426610699886362,0.28361763364212567,-0.07396875123437248,120.0,696.0,1211.14,Estimated (Region),9980.0,2018-05-01,0.977832097100472
2019.0,6.0,Europe,Model X,0.9101941992360041,1.1099487013000628,0.4954753449344306,82.0,463.0,937.85,Estimated (Region),9303.0,2019-06-01,0.8777951118044722
2016.0,2.0,Asia,Cybertruck,0.17249430506258798,0.17257939642559034,0.4146222258429035,100.0,593.0,942.96,Official (Quarter),9847.0,2016-02-01,0.930647002019138
2022.0,11.0,Middle East,Model 3,-0.4467873491229494,-0.37181314502291996,0.8977384002080155,60.0,350.0,428.61,Estimated (Region),5808.0,2022-11-01,0.8999118165784833
2018.0,8.0,Europe,Model S,1.3531190754138422,1.2219259510934821,-1.0438766484036757,120.0,674.0,1541.47,Official (Quarter),6676.0,2018-08-01,0.9612886955425257
2015.0,6.0,North America,Model 3,0.6527742912795209,0.5312822007952858,0.6019902038379447,60.0,348.0,652.03,Estimated (Region),7297.0,2015-06-01,0.9668705008127564
2022.0,2.0,Middle East,Model Y,1.3554061229672563,1.2752149148316503,1.1641403617588122,60.0,343.0,784.92,Estimated (Region),11634.0,2022-02-01,0.9482844356041771
2015.0,6.0,Europe,Model X,0.7490844049177313,0.9104085287122087,1.5685868767068905,120.0,668.0,1289.57,Estimated (Region),14119.0,2015-06-01,0.8855098389982111
2024.0,12.0,Middle East,Cybertruck,0.732566839254186,0.6866887822695911,0.6251265262572389,75.0,441.0,847.05,Official (Quarter),14903.0,2024-12-01,0.9428613504160224
2025.0,12.0,Europe,Model Y,-1.043198527774347,-0.9929699646316988,-0.14764523152781164,100.0,576.0,502.59,Estimated (Region),4756.0,2025-12-01,0.9052287581699346
2024.0,3.0,North America,Cybertruck,-0.28034111051337735,-0.15349272089738542,0.7530052930115885,100.0,581.0,768.58,Official (Quarter),10965.0,2024-03-01,0.8817236552689462
2023.0,12.0,Europe,Model X,-0.7585881655717202,-0.808923499562431,-0.8815158196466847,100.0,598.0,622.25,Estimated (Region),3098.0,2023-12-01,0.962135922330097
2020.0,9.0,North America,Model X,2.1385928518141277,2.3003818956447786,-1.3733071829848436,60.0,358.0,984.75,Official (Quarter),13682.0,2020-09-01,0.8965045221217306
2022.0,6.0,Europe,Model 3,-1.8863567257996294,-1.867894933143384,1.3148736340338818,82.0,488.0,182.93,Estimated (Region),6191.0,2022-06-01,0.9258984809188588
2022.0,12.0,Asia,Model X,-0.9014015794626812,-0.7981248549282648,-1.2452335798561713,82.0,460.0,439.87,Estimated (Region),9697.0,2022-12-01,0.8785832414553473
2023.0,7.0,Asia,Model Y,1.3292321343004074,1.1482134638080865,-0.5490200913908987,82.0,467.0,1061.47,Estimated (Region),7184.0,2023-07-01,0.9746574901910336
2023.0,3.0,North America,Model S,-0.21655789541261009,-0.27133879929632987,0.6210911269635435,100.0,574.0,780.93,Estimated (Region),14739.0,2023-03-01,0.9547368421052631
2022.0,4.0,North America,Cybertruck,-0.6188241484186444,-0.4908329891429694,1.119561103469505,120.0,711.0,798.49,Official (Quarter),5066.0,2022-04-01,0.8741389375364857
2017.0,12.0,Asia,Model X,0.6705624389171851,0.4744719398938026,-1.4136621699849377,75.0,418.0,787.57,Interpolated (Month),10142.0,2017-12-01,0.9908495700875601
2015.0,4.0,Asia,Model X,1.3183051293229853,1.2268557671221232,1.503305259582625,100.0,592.0,1341.77,Estimated (Region),8147.0,2015-04-01,0.9513915124039793
2023.0,5.0,Europe,Model Y,0.08660296361215236,-0.054426894036121366,1.2511800327666633,60.0,339.0,521.87,Estimated (Region),14655.0,2023-05-01,0.9845548733691482
2025.0,8.0,North America,Model S,1.3299944834848787,1.1010280818196647,-1.1758400205768693,82.0,481.0,1093.51,Interpolated (Month),8176.0,2025-08-01,0.98761892349798
2017.0,1.0,North America,Model 3,-1.3826980312589092,-1.4483910644204483,1.7366342436236524,60.0,350.0,235.25,Official (Quarter),12941.0,2017-01-01,0.9988854213107445
2022.0,9.0,Middle East,Model X,-1.4124296494532909,-1.436418654065177,0.658569792284536,60.0,353.0,231.07,Estimated (Region),6681.0,2022-09-01,0.961869076482257
2021.0,8.0,North America,Model Y,0.611099202528422,0.4817492873646538,-0.1998693323514625,82.0,453.0,837.62,Interpolated (Month),12903.0,2021-08-01,0.9700188857412654
2025.0,11.0,Europe,Model S,0.30895480908295464,0.20004551429944792,-0.9698388261609182,82.0,489.0,816.97,Estimated (Region),14449.0,2025-11-01,0.9678484532499131
2019.0,11.0,Asia,Model 3,-0.1243136440915801,-0.25115002889332344,1.3125594550572286,100.0,589.0,833.41,Official (Quarter),5017.0,2019-11-01,0.984039223868141
2023.0,12.0,Middle East,Model Y,-1.162379116946697,-1.1739646388260936,1.2975426403189063,100.0,568.0,455.65,Estimated (Region),14419.0,2023-12-01,0.945711759504863
2021.0,11.0,North America,Model S,1.2413078616913817,0.9850600285744883,0.36814579806178244,82.0,462.0,1026.13,Interpolated (Month),13348.0,2021-11-01,0.9969701050363587
2021.0,8.0,Middle East,Model Y,0.7996535674876624,0.8348180162730451,0.1381523928679038,82.0,469.0,919.4,Official (Quarter),5511.0,2021-08-01,0.9195750070363073
2016.0,9.0,Europe,Model S,2.6519079693581515,2.4118896391497557,1.2507824075129428,100.0,590.0,1801.68,Estimated (Region),9489.0,2016-09-01,0.9726708074534162
2018.0,2.0,Middle East,Model X,-0.6025606991499228,-0.6673673535971651,1.2863837846048078,82.0,488.0,552.73,Interpolated (Month),8035.0,2018-02-01,0.9664661461666454
2025.0,4.0,Middle East,Model S,-0.7438494146719412,-0.8490662872242228,0.6097965816316123,75.0,432.0,453.28,Interpolated (Month),8329.0,2025-04-01,0.9937491120897854
2023.0,11.0,Middle East,Model 3,0.230941075872056,0.1986369954341219,-0.2612562101155355,120.0,702.0,1140.5,Estimated (Region),14313.0,2023-11-01,0.9416623195965919
2021.0,1.0,Middle East,Model 3,-1.9783468607258357,-1.9669607600046481,-0.8210370185557961,120.0,669.0,214.45,Official (Quarter),11269.0,2021-01-01,0.9385155906895037
2023.0,3.0,Asia,Model X,-0.7458823458305315,-0.6680716130298281,-0.423512662243425,82.0,455.0,476.86,Interpolated (Month),10605.0,2023-03-01,0.8946222791293214
2023.0,10.0,North America,Model S,0.22789167913417074,0.17844822503111546,0.7457774599620842,75.0,414.0,671.86,Interpolated (Month),7636.0,2023-10-01,0.9477049754730204
2018.0,2.0,North America,Model Y,0.3465640355168732,0.5000600326138922,1.5156455593318408,82.0,488.0,826.14,Estimated (Region),10624.0,2018-02-01,0.8826841858282497
2018.0,5.0,Europe,Model 3,1.1416942349204622,0.9033659343855786,-0.0019006650922327691,120.0,701.0,1515.74,Interpolated (Month),6027.0,2018-05-01,0.9938637617209046
2025.0,3.0,North America,Model X,-1.4980668745089025,-1.5089573756294676,1.6045023777491942,82.0,472.0,285.11,Official (Quarter),7808.0,2025-03-01,0.9524597918637654
2024.0,4.0,Middle East,Model 3,1.1820987416974422,1.2977512166768668,-0.9848536527729718,75.0,427.0,933.46,Official (Quarter),9094.0,2024-04-01,0.9005190311418685
2025.0,1.0,Middle East,Cybertruck,-1.443685966016615,-1.433132110046083,-1.0859081228797687,100.0,594.0,377.87,Official (Quarter),5982.0,2025-01-01,0.9318831026148099
2025.0,6.0,Europe,Model 3,0.02332798130103262,0.045108439113584704,1.1351380727840061,100.0,575.0,863.71,Estimated (Region),13997.0,2025-06-01,0.9231194690265486
2021.0,7.0,North America,Model 3,0.8420910054232326,0.6866887822695911,0.9118446531153175,120.0,660.0,1310.36,Estimated (Region),9693.0,2021-07-01,0.9745968632648553
2015.0,8.0,Europe,Model Y,-0.7669740066009046,-0.8366243705805096,1.425695271466756,75.0,434.0,449.45,Estimated (Region),7810.0,2015-08-01,0.9734912577552172
2020.0,9.0,Asia,Model S,2.558139019668179,2.5849027064406362,-0.04269453096612059,60.0,345.0,1034.43,Official (Quarter),5116.0,2020-09-01,0.922555037614806
2021.0,9.0,North America,Model S,0.39103440461103367,0.33033350934210565,-0.1617604310033226,100.0,556.0,955.85,Interpolated (Month),3575.0,2021-09-01,0.9500953328359446
2021.0,9.0,North America,Model 3,-0.02012592221383274,0.07773912616030439,0.25052775097969116,75.0,441.0,651.11,Estimated (Region),4798.0,2021-09-01,0.895876945481023
2017.0,11.0,Asia,Model X,-1.1008829493993437,-1.146498520952236,1.3060836307688233,60.0,337.0,282.57,Interpolated (Month),6158.0,2017-11-01,0.9684684684684685
2018.0,5.0,Middle East,Model Y,0.5338478185019947,0.40921056580036325,-1.5312434367310603,75.0,433.0,780.89,Estimated (Region),10142.0,2018-05-01,0.9696749737882088
2025.0,2.0,Asia,Model 3,1.914462191579559,2.0984941916147144,1.1351678946780348,120.0,674.0,1764.8,Interpolated (Month),6883.0,2025-02-01,0.8908394998724164
2021.0,9.0,Europe,Model 3,-0.8477830201548648,-0.8037589303895689,-0.28689409241229885,82.0,458.0,452.46,Official (Quarter),11269.0,2021-09-01,0.910674778761062
2022.0,12.0,Asia,Model 3,1.2100515451280573,1.2864830657542585,-0.5354148463032847,75.0,446.0,982.36,Interpolated (Month),6498.0,2022-12-01,0.9100148735746157
2017.0,12.0,North America,Model 3,4.010414216086048,4.292027571215783,-1.175965272531791,120.0,661.0,2548.55,Official (Quarter),8388.0,2017-12-01,0.8882131379798888
2024.0,9.0,Middle East,Model Y,-1.3473758523784045,-1.3056611527340773,-0.9850822872938609,82.0,468.0,324.32,Official (Quarter),5258.0,2024-09-01,0.9069493521790342
2018.0,11.0,North America,Model 3,0.2352610545840602,0.253099724893395,-1.1787481522762675,82.0,479.0,779.43,Estimated (Region),5010.0,2018-11-01,0.9244929265382649
2018.0,10.0,Europe,Model S,0.19053656909507594,0.14464377226329078,0.42674134654473733,120.0,703.0,1125.36,Official (Quarter),4327.0,2018-10-01,0.9467707594038325
2016.0,11.0,Asia,Cybertruck,1.0692710623956867,1.0017275018141796,-1.1544616988105865,82.0,468.0,991.93,Estimated (Region),4711.0,2016-11-01,0.9468605508275816
2021.0,11.0,Asia,Model X,0.41187194898658314,0.34512295742802895,0.30203016196783916,75.0,424.0,734.13,Estimated (Region),4043.0,2021-11-01,0.9519214910110506
2023.0,7.0,North America,Model X,-0.05722691585810375,-0.14856290486874432,-1.0559495451697647,82.0,457.0,664.73,Interpolated (Month),12325.0,2023-07-01,0.967474807941734
2020.0,9.0,Europe,Model Y,0.027139727223389233,-0.06475603238184557,-0.3100522842205484,60.0,353.0,531.04,Official (Quarter),12254.0,2020-09-01,0.9661849710982658
2015.0,9.0,Europe,Model X,1.3122063358472147,1.0503214026679275,-1.3727882820287385,100.0,589.0,1332.85,Official (Quarter),5142.0,2015-09-01,0.9970918704560476
2018.0,1.0,Asia,Model S,1.1200943413604414,1.2766234336969762,-0.07419738575526205,100.0,567.0,1218.77,Interpolated (Month),7350.0,2018-01-01,0.8903939356281844
2022.0,5.0,North America,Model S,0.14377915244750153,0.05215103344021485,-0.6767815586954008,60.0,353.0,555.34,Estimated (Region),6926.0,2022-05-01,0.9641478212906784
2020.0,6.0,Asia,Model S,-0.5156528921201922,-0.43496174081837025,-0.8109671590053241,120.0,706.0,835.87,Interpolated (Month),5470.0,2020-06-01,0.8966261501760764
2015.0,2.0,Europe,Model 3,-1.9308270948937898,-1.9326868009483813,-1.606666982983034,120.0,696.0,242.63,Interpolated (Month),9032.0,2015-02-01,0.9591415600495253
2024.0,9.0,North America,Model X,-0.04960342401339053,0.05074251457488882,-0.045857639859467156,60.0,340.0,496.08,Interpolated (Month),3988.0,2024-09-01,0.8946835908756439
2022.0,1.0,Asia,Cybertruck,0.906890686103295,1.0799002988397741,-0.9847467909860343,60.0,332.0,671.85,Interpolated (Month),8794.0,2022-01-01,0.8843078133193497
2019.0,2.0,Middle East,Model X,-1.9016037094890559,-1.8789283309217713,1.3418211945100873,100.0,557.0,203.78,Official (Quarter),10173.0,2019-02-01,0.919683257918552
2019.0,11.0,Middle East,Model 3,0.21366116102403937,0.04628220483468973,-1.2403243990674246,75.0,414.0,668.38,Interpolated (Month),10510.0,2019-11-01,0.9917073620197181
2019.0,5.0,North America,Model S,-0.9811941274373462,-1.0331127522934906,-0.30454318633025035,60.0,351.0,319.11,Estimated (Region),5609.0,2019-05-01,0.9689848121502798
2022.0,7.0,Asia,Model 3,0.12116279330818563,0.045108439113584704,-1.17725457241698,82.0,473.0,737.81,Interpolated (Month),9387.0,2022-07-01,0.9586098820058997
2021.0,7.0,Europe,Model 3,0.12954863433737018,0.20544483661653104,1.022985384814303,82.0,476.0,744.84,Official (Quarter),4831.0,2021-07-01,0.904691700633076
2023.0,8.0,Middle East,Cybertruck,0.7239268818301777,0.8848204359921191,-0.4424063232055221,120.0,672.0,1287.32,Estimated (Region),12301.0,2023-08-01,0.8853379549393414
2015.0,3.0,North America,Model 3,-0.8144937724329504,-0.9025900041066119,-0.45564028571247445,82.0,461.0,464.48,Estimated (Region),5927.0,2015-03-01,0.9861987960651887
2021.0,2.0,Middle East,Model S,0.25406566780101947,0.24065780824968178,0.35054640730054604,82.0,458.0,750.34,Official (Quarter),11899.0,2021-02-01,0.9350226864138345
2024.0,9.0,Asia,Model Y,-1.3877803591553848,-1.4415832232380392,-1.6952280676179328,60.0,342.0,228.85,Interpolated (Month),7924.0,2024-09-01,0.9880398671096345
2022.0,12.0,North America,Model S,-1.322218329290851,-1.3131732533491496,1.153365214414554,82.0,489.0,346.14,Official (Quarter),10611.0,2022-12-01,0.9322402212564204
2021.0,5.0,Asia,Model Y,-0.09585260787131741,-0.21804983555816176,-1.1238023065909,120.0,717.0,1026.56,Official (Quarter),11318.0,2021-05-01,0.9812891950241596
2021.0,12.0,Middle East,Model X,1.0004055193984438,1.0334191762840153,-0.5441874534634934,60.0,332.0,690.18,Estimated (Region),14913.0,2021-12-01,0.920374551733298
2017.0,7.0,Europe,Cybertruck,-0.8193219839346021,-0.7338024934117094,1.0111192531801485,82.0,463.0,465.18,Interpolated (Month),13965.0,2017-07-01,0.8895086321381143
2019.0,9.0,Asia,Model X,1.5149912189165864,1.610207651635024,-0.9971273502921891,100.0,561.0,1336.64,Official (Quarter),6375.0,2019-09-01,0.9068798172994577
2015.0,2.0,Europe,Model Y,-0.015551827107004808,0.155442416897457,-0.8928411809357789,100.0,583.0,862.34,Official (Quarter),12139.0,2015-02-01,0.8712670083053543
2016.0,11.0,North America,Model 3,-1.5905652422247563,-1.5354844809264412,1.587861760880992,60.0,354.0,194.51,Estimated (Region),3018.0,2016-11-01,0.8901579586877278
2021.0,4.0,Asia,Model S,-0.5951913237000334,-0.5028053994982407,0.9413877124351836,60.0,347.0,394.54,Interpolated (Month),7046.0,2021-04-01,0.8902983321587973
2022.0,6.0,Middle East,Model Y,-0.6073889106515745,-0.6072705486765878,-1.5799361282701057,82.0,490.0,553.6,Official (Quarter),11592.0,2022-06-01,0.9334490023546907
2017.0,1.0,Asia,Model Y,-0.48007659684486376,-0.4596108209615758,0.0747808680561987,60.0,334.0,402.45,Official (Quarter),12304.0,2017-01-01,0.9235456426764773
2020.0,3.0,Middle East,Model Y,1.1986163073609877,1.2047889715653488,-1.3288134141250867,100.0,556.0,1220.89,Estimated (Region),9442.0,2020-03-01,0.9272232074993666
2020.0,6.0,North America,Model 3,-0.5466550922886926,-0.422519824174657,-1.4253205424240227,100.0,575.0,670.25,Interpolated (Month),14022.0,2020-06-01,0.8774841915085817
2023.0,12.0,Europe,Cybertruck,0.3064136451347169,0.34089740083205083,-0.6288239768441708,100.0,577.0,963.13,Official (Quarter),11768.0,2023-12-01,0.9190617773372977
2020.0,6.0,North America,Cybertruck,-1.3328912178734496,-1.3049568933014144,-1.4854220965554437,120.0,673.0,472.14,Estimated (Region),14177.0,2020-06-01,0.9175985874043555
2015.0,12.0,Middle East,Model 3,0.6728494864705991,0.5073373800847433,-1.6218393686018737,120.0,715.0,1348.13,Estimated (Region),10399.0,2015-12-01,0.9807287196691894
2017.0,4.0,Asia,Model 3,0.22179288565840016,0.3256384464576855,0.5426694862985172,82.0,457.0,740.0,Estimated (Region),13510.0,2017-04-01,0.8963713360458357
2017.0,3.0,North America,Model S,-0.15912759018243713,-0.3004481891797345,1.597357548971404,75.0,447.0,623.3,Official (Quarter),12422.0,2017-03-01,0.9914675767918089
2022.0,9.0,Middle East,Model S,-0.17971101816316284,-0.09621295370746023,0.3685762273989351,75.0,438.0,605.43,Official (Quarter),3220.0,2022-09-01,0.8993753659964865
2020.0,2.0,Asia,Model X,-0.759858747545839,-0.6462395706172747,0.9313004567798617,75.0,437.0,454.39,Official (Quarter),12886.0,2020-02-01,0.8771352650892066
2019.0,9.0,Middle East,Model Y,0.9907490963951404,1.1846002011623424,-1.4308624443977522,75.0,447.0,926.7,Interpolated (Month),12906.0,2019-09-01,0.8802063431410011
2018.0,1.0,North America,Model S,-1.3712627934918393,-1.4129433396430766,-1.3293864915220113,60.0,346.0,234.9,Estimated (Region),13828.0,2018-01-01,0.9760621091222773
2018.0,1.0,Middle East,Model S,0.476163396876998,0.3345590659380837,0.5487889389532755,100.0,598.0,1058.1,Estimated (Region),9746.0,2018-01-01,0.9764092376458903
2024.0,9.0,Middle East,Model S,0.31784888290178676,0.15896371406077206,-0.4027541388413793,60.0,358.0,599.99,Interpolated (Month),10074.0,2024-09-01,0.9858819377040501
2015.0,3.0,Middle East,Model Y,-1.2004965761702633,-1.2528416952843513,-0.8643548107276747,82.0,473.0,368.8,Interpolated (Month),11575.0,2015-03-01,0.9772513630381651
2017.0,8.0,Asia,Model 3,-0.48033071323968757,-0.5537468317941987,-0.515466484355694,75.0,426.0,513.24,Official (Quarter),3824.0,2017-08-01,0.9680607448475352
2019.0,12.0,North America,Model 3,1.003454916136329,1.1369453128854783,1.5266990443537036,60.0,350.0,728.23,Estimated (Region),4870.0,2019-12-01,0.8949609652235628
2022.0,8.0,Asia,Cybertruck,1.0303912539876492,0.8028915886589885,-0.39386820848386045,75.0,418.0,876.36,Estimated (Region),11344.0,2022-08-01,0.9929667519181585
2017.0,6.0,Asia,Model X,-0.11389487190380536,-0.1912879771169672,-0.22361998578775558,120.0,703.0,999.03,Estimated (Region),3108.0,2017-06-01,0.9627070419672797
2020.0,6.0,North America,Model Y,-1.517887953305157,-1.5577860296274366,-1.437850211200323,82.0,488.0,289.07,Official (Quarter),5323.0,2020-06-01,0.9823383084577114
2020.0,10.0,Europe,Model X,-0.266110592403246,-0.37416067646513,0.43098201987566687,75.0,420.0,559.12,Official (Quarter),9048.0,2020-10-01,0.9793643787243435
2024.0,8.0,North America,Model Y,-0.10805019482285856,-0.07320714557380176,1.6535494527956185,75.0,424.0,604.01,Estimated (Region),14077.0,2024-08-01,0.9181167826759474
2018.0,11.0,Middle East,Cybertruck,0.1801177969073012,0.27845306446926354,-0.5561634290739876,75.0,448.0,714.4,Interpolated (Month),11855.0,2018-11-01,0.8977368687721669
2025.0,4.0,North America,Model S,1.200395122124754,1.25408713185176,-0.7179258318241293,82.0,468.0,1028.15,Interpolated (Month),11480.0,2025-04-01,0.9154894361795224
2020.0,3.0,Europe,Cybertruck,-1.1290898692247826,-1.0685604770708623,0.7457292479000706,60.0,340.0,279.43,Estimated (Region),3635.0,2020-03-01,0.897608125819135
2018.0,10.0,North America,Cybertruck,0.3465640355168732,0.3188306052752764,-1.3204881353753137,120.0,690.0,1168.1,Interpolated (Month),7185.0,2018-10-01,0.9394040286332612
2020.0,4.0,Middle East,Cybertruck,0.791013610063654,0.8838814234152351,1.1309838829457612,120.0,711.0,1390.18,Interpolated (Month),7981.0,2020-04-01,0.9038901601830663
2023.0,10.0,Asia,Model X,-0.647285184638907,-0.5795696776585093,-1.3729016052260488,60.0,353.0,390.51,Official (Quarter),9387.0,2023-10-01,0.9008183705875168
2025.0,7.0,Asia,Cybertruck,-1.829434653359104,-1.8106151659534588,-1.0475646226319337,75.0,428.0,174.82,Official (Quarter),9020.0,2025-07-01,0.9252463472646959
2022.0,3.0,North America,Model S,-0.4234086407991622,-0.27978991248828605,-0.8414312178191203,75.0,429.0,531.27,Interpolated (Month),3360.0,2022-03-01,0.8723584108199492
2025.0,2.0,Middle East,Cybertruck,-0.8190678675397783,-0.8230086882156913,-0.7660698005130409,75.0,447.0,449.17,Official (Quarter),13608.0,2025-02-01,0.936923076923077
2019.0,10.0,North America,Model X,0.7544208492090305,0.826836409369531,1.1272019697513123,120.0,660.0,1276.21,Estimated (Region),9504.0,2019-10-01,0.9092255607278883
2023.0,9.0,Asia,Model X,0.450243524604973,0.4629690358269734,-1.2552244113874662,60.0,347.0,608.67,Official (Quarter),6777.0,2023-09-01,0.9260373772568895
2017.0,12.0,Europe,Model 3,-0.7110683997396744,-0.7427231128921077,-1.63026703585448,82.0,490.0,523.61,Interpolated (Month),11014.0,2017-12-01,0.9508809396689802
2019.0,4.0,North America,Model X,0.013925674692552981,0.05238578658443585,-0.9443137700298976,60.0,346.0,517.81,Estimated (Region),11339.0,2019-04-01,0.917087967644085
2018.0,2.0,Europe,Model S,1.750303000523401,1.8775914829027487,1.1335137736225576,100.0,557.0,1404.48,Official (Quarter),12995.0,2018-02-01,0.901147207033344
2025.0,10.0,Asia,Cybertruck,-1.7511668037533816,-1.6944123595640614,1.2625675230016513,100.0,558.0,253.69,Official (Quarter),3311.0,2025-10-01,0.8816172193135544
2021.0,8.0,Asia,Model S,-0.27297173506348793,-0.3518591277641345,-0.15762860758559918,120.0,691.0,917.1,Estimated (Region),12163.0,2021-08-01,0.9662553237960031
2017.0,2.0,Asia,Model Y,-0.17462869026668737,-0.020387688124075657,0.07082300568697801,100.0,583.0,807.6,Interpolated (Month),6742.0,2017-02-01,0.8737818147412243
2015.0,5.0,North America,Model 3,0.2672797203318557,0.34747048887023896,-1.4519748542756092,120.0,665.0,1094.66,Estimated (Region),14839.0,2015-05-01,0.9042518127883982
2025.0,9.0,Europe,Model Y,-0.8264372429896678,-0.7208910704795543,-0.32848569395146354,75.0,427.0,427.21,Official (Quarter),6633.0,2025-09-01,0.8793671720500988
2020.0,6.0,Europe,Model Y,-1.1877907564290744,-1.1626964879034853,1.5980166128294462,75.0,431.0,339.28,Estimated (Region),3994.0,2020-06-01,0.9202174294231107
2018.0,10.0,Asia,Cybertruck,-2.090158074448296,-2.096779248758864,1.5820942065757755,60.0,331.0,84.26,Estimated (Region),6571.0,2018-10-01,0.984338747099768
2020.0,11.0,North America,Cybertruck,1.140931885735991,0.9322405711247621,0.36704984345621516,60.0,333.0,719.88,Estimated (Region),3944.0,2020-11-01,0.9853011553975525
2025.0,10.0,Middle East,Cybertruck,0.06424072086766024,0.1603722329260981,-1.1485157101727634,75.0,436.0,665.44,Estimated (Region),4027.0,2025-10-01,0.8973454449245966
2025.0,8.0,Asia,Model Y,-0.24730597918628675,-0.15349272089738542,0.3391773072335423,82.0,487.0,653.72,Official (Quarter),5063.0,2025-08-01,0.8947210557888422
2015.0,8.0,Asia,Model S,2.505791042334481,2.1550696993719765,1.2993066053507243,82.0,489.0,1451.08,Estimated (Region),9781.0,2015-08-01,0.9973280903407945
2018.0,3.0,Asia,Cybertruck,-0.3588630765139236,-0.2239186641636869,0.6624834188442803,75.0,443.0,565.49,Official (Quarter),9674.0,2018-03-01,0.8771387342815914
2016.0,5.0,Europe,Cybertruck,0.9694033192299434,0.9010184029433684,-0.2941562206399367,100.0,591.0,1217.79,Estimated (Region),11803.0,2016-05-01,0.9477714916517179
2015.0,1.0,Europe,Model 3,-0.5908713449880293,-0.5352013334007394,-0.2036174473993456,75.0,417.0,475.19,Interpolated (Month),8942.0,2015-01-01,0.9069961795606495
2018.0,12.0,North America,Model Y,0.5648500186704951,0.6754206313469828,1.089449937068386,120.0,680.0,1238.79,Interpolated (Month),8204.0,2018-12-01,0.8974358974358975
2022.0,5.0,Middle East,Model X,0.7963500543549533,0.8543025272433885,1.6607628719296759,75.0,424.0,830.36,Official (Quarter),8531.0,2022-05-01,0.9133263378803778
2018.0,1.0,Asia,Cybertruck,0.21315292823439183,0.22610311330797947,-1.621377129244424,82.0,470.0,758.65,Estimated (Region),7892.0,2018-01-01,0.9261554350632585
2018.0,10.0,Europe,Cybertruck,-0.0031001237606398803,0.01271250521108603,1.7168538783457588,75.0,444.0,660.01,Estimated (Region),4168.0,2018-10-01,0.9253034547152195
2016.0,12.0,Europe,Model Y,-2.490645512690564,-2.4688629823491564,1.3278044072848727,100.0,581.0,10.55,Official (Quarter),9832.0,2016-12-01,0.8705035971223022
2015.0,10.0,North America,Model 3,1.0184477834309318,0.974026630796101,-0.40198125475445995,120.0,691.0,1443.84,Estimated (Region),3563.0,2015-10-01,0.9408983451536643
2015.0,9.0,North America,Cybertruck,1.2862864635751896,1.0977415378005706,-1.1020367972338065,60.0,355.0,797.9,Interpolated (Month),14353.0,2015-09-01,0.9773023741194886
2016.0,11.0,Asia,Model 3,-0.8607429562908773,-0.8126795498699672,-0.7768931599193134,82.0,463.0,453.86,Interpolated (Month),12467.0,2016-11-01,0.9083958854601056
2017.0,1.0,Asia,Model S,0.08050417013638178,0.03102325046032441,0.5188949753470011,75.0,417.0,640.45,Official (Quarter),13663.0,2017-01-01,0.9491101223581757
2021.0,6.0,Middle East,Model X,-0.4493285130711871,-0.3366001733897692,-0.36074652188050904,120.0,680.0,831.71,Interpolated (Month),5487.0,2021-06-01,0.8841899804814574
2019.0,10.0,North America,Model Y,0.1333603802597268,0.11999469212008526,0.0010149220806722667,100.0,553.0,866.58,Interpolated (Month),11213.0,2019-10-01,0.9355243127070834
2020.0,6.0,Asia,Model 3,-0.5126034953823069,-0.5563291163806298,-0.11547287521771894,100.0,597.0,707.89,Official (Quarter),14180.0,2020-06-01,0.9540188269370021
2025.0,1.0,Europe,Model S,-0.6973461144191906,-0.7983596080724858,-1.406997970732582,60.0,347.0,373.61,Official (Quarter),3619.0,2025-01-01,0.9893866299104066
2019.0,8.0,Asia,Model 3,0.9536481027508694,0.8827076576941301,0.12568037975339344,120.0,719.0,1474.85,Official (Quarter),8694.0,2019-08-01,0.9485987791342952
2025.0,6.0,Middle East,Model 3,-0.4173098473233916,-0.4591413146731338,-0.7139282069295371,75.0,420.0,521.64,Interpolated (Month),6188.0,2025-06-01,0.9517241379310345
2023.0,7.0,Asia,Model S,-0.5906172285932055,-0.4612540929711228,0.01296554908124209,60.0,357.0,406.87,Estimated (Region),11481.0,2023-07-01,0.8742377171786906
2022.0,8.0,Middle East,Model X,-0.030036461611959928,-0.0701553546989287,0.6039465200862496,60.0,353.0,519.12,Estimated (Region),9369.0,2022-08-01,0.9466061600849667
2022.0,12.0,Asia,Model S,1.3518484934397232,1.0794307925513322,1.691580817219283,120.0,712.0,1627.85,Interpolated (Month),13741.0,2022-12-01,0.9992133210961059
2021.0,11.0,Europe,Model X,-1.4375871725408444,-1.477030948015411,1.3281771809602356,75.0,428.0,273.81,Official (Quarter),7945.0,2021-11-01,0.977314390467461
2025.0,12.0,Europe,Model X,-1.3644016508315975,-1.4122390802104137,0.04671747171174015,82.0,462.0,315.52,Interpolated (Month),4933.0,2025-12-01,0.98125
2023.0,7.0,Middle East,Model X,1.4255422479386177,1.5303915825998826,0.27369439232458154,120.0,713.0,1661.15,Estimated (Region),11403.0,2023-07-01,0.9043377001455604
2025.0,3.0,Europe,Model 3,-1.4231025380358893,-1.3720962925486218,1.0614258062177322,60.0,346.0,224.31,Estimated (Region),8862.0,2025-03-01,0.8983579297443359
2025.0,5.0,North America,Model S,-0.5565656316868197,-0.469705206163079,-0.7322323884529935,120.0,671.0,778.23,Interpolated (Month),14687.0,2025-05-01,0.8933564413633738
2016.0,5.0,Europe,Model X,-0.2877104859632668,-0.1861234079441051,0.40547933016516785,100.0,565.0,744.95,Interpolated (Month),10486.0,2016-05-01,0.8912095711244044
2016.0,11.0,North America,Model X,-0.47143663942085545,-0.5347318271122974,-1.5279053727260765,120.0,696.0,842.19,Interpolated (Month),11239.0,2016-11-01,0.9628789687276199
2023.0,4.0,North America,Model Y,0.671833020891304,0.7571147255358925,-1.4488972348118125,60.0,342.0,644.64,Interpolated (Month),9711.0,2023-04-01,0.9052661911965997
2021.0,5.0,Middle East,Cybertruck,1.8364484583686604,1.653167477027468,-1.367899479534245,120.0,700.0,1800.64,Estimated (Region),10928.0,2021-05-01,0.9689795457113798
2018.0,6.0,Asia,Model X,0.16766609356093629,0.2671849135466553,0.08602421913671338,82.0,460.0,730.16,Official (Quarter),10998.0,2018-06-01,0.897235882652196
2024.0,11.0,Europe,Cybertruck,1.3762436673428056,1.5472938089837949,1.2331581651733488,120.0,673.0,1548.37,Interpolated (Month),3777.0,2024-11-01,0.8893140836087435
2022.0,5.0,Middle East,Model Y,0.4977632904370188,0.640442412858053,0.9152662184235829,60.0,331.0,589.89,Estimated (Region),14981.0,2022-05-01,0.8877017334130305
2020.0,11.0,Asia,Cybertruck,0.6421014026969224,0.5918485120043051,-0.2884324051126299,82.0,470.0,877.65,Estimated (Region),7412.0,2020-11-01,0.944752219776884
2020.0,1.0,North America,Model 3,-0.21986140854531913,-0.22063212014459282,0.971513789783318,60.0,341.0,463.27,Interpolated (Month),8317.0,2020-01-01,0.9321737340469329
2021.0,2.0,North America,Model X,2.705272412271144,2.8694235172364944,1.6213661617910484,120.0,664.0,2048.57,Interpolated (Month),3641.0,2021-02-01,0.8989903404869094
2015.0,5.0,Europe,Model 3,0.5475701038224785,0.7427947837384112,-0.43074745373486945,75.0,423.0,766.29,Interpolated (Month),13423.0,2015-05-01,0.8738784370477569
2020.0,11.0,North America,Model Y,-0.22240257249355688,-0.22485767674057092,-0.436533895239637,75.0,430.0,583.53,Estimated (Region),9949.0,2020-11-01,0.9328727572695401
2025.0,9.0,Middle East,Model X,0.7808489542707031,0.9923373760453393,0.603548894832529,75.0,418.0,814.79,Interpolated (Month),4598.0,2025-09-01,0.8731438554054962
2018.0,3.0,Middle East,Model X,-0.6683768454092803,-0.757512560978031,1.671679673270572,120.0,700.0,765.66,Official (Quarter),13162.0,2018-03-01,0.9815587562256024
2025.0,4.0,Europe,Model X,-0.2467977463966392,-0.1138194395240356,0.06864948664382851,100.0,553.0,742.49,Estimated (Region),4323.0,2025-04-01,0.8800511257496805
2015.0,3.0,Asia,Cybertruck,0.08507826524320972,0.18431705363664058,-0.98411605792732,100.0,581.0,893.9,Interpolated (Month),4024.0,2015-03-01,0.8965125426099118
2023.0,8.0,Asia,Model Y,1.0850262788747607,0.8939758086167383,-0.6480759975661831,120.0,690.0,1468.87,Interpolated (Month),10065.0,2023-08-01,0.9811946902654868
2020.0,5.0,Europe,Model X,-0.23942837094674974,-0.07766745531400085,-0.7370019033713705,100.0,564.0,759.71,Interpolated (Month),4916.0,2020-05-01,0.8697336561743342
2022.0,10.0,Middle East,Cybertruck,-0.786795085397159,-0.6748794542122373,1.069304750620204,120.0,701.0,717.75,Estimated (Region),3060.0,2022-10-01,0.8772651330163218
2022.0,5.0,North America,Model Y,-1.9679280885380608,-1.967665019437311,-0.7603564226486444,100.0,557.0,181.97,Interpolated (Month),6470.0,2022-05-01,0.9577836411609498
2020.0,3.0,Europe,Model S,-0.3944393717892519,-0.5145430567092909,-0.8639517181267156,120.0,700.0,878.85,Estimated (Region),13659.0,2020-03-01,0.9888941398865785
2015.0,6.0,Asia,Model Y,-0.7862868526075115,-0.8490662872242228,-0.467629681175282,100.0,575.0,588.91,Interpolated (Month),11284.0,2015-06-01,0.9700241511578349
2025.0,4.0,Middle East,Model X,0.4728598837442889,0.4411369934144199,0.5081074022135634,82.0,458.0,809.49,Official (Quarter),9726.0,2025-04-01,0.9400079776625448
2019.0,2.0,Europe,Model X,-0.29101399909597586,-0.43472698767414925,-1.6152109556223528,75.0,429.0,564.8,Interpolated (Month),12799.0,2019-02-01,0.9969332121762835
2017.0,2.0,North America,Model 3,-0.11694426864169065,-0.04268923682507112,0.583497150318971,60.0,358.0,508.11,Interpolated (Month),12132.0,2017-02-01,0.9033797975940424
2022.0,4.0,Asia,Model X,0.41263429817105446,0.5784675827837078,1.5423913249917833,100.0,553.0,957.74,Interpolated (Month),7828.0,2022-04-01,0.880030487804878
2019.0,3.0,Europe,Cybertruck,0.33157116822227056,0.5228310876033296,-1.5604341006698168,100.0,554.0,932.96,Interpolated (Month),11645.0,2019-03-01,0.8714585112163316
2019.0,12.0,Middle East,Model Y,0.35190047980817246,0.4981820074601241,-0.23157696414626983,75.0,448.0,759.83,Estimated (Region),8426.0,2019-12-01,0.8848802629519487
2020.0,10.0,Asia,Cybertruck,0.12853216875807508,0.10896129434169803,1.5664844331778431,82.0,461.0,721.1,Interpolated (Month),9385.0,2020-10-01,0.9377697841726619
2017.0,6.0,Europe,Cybertruck,-1.3285712391614453,-1.3033136212918672,-0.8544087120374235,120.0,687.0,483.72,Official (Quarter),14490.0,2017-06-01,0.9196708463949843
2018.0,3.0,Europe,Model Y,-1.3191689325529656,-1.243451569515511,1.3812984237625936,60.0,338.0,239.86,Estimated (Region),5759.0,2018-03-01,0.882813957827953
2015.0,1.0,Middle East,Model X,-0.636104063266661,-0.6234685156278372,-0.24749539414740318,75.0,413.0,459.61,Official (Quarter),4294.0,2015-01-01,0.927375
2019.0,5.0,North America,Model X,-0.6208570795772346,-0.7279336648061844,-0.6324254675797446,82.0,461.0,517.17,Interpolated (Month),9071.0,2019-05-01,0.9899404367968233
2021.0,1.0,Europe,Model X,-0.3807170864687681,-0.46195835240378585,-1.6940202809097569,75.0,449.0,567.36,Official (Quarter),6372.0,2021-01-01,0.9696132596685083
2024.0,1.0,Europe,Model Y,1.205985682810877,1.3486926489728248,-0.8516864701441393,82.0,482.0,1060.5,Official (Quarter),11255.0,2024-01-01,0.8943357112371196
2016.0,3.0,Europe,Model S,-0.3105809614974065,-0.34270375513951534,-0.34741265602855964,60.0,347.0,452.83,Official (Quarter),9403.0,2016-03-01,0.9460635058721183
2016.0,10.0,Europe,Model Y,0.2123905790499205,0.21999953155823335,-0.2374528713331246,82.0,463.0,747.14,Estimated (Region),8215.0,2016-10-01,0.9279737772793928
2020.0,7.0,Europe,Model Y,0.4576129000548625,0.2754012735943905,-0.29689536160650387,60.0,346.0,608.42,Estimated (Region),8232.0,2020-07-01,0.991038972017922
2021.0,4.0,Asia,Cybertruck,-0.14083120975512542,0.011069233201538995,-1.5149000447400134,120.0,696.0,978.02,Official (Quarter),3685.0,2021-04-01,0.8752686162758105
2017.0,10.0,Europe,Cybertruck,0.6525201748846972,0.5564007872269333,1.0575579065621663,120.0,719.0,1347.05,Estimated (Region),3360.0,2017-10-01,0.9588515277138031
2015.0,2.0,Asia,Model 3,2.246084086824584,1.9294719277755907,0.3208423097529228,82.0,478.0,1345.16,Estimated (Region),3199.0,2015-02-01,0.9939602649006622
2020.0,8.0,North America,Model 3,-0.1812357165321055,-0.08564906221751502,-0.3613832193180296,120.0,698.0,964.18,Interpolated (Month),4807.0,2020-08-01,0.8948595860460596
2018.0,1.0,North America,Model X,0.2881172647074052,0.349583267168228,1.3906798945925616,60.0,341.0,565.51,Official (Quarter),6921.0,2018-01-01,0.9103334705640181
2018.0,12.0,Asia,Model 3,0.24745864153560132,0.05661134318041394,-1.5983933955162442,120.0,718.0,1173.5,Interpolated (Month),5908.0,2018-12-01,0.9999082316233826
2023.0,3.0,Europe,Model X,-0.7265694998239246,-0.666428341020281,0.28281094532925827,100.0,554.0,586.94,Official (Quarter),11327.0,2023-03-01,0.9035435589100678
2015.0,11.0,Asia,Cybertruck,-1.3824439148640855,-1.335240048905924,-0.009743823221869828,82.0,454.0,305.22,Interpolated (Month),5642.0,2015-11-01,0.9021739130434783
2023.0,4.0,Middle East,Model S,1.7663123333972988,1.6087991327696982,0.6819113887410644,60.0,353.0,893.43,Estimated (Region),5937.0,2023-04-01,0.9636758238620138
2019.0,11.0,North America,Cybertruck,1.3617590328378506,1.2573736758708538,1.4168620264553555,120.0,667.0,1528.86,Interpolated (Month),5142.0,2019-11-01,0.9543467399450413
2016.0,5.0,Europe,Model 3,-0.6038312811240417,-0.5462347311791266,-1.5182778712703688,60.0,345.0,390.51,Estimated (Region),14960.0,2016-05-01,0.9059911153799975
2017.0,5.0,North America,Model S,0.680727094710136,0.588092461696769,0.7506344524362801,82.0,482.0,911.05,Official (Quarter),4230.0,2017-05-01,0.9574500417901375
2020.0,10.0,North America,Model Y,-0.24654363000181542,-0.17297723186772881,-0.18856087013565123,100.0,562.0,754.65,Official (Quarter),5284.0,2020-10-01,0.9025103337029943
2019.0,7.0,Europe,Model 3,-0.5794361072209594,-0.5236984293339101,0.3305548036066134,75.0,440.0,504.37,Interpolated (Month),6713.0,2019-07-01,0.9070623145400594
2023.0,7.0,North America,Model Y,1.5825861799397103,1.4198228516717892,0.09729987726909256,60.0,343.0,830.92,Official (Quarter),9955.0,2023-07-01,0.9668342911877394
2016.0,6.0,North America,Model 3,0.20730825115344503,0.15262537916680494,-0.7032922284240806,75.0,425.0,684.55,Official (Quarter),12295.0,2016-06-01,0.9497611887493367
2015.0,8.0,Europe,Model X,-0.9753494503563994,-0.9190227242020823,0.49568906850830546,60.0,350.0,319.41,Official (Quarter),9512.0,2015-08-01,0.9025367156208278
2023.0,7.0,Asia,Model X,-0.923001473022702,-0.8507095592337699,-0.5557707741359389,82.0,484.0,456.65,Interpolated (Month),4568.0,2023-07-01,0.8944823663253697
2023.0,11.0,North America,Model 3,-0.7021743259208423,-0.6035144983690518,1.2371811386778662,120.0,661.0,709.81,Official (Quarter),10314.0,2023-11-01,0.8854669140383427
2019.0,8.0,Europe,Model X,-0.28440697283055777,-0.3290880727746971,1.6794443004125994,60.0,348.0,459.52,Estimated (Region),7993.0,2019-08-01,0.9512643181326994
2018.0,7.0,Europe,Model Y,-0.4904953690326385,-0.5100827469690918,1.6684410155790186,100.0,559.0,670.13,Official (Quarter),12589.0,2018-07-01,0.9421195331840151
2019.0,1.0,Europe,Model 3,1.9746877771527935,1.9245421117469497,-0.7721161895274287,60.0,346.0,918.27,Interpolated (Month),7164.0,2019-01-01,0.9384215551076694
2019.0,6.0,Asia,Model X,1.2123385926814714,1.4015121064225509,-0.8889280514076016,82.0,473.0,1042.47,Estimated (Region),5309.0,2019-06-01,0.8837363166125346
2025.0,12.0,Asia,Cybertruck,-0.662023935538686,-0.6509346335016948,-0.5312904783590684,100.0,583.0,639.87,Interpolated (Month),14412.0,2025-12-01,0.9281999238868451
2015.0,8.0,Middle East,Model S,1.131783695522335,1.2796752245718492,-1.7188892553721384,60.0,340.0,733.18,Interpolated (Month),7778.0,2015-08-01,0.8925311976159434
2023.0,12.0,Europe,Model S,0.3290300042740328,0.19089014167482873,-1.421988939829412,75.0,433.0,728.54,Official (Quarter),4365.0,2023-12-01,0.9780277269160346
2022.0,6.0,Asia,Model S,-1.8040230138767266,-1.822352823164509,-0.318357681707635,120.0,673.0,284.98,Official (Quarter),9417.0,2022-06-01,0.9758036640165918
2019.0,3.0,North America,Model X,0.41441311293482086,0.494191204008367,-1.4454538001145931,75.0,444.0,769.43,Estimated (Region),8766.0,2019-03-01,0.9053365723689366
2023.0,7.0,Asia,Cybertruck,-0.30956449591811136,-0.3506853620430295,1.177937958062914,82.0,453.0,591.44,Estimated (Region),14308.0,2023-07-01,0.9500109146474569
2024.0,3.0,Middle East,Model 3,1.7111690757205398,1.5665435668099172,-1.386493927492917,100.0,567.0,1416.59,Interpolated (Month),7835.0,2024-03-01,0.9611633677650182
2015.0,9.0,Middle East,Model 3,0.33258763380156564,0.38550049823404176,-0.8377566634431761,82.0,456.0,768.2,Interpolated (Month),13019.0,2015-09-01,0.9132379248658319
2025.0,8.0,Europe,Model 3,-0.06281747654422679,-0.20396464690490146,1.6040967999904,60.0,356.0,516.64,Official (Quarter),12056.0,2025-08-01,0.9885562480841933
2025.0,5.0,Europe,Model Y,-0.6424569731372554,-0.7136137230087031,0.9588186094951567,75.0,439.0,486.89,Interpolated (Month),10619.0,2025-05-01,0.9708508403361344
2020.0,1.0,North America,Model Y,-1.3768533541779624,-1.337822333492355,-0.7975656968602423,60.0,338.0,228.35,Interpolated (Month),14200.0,2020-01-01,0.908614081097438
2022.0,8.0,North America,Model X,0.36740157989242267,0.3188306052752764,-0.5511130913201701,60.0,348.0,593.41,Estimated (Region),13691.0,2022-08-01,0.9462293990344598
2025.0,5.0,North America,Model 3,0.8438698201869991,0.7758949770735729,0.35731548021357057,120.0,696.0,1382.57,Official (Quarter),9725.0,2025-05-01,0.9485710192679607
2021.0,6.0,Asia,Model Y,-0.45466495736248635,-0.4844946542490023,-0.4713897249807762,82.0,453.0,552.64,Interpolated (Month),11226.0,2021-06-01,0.9465782122905028
2021.0,11.0,Europe,Model S,-0.9021639286471524,-0.8446059774840238,-0.9913677484920478,120.0,671.0,641.34,Estimated (Region),7953.0,2021-11-01,0.9028053272881836
2023.0,4.0,Asia,Model Y,-1.0538714163569456,-1.0295914551301757,1.2328176985498502,60.0,354.0,306.65,Official (Quarter),4586.0,2023-04-01,0.9210526315789473
2018.0,8.0,Middle East,Model S,1.1193319921759701,1.3331989414542385,-0.6794595647792079,82.0,483.0,1037.99,Official (Quarter),12190.0,2018-08-01,0.8770737679828589
2024.0,11.0,Asia,Model Y,2.1075906516456273,1.8944937092866612,0.5435551965511792,82.0,466.0,1273.3,Estimated (Region),14789.0,2024-11-01,0.9727651393784044
2018.0,11.0,Middle East,Model Y,-1.3933709198415076,-1.433601616334525,1.4536632377503222,100.0,566.0,376.87,Official (Quarter),7464.0,2018-11-01,0.9758188612881952
2024.0,11.0,Middle East,Model S,0.1381885917613785,0.013416764643749043,0.06145545174089006,82.0,483.0,758.26,Estimated (Region),8191.0,2024-11-01,0.9769438999346588
2016.0,6.0,Europe,Model 3,-0.6345793648977184,-0.5023358932097987,0.3590739778981497,75.0,434.0,483.37,Official (Quarter),11976.0,2016-06-01,0.8718882104274307
2024.0,3.0,Europe,Model Y,1.1427107004997572,1.365594875356737,1.0679836407147176,120.0,682.0,1475.06,Official (Quarter),12464.0,2024-03-01,0.8753111151581375
2025.0,11.0,Asia,Cybertruck,1.3396509064881823,1.4761636062848305,1.058781598280491,82.0,487.0,1109.92,Estimated (Region),14252.0,2025-11-01,0.8967186024551463
2021.0,8.0,North America,Model X,0.4172083932778824,0.5622696158324585,-0.012850270516561254,120.0,667.0,1156.98,Interpolated (Month),11354.0,2021-08-01,0.8860623706995633
2016.0,8.0,Europe,Model S,-0.5181940560684298,-0.5960023977539796,0.23190397815855657,82.0,470.0,555.75,Interpolated (Month),14664.0,2016-08-01,0.9711716151287422
2022.0,5.0,North America,Model X,0.48327865593206365,0.5603915906786904,0.46832797776823026,75.0,442.0,783.93,Estimated (Region),3537.0,2022-05-01,0.906539906463237
2022.0,8.0,Europe,Model 3,-0.3446325584037922,-0.3835508022339702,1.0170731943230455,75.0,431.0,553.79,Estimated (Region),4534.0,2022-08-01,0.9494568831744624
2016.0,1.0,North America,Model Y,-1.1578050218398692,-1.1803029737200608,0.06622844588023821,60.0,332.0,267.23,Interpolated (Month),7207.0,2016-01-01,0.9534470504619759
2025.0,2.0,Asia,Model S,-0.6881979242055347,-0.6661935878760601,-1.5330491524145184,75.0,438.0,473.96,Estimated (Region),3633.0,2025-02-01,0.922742389357892
2018.0,11.0,Middle East,Model 3,-0.358354843724276,-0.22579668931745492,-1.1724338632471858,120.0,717.0,915.47,Interpolated (Month),5469.0,2018-11-01,0.8780689086032597
2024.0,6.0,Asia,Model X,1.7823216662711965,2.066567764000658,-1.2772414187175376,60.0,331.0,840.87,Estimated (Region),11332.0,2024-06-01,0.8703427719821163
2016.0,4.0,Asia,Model X,0.15546850660939512,0.2613160849411302,0.7308744654526399,82.0,452.0,714.21,Interpolated (Month),6637.0,2016-04-01,0.8950633018948084
2021.0,1.0,Middle East,Cybertruck,0.8504768464524172,0.6312870402334338,0.42720706512315726,60.0,353.0,702.59,Estimated (Region),9004.0,2021-01-01,0.9943049831397527
2025.0,9.0,Middle East,Model 3,0.0665277684210742,0.08196468275628246,0.9812854303934989,75.0,424.0,647.7,Interpolated (Month),8782.0,2025-09-01,0.925397546569741
2025.0,3.0,Middle East,Model Y,0.9907490963951404,0.7519501563630304,0.894178660124083,82.0,461.0,955.72,Official (Quarter),6720.0,2025-03-01,0.9972580994299733
2020.0,7.0,Asia,Model X,-0.21122145112131083,-0.0701553546989287,0.28202861764256365,100.0,583.0,795.01,Interpolated (Month),13938.0,2020-07-01,0.8777638312252583
2019.0,1.0,Europe,Model Y,-2.09244512200171,-2.0505328793473256,-1.6932439176018674,120.0,693.0,175.47,Official (Quarter),11887.0,2019-01-01,0.8787090057261843
2021.0,1.0,Asia,Cybertruck,2.5528025753768797,2.414941430024629,1.6871472956402995,60.0,350.0,1048.32,Interpolated (Month),3526.0,2021-01-01,0.9534450651769087
2017.0,10.0,North America,Model S,2.005944093716118,2.1057715390855654,-0.43682913199052453,82.0,489.0,1306.8,Interpolated (Month),5008.0,2017-10-01,0.9077753999796189
2018.0,11.0,Middle East,Model S,0.6207556255317254,0.4401979808375359,1.4339609064284708,60.0,330.0,612.07,Official (Quarter),8806.0,2018-11-01,0.9867528529247467
2016.0,7.0,Asia,Model S,1.557936889641804,1.8311103603469898,1.511502304188073,100.0,582.0,1401.43,Official (Quarter),8054.0,2016-07-01,0.8697984395318595
2017.0,5.0,Europe,Model 3,-1.0899559444219216,-1.0232531202362085,0.820287959225202,120.0,683.0,577.1,Estimated (Region),3302.0,2017-05-01,0.8945529617278069
2019.0,4.0,North America,Cybertruck,-0.6012901171758039,-0.6255812939258262,-0.5278579783563262,120.0,685.0,776.38,Interpolated (Month),12381.0,2019-04-01,0.9455637592291328
2018.0,6.0,North America,Cybertruck,0.46269522795133794,0.495130216585251,1.5213276242075071,82.0,478.0,841.97,Official (Quarter),8775.0,2018-06-01,0.9199373286329808
2019.0,2.0,North America,Model X,0.9973561226605585,1.065345603898072,1.3936804741634499,75.0,435.0,903.52,Official (Quarter),4575.0,2019-02-01,0.911346584177965
2025.0,12.0,Europe,Cybertruck,-0.19267095429917533,-0.30514325206415455,0.2948261864335578,120.0,719.0,988.34,Official (Quarter),4155.0,2025-12-01,0.9794784095767421
2022.0,2.0,Asia,Model S,-0.7725645672870277,-0.803524177245348,-0.07691962764854625,120.0,677.0,698.87,Interpolated (Month),9179.0,2022-02-01,0.9514724180837827
2024.0,6.0,Asia,Cybertruck,0.9028248237861146,1.12098209907845,1.212442883517645,100.0,565.0,1142.01,Interpolated (Month),5354.0,2024-06-01,0.8732421748428488
2023.0,6.0,North America,Cybertruck,-0.8315195708861433,-0.806575968120221,1.3764722472455606,75.0,430.0,428.92,Estimated (Region),14341.0,2023-06-01,0.9210526315789473
2018.0,5.0,Asia,Model Y,0.09803820137922219,-0.02296997271050671,0.5546782659924435,60.0,359.0,555.09,Official (Quarter),8420.0,2018-05-01,0.9763212729683652
2020.0,12.0,Asia,Model S,0.6743741848395417,0.6343388311083069,-0.5975010474823383,60.0,348.0,656.47,Estimated (Region),14165.0,2020-12-01,0.9414583021410391
2018.0,3.0,Middle East,Model Y,1.2225032484744223,1.2653552827743682,0.3634876182144467,75.0,438.0,967.96,Interpolated (Month),9904.0,2018-03-01,0.9181727533341643
2020.0,7.0,North America,Model S,1.0118407571655137,0.9193291481926068,-1.4096277647543758,100.0,571.0,1190.88,Estimated (Region),4545.0,2020-07-01,0.9541586604446884
2022.0,1.0,Asia,Model 3,-0.2831363908564389,-0.4309709373666132,-1.2477580031857294,75.0,424.0,560.19,Estimated (Region),9943.0,2022-01-01,0.998639455782313
2025.0,7.0,Europe,Cybertruck,0.019770351773499784,0.08595548620803956,-0.5554496917435593,75.0,433.0,649.5,Estimated (Region),8368.0,2025-07-01,0.9072763563781527
2019.0,5.0,Asia,Model X,0.43042244580871863,0.26882818555620236,0.9644435157406003,120.0,708.0,1233.62,Official (Quarter),12213.0,2019-05-01,0.984323362426913
2023.0,6.0,North America,Model X,0.1450497344216204,0.16671056782006521,0.8481689449845163,100.0,560.0,881.41,Official (Quarter),7419.0,2023-06-01,0.9231919760689776
2019.0,3.0,Asia,Model Y,0.2876090319177576,0.43878946197220986,1.3751874206444767,100.0,566.0,938.48,Official (Quarter),10380.0,2019-03-01,0.8825548902195609
2020.0,11.0,North America,Model 3,0.16131318369034192,0.03923961050805958,0.9108192769922862,100.0,599.0,948.55,Interpolated (Month),14349.0,2020-11-01,0.9754227108934677
2022.0,12.0,Europe,Model S,-0.4739778033690932,-0.4748697753359411,1.2769600660916325,120.0,661.0,798.85,Interpolated (Month),10726.0,2022-12-01,0.9332792771921696
2024.0,2.0,Middle East,Model S,0.5686617645928518,0.5211878155937826,1.2273384225535822,75.0,446.0,813.5,Official (Quarter),9076.0,2024-02-01,0.9443926685305996
2023.0,2.0,Middle East,Model 3,-1.156788556260574,-1.0558838072829282,-1.426631214666599,60.0,357.0,287.56,Official (Quarter),8762.0,2023-02-01,0.8720363754465735
2015.0,7.0,Europe,Model 3,0.06906893236931196,0.03877010421961757,1.6829071193409377,60.0,333.0,509.19,Interpolated (Month),7774.0,2015-07-01,0.9420571111727197
2018.0,9.0,Europe,Model X,-1.2589433469797313,-1.1852327897487018,-1.2768373320534439,82.0,479.0,356.95,Interpolated (Month),11903.0,2018-09-01,0.8860353130016051
2024.0,1.0,North America,Model X,-0.6503345813767923,-0.709857672701167,0.8013938012315381,82.0,468.0,516.88,Official (Quarter),14776.0,2024-01-01,0.9647536687631028
2020.0,8.0,Europe,Model X,-0.9949164127578299,-1.0143325007558104,-0.2304606312464492,100.0,581.0,523.51,Official (Quarter),3893.0,2020-08-01,0.9482241515390687
2019.0,3.0,Europe,Model X,-0.23078841352274143,-0.33284412308223316,-0.5773658016654992,100.0,596.0,805.85,Estimated (Region),7116.0,2019-03-01,0.9757523273435809
2016.0,6.0,Middle East,Model S,0.6156732976352499,0.6531190826459873,0.033693753557692295,60.0,338.0,625.89,Official (Quarter),9780.0,2016-06-01,0.9186634915910106
2019.0,3.0,North America,Model Y,-0.07679387825953435,-0.2199278607119298,0.1775829011530978,100.0,570.0,822.51,Estimated (Region),13532.0,2019-03-01,0.9898137668484412
2021.0,3.0,North America,Model Y,0.9912573291847879,1.2031456995558019,-0.03291344675616369,75.0,425.0,881.22,Official (Quarter),14090.0,2021-03-01,0.8759267473544136
2017.0,11.0,North America,Model X,0.5097067609937361,0.4303383487802537,0.13689490300301257,120.0,710.0,1270.33,Official (Quarter),14873.0,2017-11-01,0.9550804708143166
2018.0,6.0,Europe,Model X,-0.39011939307724774,-0.35561517807167065,1.4046554281977026,60.0,341.0,429.0,Estimated (Region),5595.0,2018-06-01,0.9175144951318237
2021.0,11.0,Middle East,Model Y,1.9848524329457444,2.212818972850344,-0.010296025292974206,120.0,678.0,1803.45,Official (Quarter),12043.0,2021-11-01,0.8830295787272184
2019.0,2.0,North America,Cybertruck,-1.1890613384031934,-1.2368784814773228,0.8968556721447564,82.0,470.0,369.63,Interpolated (Month),5709.0,2019-02-01,0.973268980879896
2020.0,2.0,Asia,Model Y,0.08889001116556633,0.14393951283062775,1.6361667677976597,82.0,480.0,739.58,Estimated (Region),14095.0,2020-02-01,0.9115271985091845
2024.0,5.0,Europe,Model 3,-0.4366226933299984,-0.5060919435173348,0.058696926543204075,100.0,578.0,711.29,Official (Quarter),5659.0,2024-05-01,0.9651764705882353
2015.0,8.0,North America,Model S,0.03832084859563529,-0.05466164718034237,1.3948137061365533,120.0,683.0,1031.98,Interpolated (Month),9522.0,2015-08-01,0.9664204163868368
2015.0,11.0,Middle East,Model X,-0.5199728708321963,-0.5786306650816253,1.3219429140134658,82.0,483.0,570.62,Official (Quarter),10901.0,2015-11-01,0.9615431571236723
2024.0,1.0,Asia,Model S,-0.18631804442858096,-0.07273763928535974,0.31861709942678995,75.0,419.0,577.53,Estimated (Region),9973.0,2024-01-01,0.8881693408080418
2022.0,9.0,Europe,Model 3,1.1414401185256384,1.3731069759718093,-0.2088258411915167,82.0,467.0,1009.7,Interpolated (Month),13158.0,2022-09-01,0.8733111178430778
2024.0,10.0,Europe,Model 3,-1.4647776267869883,-1.4068397578933305,0.95664807264141,75.0,417.0,260.08,Official (Quarter),8565.0,2024-10-01,0.8917006219172207
2024.0,9.0,Europe,Cybertruck,0.3056512959502456,0.12539401443716838,-0.47119140938548354,120.0,696.0,1161.45,Interpolated (Month),4431.0,2024-09-01,0.9941912421805184
2024.0,4.0,Middle East,Model Y,-0.6638027503024524,-0.6401359888675285,-0.8697510824522295,120.0,685.0,751.1,Official (Quarter),10608.0,2024-04-01,0.92193214781183
2015.0,2.0,North America,Model X,-0.6940426012864815,-0.7558692889684839,-0.24900239385900352,75.0,443.0,477.84,Estimated (Region),13328.0,2015-02-01,0.9670521785906401
2017.0,12.0,Asia,Model 3,1.516515917285529,1.4763983594290515,-0.8267593429884015,60.0,340.0,810.39,Interpolated (Month),13014.0,2017-12-01,0.9377397462378283
2019.0,10.0,Middle East,Model X,-0.9748412175667518,-0.9685556376327144,-0.5727866498373403,60.0,333.0,304.0,Estimated (Region),5866.0,2019-10-01,0.9320061255742725
2025.0,2.0,North America,Model Y,-0.2958422105976276,-0.3161766498425418,0.3987430613355754,75.0,441.0,579.34,Estimated (Region),9548.0,2025-02-01,0.940809968847352
2018.0,8.0,Asia,Model 3,-1.484090472793595,-1.439939951228492,-0.7356991836338691,82.0,487.0,298.19,Official (Quarter),3590.0,2018-08-01,0.9026979212737727
2021.0,10.0,Europe,Model 3,-0.8012797199021142,-0.6945987183268016,-1.4182696526124239,60.0,349.0,354.36,Interpolated (Month),7958.0,2021-10-01,0.8794335455372223
2015.0,1.0,Asia,Model S,-0.0978855390299076,-0.13213018477327398,-0.7909218759021398,82.0,484.0,692.39,Official (Quarter),7281.0,2015-01-01,0.9449123154661647
2023.0,2.0,North America,Model X,-0.6198406139979395,-0.6075053018208089,-1.1362315749906358,75.0,423.0,474.8,Interpolated (Month),6857.0,2023-02-01,0.9274913237481408
2025.0,5.0,Asia,Model X,-0.34742783874685373,-0.47322650332639404,0.1849275366208821,82.0,455.0,583.88,Estimated (Region),3268.0,2025-05-01,0.9901620370370371
2022.0,11.0,Europe,Model Y,0.6720871372861278,0.49137416627771496,0.3748283874821225,100.0,572.0,1078.25,Interpolated (Month),14261.0,2022-11-01,0.9857243705388657
2020.0,6.0,Middle East,Model S,-1.7834395858960008,-1.7930086801368834,-1.5528777297544254,120.0,673.0,293.16,Interpolated (Month),12622.0,2020-06-01,0.9622266401590457
2018.0,2.0,Asia,Cybertruck,-0.28618578759432417,-0.20208662175113343,1.3892126574063328,82.0,454.0,599.01,Official (Quarter),7717.0,2018-02-01,0.8980091883614089
2017.0,8.0,Europe,Model 3,1.134070743075749,1.1038451195503167,-1.0967692566851444,82.0,486.0,1048.67,Interpolated (Month),13590.0,2017-08-01,0.9366453965360073
2023.0,1.0,Europe,Model 3,0.2616891596457327,0.10567475032260396,0.8893097388922752,120.0,661.0,1085.89,Official (Quarter),5992.0,2023-01-01,0.9861336214658744
2022.0,2.0,North America,Model Y,-0.5446221611301024,-0.4988145960464836,1.2274974726550703,82.0,475.0,554.25,Official (Quarter),13238.0,2022-02-01,0.9118508967295745
2015.0,7.0,Europe,Cybertruck,-0.9740788683822805,-0.9072850669910321,-1.08423859384571,120.0,679.0,620.16,Official (Quarter),8105.0,2015-07-01,0.8966278898542188
2018.0,7.0,North America,Model Y,1.428845761071327,1.3313209163004704,-1.118896605023123,100.0,554.0,1291.79,Estimated (Region),14480.0,2018-07-01,0.9521038770135358
2016.0,5.0,North America,Model Y,0.5579888760102533,0.5305779413626228,-1.3673741171677667,100.0,582.0,1057.9,Estimated (Region),5592.0,2016-05-01,0.9382161659956643
2023.0,7.0,North America,Model S,-0.7430870654874699,-0.8152618344563982,0.4708235732668939,60.0,340.0,356.9,Official (Quarter),13228.0,2023-07-01,0.9742447445357093
2021.0,9.0,Asia,Model X,-1.254623368267727,-1.1781901954220717,0.7175366233481525,75.0,415.0,310.32,Estimated (Region),10801.0,2021-09-01,0.8843356395245698
2020.0,5.0,North America,Cybertruck,1.1216190397293841,1.1045493789829797,1.7253039120188862,100.0,583.0,1253.68,Official (Quarter),3888.0,2020-05-01,0.9332725734001692
2025.0,11.0,Asia,Model X,0.007064532032311082,-0.14621537342653426,1.6667113457253342,100.0,589.0,879.08,Interpolated (Month),8881.0,2025-11-01,0.9917272999102961
2015.0,1.0,Asia,Cybertruck,0.3564745749150004,0.2890169559592088,-1.5138716864275785,60.0,339.0,575.88,Estimated (Region),6902.0,2015-01-01,0.9527214604189451
2018.0,12.0,Europe,Model X,-0.9385025731069522,-0.998369286948782,0.8722168232979653,60.0,346.0,323.29,Estimated (Region),5448.0,2018-12-01,0.972825238169608
2015.0,11.0,Middle East,Model S,-0.7232659866912156,-0.6701843913278172,-1.470128932265786,82.0,485.0,514.78,Interpolated (Month),8941.0,2015-11-01,0.9070631970260223
2022.0,7.0,Asia,Cybertruck,0.19892241012426048,0.03970911679650159,-0.13218009431592015,100.0,594.0,953.82,Estimated (Region),4133.0,2022-07-01,0.9889145496535797
2023.0,10.0,Europe,Model 3,-0.4389097408834124,-0.4910677422871904,0.11284205437389255,75.0,427.0,524.89,Official (Quarter),6286.0,2023-10-01,0.9569126576366184
2019.0,12.0,North America,Model X,0.6624307142828244,0.5319864602279488,-1.482683949652011,82.0,479.0,900.21,Estimated (Region),7830.0,2019-12-01,0.9695867512768921
2024.0,8.0,Middle East,Model Y,1.0636805017095636,0.8751955570790579,0.9185486148930454,82.0,453.0,958.64,Interpolated (Month),3151.0,2024-08-01,0.9808120133481646
2022.0,4.0,North America,Model 3,0.5928028221011102,0.5519404774867342,0.15831795761033915,120.0,692.0,1272.07,Estimated (Region),8965.0,2022-04-01,0.9421849773199047
2018.0,8.0,North America,Cybertruck,-0.2826281580667913,-0.2009128560300284,1.4416678779087084,75.0,433.0,572.21,Estimated (Region),5169.0,2018-08-01,0.8989795918367347
2017.0,2.0,Middle East,Model 3,0.12319572446677582,0.0690532598241272,-0.4416418886552442,82.0,451.0,704.03,Official (Quarter),6597.0,2017-02-01,0.9504109589041095
2021.0,6.0,Europe,Model S,-0.6559251420629154,-0.7032845846629788,0.453094954298198,100.0,555.0,611.14,Interpolated (Month),10859.0,2021-06-01,0.958355091383812
2017.0,6.0,Middle East,Model X,-0.7080190030017891,-0.5873165314178024,1.1822934456858545,82.0,484.0,518.07,Interpolated (Month),12875.0,2017-06-01,0.8751532989943586
2015.0,10.0,Middle East,Model S,1.090108606771236,1.266059542207031,1.2033690752277433,100.0,565.0,1204.47,Official (Quarter),12946.0,2015-10-01,0.8855380397532556
2020.0,4.0,Middle East,Model X,1.4054670527475397,1.3322599288773544,-0.6816097233387021,82.0,469.0,1087.12,Estimated (Region),12815.0,2020-04-01,0.9462372175616924
2016.0,3.0,Europe,Model Y,0.1254827720201898,-0.034238123633114945,1.5161043194683212,82.0,465.0,726.52,Interpolated (Month),4217.0,2016-03-01,0.9910561370123692
2018.0,12.0,Asia,Model S,1.9058222341555509,1.743077931264113,-0.1807450487422076,120.0,667.0,1743.07,Official (Quarter),5471.0,2018-12-01,0.9635529008351308
2025.0,5.0,Europe,Model 3,-0.5166693576994872,-0.6025754857921678,-1.3651434394943944,60.0,357.0,422.46,Interpolated (Month),14971.0,2025-05-01,0.9752750649029547
2023.0,6.0,Asia,Cybertruck,0.17986368051247745,0.35615635520641614,-0.07231761236829803,120.0,703.0,1120.93,Official (Quarter),7448.0,2023-06-01,0.8732440647334264
2025.0,6.0,Middle East,Model X,1.7248913610410237,1.4768678657174934,-0.5282128588952717,82.0,452.0,1132.94,Estimated (Region),5236.0,2025-06-01,0.9860152239334395
2019.0,9.0,North America,Model S,-1.5506689682374237,-1.4882990989380191,0.5935272473440707,120.0,686.0,393.08,Interpolated (Month),8854.0,2019-09-01,0.8850787766450418
2022.0,11.0,Asia,Model 3,-0.38224178483771076,-0.3936451874354734,1.7424942458003578,60.0,355.0,448.26,Estimated (Region),13721.0,2022-11-01,0.9375208820581357
2017.0,4.0,Europe,Cybertruck,1.5556498420883902,1.451984032430067,1.2398337961517487,60.0,336.0,808.62,Official (Quarter),3853.0,2017-04-01,0.9526750192981415
2015.0,8.0,Middle East,Model 3,0.856321523533364,0.780824793102214,-0.5278783566505796,120.0,704.0,1403.64,Interpolated (Month),8426.0,2015-08-01,0.9506508367901588
2016.0,9.0,Middle East,Cybertruck,0.21315292823439183,0.3103794920833202,1.0654433123750107,120.0,661.0,1066.95,Interpolated (Month),14553.0,2016-09-01,0.8983970612790115
2018.0,11.0,North America,Model X,0.0548384142591806,0.16271976436830815,0.8377720386628599,100.0,582.0,885.05,Interpolated (Month),4869.0,2018-11-01,0.8932945633976562
2022.0,8.0,Asia,Model 3,1.4064835183268347,1.6186587648269803,-1.3718737439451814,100.0,599.0,1388.81,Estimated (Region),13322.0,2022-08-01,0.8806905589425104
2016.0,12.0,Middle East,Model X,0.3099712746622498,0.19276816682859677,-1.3548509098018395,75.0,444.0,742.06,Estimated (Region),8269.0,2016-12-01,0.9708111875925765
2022.0,6.0,Asia,Model X,-0.4386556244885886,-0.4424738414334424,-1.4884266523788694,120.0,695.0,854.43,Estimated (Region),6172.0,2022-06-01,0.9344430509634021
2022.0,8.0,Middle East,Cybertruck,0.42000367362094393,0.4272865579053806,0.22271336745037484,100.0,597.0,1036.54,Official (Quarter),5346.0,2022-08-01,0.9277813401731324
2021.0,5.0,North America,Model Y,-0.5758784776934266,-0.5100827469690918,0.6562044190564664,120.0,665.0,763.69,Estimated (Region),14070.0,2021-05-01,0.9025109041612637
2021.0,2.0,Asia,Model 3,-0.021396504187951613,0.12069895155274828,-1.2488862648431611,82.0,454.0,669.97,Estimated (Region),8094.0,2021-02-01,0.8807520143240823
2017.0,4.0,Asia,Model Y,0.344531104358283,0.14605229112861678,-0.2856803413253171,100.0,576.0,974.42,Official (Quarter),3655.0,2017-04-01,1.0
2020.0,1.0,North America,Model X,-1.4767210973437055,-1.4603634747757195,1.0789869255482984,120.0,681.0,419.94,Interpolated (Month),9291.0,2020-01-01,0.9269447576099211
2016.0,8.0,Asia,Model S,0.46345757713580926,0.44700582201994504,-0.3023815960447127,120.0,699.0,1231.57,Official (Quarter),9545.0,2016-08-01,0.9351910828025478
2017.0,5.0,Middle East,Model Y,-0.34615725677273484,-0.26570472383502575,-1.3823064365396731,100.0,563.0,722.89,Estimated (Region),6315.0,2017-05-01,0.8987820243595128
2025.0,3.0,Europe,Model X,0.24720452514077756,0.09980592171707883,-1.4429184420905576,100.0,566.0,924.99,Official (Quarter),6730.0,2025-03-01,0.9832145113256926
2022.0,8.0,Asia,Model Y,0.19206126746401858,0.1516863665899209,0.8451957021498218,60.0,341.0,546.18,Estimated (Region),6963.0,2022-08-01,0.9447885330030084
2024.0,12.0,Middle East,Model X,-0.7776468951835032,-0.7723020090639543,-1.6346021451831676,60.0,331.0,340.7,Official (Quarter),9455.0,2024-12-01,0.9315775183274504
2021.0,10.0,Middle East,Cybertruck,0.3491051994651109,0.2427705865476708,1.5715760245517343,100.0,597.0,1011.56,Estimated (Region),4172.0,2021-10-01,0.9662959794696322
2018.0,6.0,North America,Model S,-0.8099196773261225,-0.7863871977172145,1.4241922480076927,120.0,683.0,690.0,Interpolated (Month),6555.0,2018-06-01,0.921845058855735
2025.0,7.0,Europe,Model X,1.3754813181583343,1.2634772576206,-0.1360002789410399,60.0,335.0,770.58,Estimated (Region),10636.0,2025-07-01,0.9561666043147524
2019.0,3.0,Europe,Model 3,-0.2826281580667913,-0.34106048312996834,0.9789548493751297,120.0,688.0,909.19,Estimated (Region),5729.0,2019-03-01,0.9572965337389981
2020.0,3.0,Europe,Model Y,-0.16751343121162168,-0.21804983555816176,0.08055985408745925,100.0,579.0,804.49,Interpolated (Month),3101.0,2020-03-01,0.9522977279736815
2022.0,8.0,Europe,Model S,-1.12756517085584,-1.1610532158939384,0.17025814694799848,75.0,417.0,343.09,Official (Quarter),4607.0,2022-08-01,0.9605954465849387
2017.0,10.0,North America,Cybertruck,1.5993578619980793,1.7836902252143467,1.0581518592849113,100.0,598.0,1454.58,Interpolated (Month),9431.0,2017-10-01,0.8883532376465432
2024.0,10.0,North America,Model X,-0.7433411818822937,-0.8126795498699672,0.006327195470378413,75.0,442.0,463.9,Interpolated (Month),4801.0,2024-10-01,0.9726160689463442
2015.0,8.0,North America,Model X,-1.4833281236091238,-1.5225730579942858,1.02758392087358,60.0,348.0,213.24,Estimated (Region),9401.0,2015-08-01,0.9796163069544365
2025.0,1.0,Asia,Model Y,-0.5306457594147949,-0.4800343445088032,0.18006408273631364,75.0,417.0,490.02,Interpolated (Month),4352.0,2025-01-01,0.9097665776332597
2023.0,6.0,Middle East,Model S,0.21772702334121977,0.09886690914019482,-0.19344569637760753,75.0,418.0,675.84,Interpolated (Month),14784.0,2023-06-01,0.9730974090457705
2016.0,10.0,North America,Model 3,1.1233978544931504,1.220752185372377,0.146204304255744,82.0,454.0,976.76,Official (Quarter),5902.0,2016-10-01,0.9045787083753785
2021.0,12.0,North America,Model S,-1.35245818027488,-1.3641146856451076,-0.7465439153975288,100.0,558.0,385.02,Official (Quarter),11919.0,2021-12-01,0.9494324045407637
2018.0,4.0,Middle East,Cybertruck,-2.5091960095126997,-2.489756012184826,-0.6712540706371184,75.0,427.0,3.07,Interpolated (Month),11070.0,2018-04-01,0.96
2023.0,9.0,Middle East,Model S,1.4224928512007324,1.6198325305480854,1.4800660516289303,100.0,583.0,1357.22,Interpolated (Month),14175.0,2023-09-01,0.884028252449305
2017.0,7.0,Middle East,Model S,-0.9141073992038699,-0.856813140983516,0.8131799107833811,60.0,345.0,327.32,Estimated (Region),4936.0,2017-07-01,0.9027976020553811
2020.0,6.0,Middle East,Model Y,-1.35245818027488,-1.2704481811009267,-1.5663870477495796,82.0,459.0,316.71,Official (Quarter),9790.0,2020-06-01,0.8771929824561403
2016.0,3.0,Middle East,Model S,-0.41680161453374404,-0.4908329891429694,-0.9972540933418127,100.0,580.0,720.53,Interpolated (Month),7932.0,2016-03-01,0.9669585522475189
2016.0,9.0,North America,Model 3,-0.3906276258668953,-0.40327006634853463,0.4057526975271007,100.0,554.0,696.79,Interpolated (Month),13588.0,2016-09-01,0.9381293354217946
2015.0,5.0,Europe,Model Y,0.24745864153560132,0.08454696734271352,0.19197643830621267,82.0,490.0,800.86,Official (Quarter),9277.0,2015-05-01,0.9891067538126361
2024.0,1.0,Europe,Model S,1.4113117298284865,1.2554956507170858,-1.0414218094935188,100.0,571.0,1325.52,Interpolated (Month),12065.0,2024-01-01,0.9670082479380155
2025.0,10.0,Middle East,Model Y,0.31454536976907765,0.2326762013461676,1.0287221231623553,60.0,344.0,575.86,Estimated (Region),3477.0,2025-10-01,0.9581866575083713
2015.0,7.0,Asia,Model 3,0.0685606995796644,-0.05372263460345835,-0.06101213234189025,120.0,691.0,1056.4,Estimated (Region),3621.0,2015-07-01,0.9774623573415172
2022.0,4.0,Asia,Cybertruck,0.2055294363896786,0.21859101269290732,-0.8082185744389817,100.0,594.0,956.13,Estimated (Region),14128.0,2022-04-01,0.9261241045999827
2022.0,4.0,North America,Model X,0.007318648427134856,-0.10630733890896345,-1.296150487658216,75.0,447.0,667.21,Estimated (Region),10259.0,2022-04-01,0.9753013819464863
2022.0,10.0,North America,Model S,-0.23180487910203654,-0.1854191485114421,0.9123044073149318,120.0,719.0,971.73,Official (Quarter),5165.0,2022-10-01,0.9132373809041151
2020.0,11.0,North America,Model X,0.31962769766555316,0.40028994631996506,-0.1559724984038537,100.0,577.0,967.63,Interpolated (Month),13195.0,2020-11-01,0.904457568157916
2024.0,1.0,Asia,Cybertruck,-0.42417098998363345,-0.5349665802565183,0.6089869172087243,100.0,550.0,680.87,Interpolated (Month),8703.0,2024-01-01,0.9851975647606541
2024.0,7.0,Asia,Model Y,1.0265795080652926,1.2005634149693707,-0.6110650389498787,75.0,429.0,898.45,Estimated (Region),7980.0,2024-07-01,0.8853519340519974
2019.0,12.0,Europe,Model Y,-0.5072670510910076,-0.47956483822036117,1.4357546933543173,60.0,346.0,411.36,Interpolated (Month),5093.0,2019-12-01,0.920236851271334
2018.0,1.0,North America,Cybertruck,-1.1290898692247826,-1.192510137219553,1.676608735322005,120.0,672.0,552.28,Official (Quarter),3806.0,2018-01-01,0.9826040172166427
2020.0,6.0,Asia,Cybertruck,-0.7641787262578431,-0.8223044287830283,-1.0406514105644353,100.0,551.0,571.52,Estimated (Region),10720.0,2020-06-01,0.9667272473088214
2023.0,3.0,Asia,Model S,-0.1243136440915801,-0.12508759044664383,1.4917040457737627,60.0,345.0,488.16,Official (Quarter),8851.0,2023-03-01,0.9318383878296947
2016.0,2.0,Europe,Cybertruck,0.07237244550202102,0.008252195470886936,0.0297771448085452,60.0,331.0,506.78,Official (Quarter),4780.0,2016-02-01,0.954728276120101
2023.0,4.0,Europe,Model S,-1.3349241490320396,-1.3523770284340573,1.182868511209048,82.0,455.0,318.66,Estimated (Region),13052.0,2023-04-01,0.9538304392236977
2024.0,2.0,Asia,Model S,-1.2640256748762067,-1.332657764319493,0.34639619371483826,75.0,444.0,329.54,Estimated (Region),7578.0,2024-02-01,0.9937738501707171
2020.0,9.0,Asia,Model X,-0.9471425305309604,-0.9342816785764476,-1.3432124186254402,60.0,358.0,332.67,Official (Quarter),5202.0,2020-09-01,0.9279508687837028
2025.0,3.0,Middle East,Model S,0.428897747439776,0.4040459966275012,0.07228576958910268,120.0,697.0,1213.83,Official (Quarter),12608.0,2025-03-01,0.9380302173386119
2018.0,10.0,Middle East,Model X,-0.8800558022974841,-0.7985943612167068,0.15988609220469951,120.0,664.0,643.32,Interpolated (Month),14465.0,2018-10-01,0.8904052936311001
2022.0,7.0,Europe,Cybertruck,-0.48897067066369587,-0.3549109186390076,-0.9878939948692321,82.0,472.0,566.26,Interpolated (Month),11832.0,2022-07-01,0.8746719160104987
2020.0,6.0,Middle East,Cybertruck,1.81688149596723,1.8761829640374228,-1.59737547486672,60.0,342.0,875.79,Official (Quarter),10789.0,2020-06-01,0.9154869154869155
2025.0,9.0,North America,Model Y,-0.8815805006664268,-0.9591655118638741,1.5006173128674742,120.0,693.0,670.79,Estimated (Region),12556.0,2025-09-01,0.9821917808219178
2025.0,7.0,Asia,Model 3,0.16766609356093629,0.05050776143066781,-0.652113882017715,120.0,690.0,1095.24,Official (Quarter),13356.0,2025-07-01,0.9734155091527918
2017.0,6.0,Europe,Model X,-0.9130909336245747,-0.9814670605648697,1.5519412895230154,60.0,352.0,334.17,Estimated (Region),13595.0,2017-06-01,0.9774517374517374
2022.0,5.0,Middle East,Model 3,1.0748616230818095,1.0404617706106454,0.7577743108983986,75.0,426.0,904.31,Interpolated (Month),5535.0,2022-05-01,0.9379639448568399
2025.0,12.0,Asia,Model S,0.7178280883544071,0.5233005938917716,1.3123949376085018,75.0,432.0,826.01,Official (Quarter),7899.0,2025-12-01,0.9892898719441211
2016.0,7.0,Middle East,Model S,-1.7778490252098778,-1.724695515168571,1.1942679302016481,120.0,671.0,294.5,Interpolated (Month),12631.0,2016-07-01,0.8842550619522515
2016.0,5.0,Asia,Model Y,0.6085580385801842,0.43245112707824274,-0.03630618423353362,82.0,457.0,844.33,Interpolated (Month),6896.0,2016-05-01,0.9855176828292527
2023.0,4.0,Middle East,Model X,1.0949368182728878,1.1458659323658766,-1.1555561623214519,75.0,432.0,922.17,Interpolated (Month),10081.0,2023-04-01,0.9159425886593293
2025.0,5.0,North America,Cybertruck,-0.7679904721801998,-0.7643204021604401,0.7069294726735907,75.0,421.0,435.73,Estimated (Region),3049.0,2025-05-01,0.9324324324324325
2021.0,9.0,North America,Cybertruck,0.4083143194590503,0.23079817619239956,1.2655939482140315,120.0,717.0,1239.94,Interpolated (Month),5960.0,2021-09-01,0.9905490162385084
2019.0,8.0,Middle East,Model Y,-0.4414509048316501,-0.3692308604364889,-0.9242804156843245,120.0,708.0,869.25,Interpolated (Month),10061.0,2019-08-01,0.9011339865683144
2023.0,4.0,Asia,Cybertruck,-0.5075211674858313,-0.5589114009670608,-1.5609783502358465,100.0,574.0,682.34,Interpolated (Month),7265.0,2023-04-01,0.9577039274924471
2021.0,1.0,North America,Model X,0.716811622775112,0.5564007872269333,0.8615858151081806,120.0,660.0,1261.56,Interpolated (Month),5023.0,2021-01-01,0.9782742207891908
2022.0,3.0,Europe,Cybertruck,-0.7682445885750235,-0.8272342448116694,0.39483042883896563,60.0,342.0,353.92,Estimated (Region),3852.0,2022-03-01,0.9673303421200224
2018.0,10.0,Asia,Model S,-0.9717918208288665,-1.0685604770708623,-0.3312054506869119,60.0,337.0,308.25,Estimated (Region),12826.0,2018-10-01,0.9990170380078637
2018.0,3.0,Middle East,Model 3,-0.9484131125050793,-0.8816969742709425,-0.8546706476733121,60.0,355.0,329.62,Official (Quarter),4234.0,2018-03-01,0.8971014492753623
2023.0,8.0,Middle East,Model X,-0.1499793999687813,-0.11076764864916254,-0.7785383344065815,100.0,585.0,818.88,Official (Quarter),10138.0,2023-08-01,0.9163393558523174
2016.0,5.0,Europe,Model Y,-2.466758571577129,-2.4500827308114763,1.3496872160918136,60.0,343.0,11.06,Official (Quarter),5335.0,2016-05-01,0.9817351598173516
2024.0,4.0,North America,Model 3,1.2415619780862055,1.1500914889618548,-1.2323420720989853,60.0,336.0,746.32,Official (Quarter),13865.0,2024-04-01,0.951976856316297
2020.0,8.0,North America,Model X,-0.1558240770497281,-0.07719794902555883,-1.664233676121987,60.0,336.0,469.17,Official (Quarter),8844.0,2020-08-01,0.9014234530841484
2016.0,5.0,North America,Model S,1.4326575069936835,1.2470445375251296,0.013533656162495633,75.0,427.0,996.62,Interpolated (Month),4756.0,2016-05-01,0.9744488977955912
2021.0,9.0,Middle East,Cybertruck,0.4936974281198384,0.41719217270387743,-0.8575370287210697,120.0,717.0,1276.08,Estimated (Region),14079.0,2021-09-01,0.9543151290919327
2021.0,12.0,Europe,Model S,0.4769257460614693,0.3639032089657093,-0.5953295165654571,82.0,459.0,812.36,Official (Quarter),8902.0,2021-12-01,0.9666557430771752
2023.0,12.0,Asia,Model Y,0.19943064291390802,0.3681287655616874,0.9774254832430077,100.0,580.0,931.51,Official (Quarter),8459.0,2023-12-01,0.8758998691099477
2015.0,1.0,Asia,Model X,-0.6683768454092803,-0.7882652228709826,1.1021654956508007,120.0,702.0,767.85,Estimated (Region),11748.0,2015-01-01,0.9991778569471088
2018.0,9.0,Middle East,Model X,0.05966662576083231,0.040413376229164605,1.326412221865284,60.0,345.0,525.62,Interpolated (Month),9093.0,2018-09-01,0.9380310306612486
2015.0,9.0,Asia,Model 3,-0.2950798614131563,-0.3889501245510533,0.2935254548223247,75.0,428.0,562.46,Estimated (Region),13712.0,2015-09-01,0.9735526169574397
2021.0,12.0,Asia,Model Y,-0.709289584975908,-0.7957773234860548,-0.07673721706340206,82.0,482.0,515.57,Official (Quarter),6099.0,2021-12-01,0.981420313790256
2016.0,2.0,North America,Model S,0.5722193941203846,0.5472454146023141,0.0561580892981993,120.0,681.0,1243.57,Estimated (Region),10115.0,2016-02-01,0.9373989373989374
2024.0,9.0,Asia,Cybertruck,0.0012198549513642788,-0.08165825876575793,1.3657791101098822,82.0,471.0,701.34,Interpolated (Month),10190.0,2024-09-01,0.9630384167636787
2017.0,11.0,Europe,Cybertruck,-1.1674614448431726,-1.2098818698919074,-1.0988721972457587,60.0,354.0,282.92,Estimated (Region),6428.0,2017-11-01,0.9683751363140676
2018.0,10.0,North America,Model 3,-2.334618046268767,-2.313691154019072,1.7293750975854172,82.0,468.0,51.6,Official (Quarter),14048.0,2018-10-01,0.91875
2025.0,1.0,North America,Model Y,-0.7639246098630194,-0.8131490561584092,0.36397967946592624,75.0,437.0,453.34,Official (Quarter),10860.0,2025-01-01,0.9616240266963293
2016.0,1.0,Middle East,Model Y,-0.6162829844704066,-0.5528078192173147,1.4277201780713278,75.0,419.0,471.19,Official (Quarter),5850.0,2016-01-01,0.9031441994940369
2018.0,7.0,North America,Cybertruck,1.574962688094997,1.461608911343128,-0.36715922315988664,82.0,460.0,1112.28,Interpolated (Month),4163.0,2018-07-01,0.9548631678711054
2025.0,2.0,Middle East,Model 3,-0.849815951313455,-0.8758281456654174,-1.1312319344566673,60.0,341.0,336.46,Official (Quarter),8010.0,2025-02-01,0.9498916967509026
2015.0,7.0,Middle East,Model Y,0.3142912533742539,0.2589685534989201,1.316969616152556,82.0,467.0,781.69,Estimated (Region),12799.0,2015-07-01,0.9489752529977039
2021.0,7.0,Asia,Model Y,1.4677255694793643,1.2219259510934821,0.31403347431452683,100.0,576.0,1356.31,Estimated (Region),11906.0,2021-07-01,0.9897232204779017
2016.0,4.0,Middle East,Cybertruck,-0.8935239712231442,-0.9678513782000513,1.2641336694697427,100.0,596.0,572.7,Interpolated (Month),8844.0,2016-04-01,0.9805602326649319
2017.0,9.0,Asia,Model Y,-0.22850136596932746,-0.2840154690842641,0.5415954010819046,120.0,673.0,910.87,Official (Quarter),3172.0,2017-09-01,0.955219140376879
2024.0,3.0,Asia,Model X,-1.7176234396366434,-1.7519268798982077,-1.5613138465436733,82.0,455.0,215.87,Interpolated (Month),3856.0,2024-03-01,0.990604447228312
2023.0,6.0,North America,Model Y,-1.4624905792335743,-1.4699883536887808,1.6030972695088601,82.0,469.0,293.15,Interpolated (Month),12061.0,2023-06-01,0.9483386436049158
2017.0,4.0,Middle East,Model Y,-0.587821948250144,-0.5570333758132928,0.5648097574572418,75.0,415.0,473.66,Estimated (Region),9533.0,2017-04-01,0.918628516238078
2015.0,7.0,Middle East,Cybertruck,2.129190545205648,2.077601161779045,-0.42353204647454384,75.0,429.0,1177.67,Estimated (Region),6616.0,2015-07-01,0.9382241361632319
2015.0,6.0,Asia,Model X,-0.5194646380425487,-0.6030449920806098,-1.4263891602933965,75.0,417.0,492.77,Official (Quarter),8529.0,2015-06-01,0.9741560529244466
2017.0,3.0,Asia,Model 3,0.6179603451886639,0.7080513183937025,1.6786107784744875,75.0,433.0,802.39,Official (Quarter),6114.0,2017-03-01,0.9035985956699825
2015.0,12.0,North America,Cybertruck,-0.0773021110491819,-0.02954306074869485,1.5077268524039973,60.0,333.0,480.42,Official (Quarter),14246.0,2015-12-01,0.9133903133903134
2018.0,1.0,North America,Model Y,1.312968685031686,1.0463305992161704,1.1407490621455696,82.0,483.0,1093.2,Official (Quarter),4253.0,2018-01-01,0.9984119632104811
2025.0,7.0,Middle East,Model 3,-0.37411006020334997,-0.4413000757123374,-0.40788698383534333,100.0,567.0,718.67,Official (Quarter),7468.0,2025-07-01,0.9628532360984503
2024.0,6.0,North America,Model X,-0.7153883784516786,-0.8169051064659452,1.6567920867397095,100.0,584.0,622.57,Interpolated (Month),8009.0,2024-06-01,0.9903846153846154
2020.0,12.0,Asia,Model Y,0.4296600966242473,0.37564086617675957,0.024817266799948674,75.0,433.0,754.26,Estimated (Region),11743.0,2020-12-01,0.9475359007832899
2016.0,5.0,Europe,Model S,1.2585877765393982,1.020742506496081,1.7263546367518428,82.0,453.0,1010.76,Official (Quarter),11340.0,2016-05-01,0.9914022927219408
2023.0,6.0,Middle East,Cybertruck,-0.6155206352859354,-0.6065662892439249,1.3539104933178925,120.0,701.0,788.62,Official (Quarter),7735.0,2023-06-01,0.9291377601585729
2020.0,7.0,North America,Model Y,-0.0018295417865210098,0.02374590298947326,0.9206664664006742,75.0,417.0,620.18,Interpolated (Month),5744.0,2020-07-01,0.9217253881193641
2023.0,11.0,Asia,Model S,0.5445207070845932,0.38526574508982075,-0.812382207877002,60.0,355.0,642.46,Interpolated (Month),6925.0,2023-11-01,0.9811336098235341
2021.0,1.0,Middle East,Model Y,0.8532721267954787,0.9507860695182215,0.5939348132291341,60.0,344.0,685.25,Estimated (Region),10707.0,2021-01-01,0.9030327757377941
2023.0,8.0,Europe,Model 3,-0.12761715722428915,-0.2544365729124175,0.027224390679659545,120.0,665.0,939.64,Interpolated (Month),14634.0,2023-08-01,0.9841203510238195
2024.0,11.0,Middle East,Cybertruck,0.47463869850805535,0.3282207310441166,0.2835569897115518,60.0,349.0,617.21,Interpolated (Month),11653.0,2024-11-01,0.978098556495769
2017.0,12.0,Asia,Cybertruck,-0.17030871155468322,-0.1140541926682566,0.8785062607486891,60.0,352.0,488.51,Interpolated (Month),9934.0,2017-12-01,0.9097345132743363
2018.0,7.0,Europe,Model 3,0.8486980316886508,0.6456069820309152,-0.7587326205187634,60.0,340.0,676.36,Interpolated (Month),12389.0,2018-07-01,0.9892585409518126
2015.0,10.0,Asia,Model Y,-1.668578975435655,-1.6303247511917272,1.4841382312585958,100.0,559.0,281.4,Interpolated (Month),9815.0,2015-10-01,0.9043384532471032
2021.0,2.0,North America,Cybertruck,0.2027341560466171,0.2969985628627229,-0.6505203988134303,82.0,463.0,744.5,Official (Quarter),13054.0,2021-02-01,0.8992534183373878
2017.0,5.0,Asia,Model Y,0.6469296141985741,0.8230803590619948,-1.6927091116356132,100.0,583.0,1090.33,Official (Quarter),3622.0,2017-05-01,0.8803841265358
2018.0,12.0,Europe,Model 3,1.7162514036170153,1.6775818040264525,0.8708032655209889,60.0,340.0,850.48,Interpolated (Month),10616.0,2018-12-01,0.9367486799236041
2017.0,2.0,North America,Model Y,0.22026818728945752,0.04933399570956279,-0.4823100055426429,75.0,448.0,725.02,Official (Quarter),9004.0,2017-02-01,0.9929136756856248
2021.0,10.0,Europe,Cybertruck,0.5376595644243513,0.5301084350741808,0.15084856721919956,75.0,446.0,805.34,Official (Quarter),13798.0,2021-10-01,0.9321666408548862
2023.0,5.0,Middle East,Model 3,-0.0381681862463207,-0.14105080425367217,-1.0099920183447488,82.0,478.0,700.65,Official (Quarter),13935.0,2023-05-01,0.9718547986076579
2023.0,5.0,North America,Cybertruck,-1.427930749537541,-1.4413484700938182,-1.4207667392057886,60.0,346.0,223.33,Official (Quarter),8748.0,2023-05-01,0.9528343666961914
2017.0,9.0,Europe,Model S,-0.944347250187899,-0.8666727730407983,0.9719168823842772,75.0,441.0,410.53,Interpolated (Month),5252.0,2017-09-01,0.8911545089029294
2015.0,1.0,North America,Model Y,0.5712029285410894,0.540437573419905,-0.7217544659858912,120.0,696.0,1270.55,Official (Quarter),4673.0,2015-01-01,0.9391881463188764
2025.0,6.0,North America,Model 3,-0.39901346689607986,-0.4269801339148561,1.1934264557584617,82.0,459.0,575.04,Official (Quarter),11810.0,2025-06-01,0.9451171211949757
2022.0,4.0,Middle East,Model S,-0.828470174148258,-0.8431974586186978,1.3625543693022086,75.0,426.0,425.7,Estimated (Region),11841.0,2022-04-01,0.9430917327293318
2016.0,12.0,Europe,Model X,-0.46025551804860937,-0.4316751967992762,-1.2507088795999028,100.0,572.0,695.92,Official (Quarter),10514.0,2016-12-01,0.9199274129522513
2020.0,8.0,Europe,Model S,-0.007165986077820265,0.14957358829193187,0.07499160944067082,82.0,478.0,709.4,Official (Quarter),12342.0,2020-08-01,0.8761179491720534
2015.0,1.0,Europe,Model S,-1.4159872789808237,-1.3897027783651972,-1.5733937017517021,82.0,475.0,309.94,Interpolated (Month),5046.0,2015-01-01,0.9184966216216216
2020.0,3.0,Europe,Model 3,2.332991893854315,2.1097623425373224,1.0656525626647808,75.0,448.0,1283.72,Interpolated (Month),6223.0,2020-03-01,0.9725092908415212
2018.0,10.0,Middle East,Cybertruck,-0.39952169968572737,-0.3152376372656578,1.5173553479228394,120.0,714.0,894.28,Official (Quarter),12835.0,2018-10-01,0.896596155911092
2017.0,4.0,Europe,Model X,-1.5702359306388545,-1.5052013253219314,1.557926543654644,82.0,487.0,273.43,Estimated (Region),8033.0,2017-04-01,0.8819509896324222
2015.0,12.0,Europe,Model Y,1.611047216159973,1.7071607001982991,-0.1836109327583983,75.0,422.0,1029.38,Official (Quarter),14965.0,2015-12-01,0.9070727353859884
2019.0,6.0,North America,Model Y,-0.9603565830617967,-0.8786451833960695,1.6552845899965416,75.0,449.0,413.73,Interpolated (Month),3783.0,2019-06-01,0.8886156516707652
2017.0,4.0,North America,Model X,-1.877716768375621,-1.8366727649619903,-0.8617155731061047,100.0,578.0,219.61,Estimated (Region),7302.0,2017-04-01,0.8944209039548022
2016.0,1.0,North America,Model X,0.015958605851143174,0.059663134055287004,0.7090259518238325,75.0,433.0,648.53,Official (Quarter),3117.0,2016-01-01,0.9152153987167736
2018.0,9.0,Middle East,Model Y,-0.16471815086856018,-0.10795061091851048,0.33640635624667753,100.0,570.0,792.93,Interpolated (Month),8066.0,2018-09-01,0.9095723813260101
2023.0,2.0,Middle East,Model X,-1.9938479608100859,-1.968604032014195,1.1533850956772398,100.0,568.0,176.88,Official (Quarter),8165.0,2023-02-01,0.9145374449339208
2019.0,11.0,North America,Model S,0.5351184004761136,0.4817492873646538,-0.8365767105027602,60.0,337.0,608.02,Interpolated (Month),8493.0,2019-11-01,0.9464903997481902
2023.0,7.0,Europe,Model S,-0.013264779553590842,-0.13095641905216895,0.5144336200002574,82.0,458.0,678.07,Interpolated (Month),12006.0,2023-07-01,0.9774212715389186
2024.0,2.0,Asia,Model Y,0.47514693129770286,0.5033465766329862,0.8969481200162464,82.0,455.0,804.8,Official (Quarter),13060.0,2024-02-01,0.92125
2025.0,11.0,North America,Model 3,0.2380563349271217,0.33127252191898965,0.0025338505498851945,120.0,688.0,1120.65,Interpolated (Month),4320.0,2025-11-01,0.8998922681693876
2023.0,11.0,Asia,Model X,1.4631514743725365,1.6771122977380106,1.4501278522131795,100.0,588.0,1382.98,Official (Quarter),5739.0,2023-11-01,0.8808988764044944
2023.0,5.0,Middle East,Model Y,0.5976310336027619,0.6115677761188695,0.8809387332383244,75.0,417.0,767.74,Estimated (Region),7179.0,2023-05-01,0.9255712238896011
2018.0,7.0,North America,Model X,1.1922633974903933,1.1404666100487935,-0.031424837212547706,75.0,428.0,938.22,Estimated (Region),3288.0,2018-07-01,0.9419878819131108
2020.0,9.0,Asia,Model Y,-0.3278608763454231,-0.3983402503198935,-0.3202265204001217,60.0,341.0,441.53,Estimated (Region),12535.0,2020-09-01,0.9635003906686014
2024.0,4.0,Asia,Model X,-0.9288461501036488,-0.9626868090271893,-0.08158377187468757,60.0,343.0,322.44,Interpolated (Month),11502.0,2024-04-01,0.9560640732265446
2023.0,4.0,Asia,Model S,-0.15709465902384695,-0.2349520619420741,-0.4465794002433183,60.0,330.0,460.55,Interpolated (Month),9287.0,2023-04-01,0.9636457793889177
2021.0,5.0,Europe,Model 3,1.1391530709722244,1.120043086501566,0.41420322823179584,60.0,343.0,741.14,Interpolated (Month),13729.0,2021-05-01,0.9337525118299086
2021.0,9.0,Europe,Model S,-1.3140866046564903,-1.3110604750511605,-1.6579944388595447,75.0,436.0,310.72,Estimated (Region),7967.0,2021-09-01,0.9368960757247091
2025.0,3.0,Middle East,Model X,-0.1822521821114006,-0.15983105579135257,-1.5380289116858004,82.0,457.0,631.0,Estimated (Region),6423.0,2025-03-01,0.9228070175438596
2016.0,2.0,Middle East,Model 3,0.6687836241534187,0.6195493830223836,0.5307785030860053,60.0,333.0,627.07,Interpolated (Month),10894.0,2016-02-01,0.9442647611884167
2017.0,10.0,North America,Model 3,-0.49430711495499513,-0.4884854577007594,0.6687330937696326,60.0,350.0,418.79,Interpolated (Month),10783.0,2017-10-01,0.9302623906705539
2024.0,11.0,Europe,Model S,-0.44704146551777313,-0.5359055928334023,0.9169645752885366,82.0,491.0,601.2,Interpolated (Month),12333.0,2024-11-01,0.9749193837334289
2024.0,5.0,North America,Model 3,-0.7021743259208423,-0.6046882640901567,0.624117055144356,60.0,338.0,362.96,Estimated (Region),9739.0,2024-05-01,0.8860148514851485
2025.0,5.0,Asia,Model Y,0.14403326884232528,0.023980656133694263,0.2302299758403936,100.0,585.0,920.41,Official (Quarter),5429.0,2025-05-01,0.9749953522959658
2022.0,5.0,North America,Cybertruck,0.24720452514077756,0.3106142452275412,-0.409071907091431,60.0,351.0,573.62,Estimated (Region),7033.0,2022-05-01,0.9095083062025211
2023.0,8.0,North America,Model Y,2.20339253249419,1.9475479198806083,1.2408228889703783,75.0,434.0,1210.4,Official (Quarter),13669.0,2023-08-01,0.9810574081891094
2016.0,4.0,Asia,Cybertruck,-1.8467145682071207,-1.8411330747021895,-0.1790884425288952,120.0,696.0,277.18,Official (Quarter),9188.0,2016-04-01,0.9438322076075364
2021.0,2.0,Europe,Model 3,0.20756236754826882,0.17610069358890543,0.6640366424916261,100.0,567.0,913.35,Interpolated (Month),6327.0,2021-02-01,0.9415220059617745
2022.0,5.0,North America,Model 3,-0.4061287259511455,-0.4765130473454881,-1.1468158622131082,100.0,588.0,734.18,Interpolated (Month),4556.0,2022-05-01,0.9649895664270809
2020.0,8.0,North America,Model Y,0.6687836241534187,0.83364425055194,0.09943214269216846,120.0,715.0,1346.42,Interpolated (Month),8805.0,2020-08-01,0.8836489054691349
2020.0,6.0,Europe,Model S,-2.1940916799312196,-2.158049819400546,0.9832780299462063,75.0,413.0,79.79,Interpolated (Month),6924.0,2020-06-01,0.8803827751196173
2017.0,11.0,Asia,Model 3,0.2439010120080685,0.2662459009697713,1.2053572014963456,100.0,589.0,961.42,Estimated (Region),5101.0,2017-11-01,0.9229855810008482
2021.0,6.0,North America,Model 3,1.1361036742343391,0.9193291481926068,-1.0702933791661648,120.0,686.0,1481.04,Interpolated (Month),10017.0,2021-06-01,0.987716167993412
2017.0,7.0,Asia,Model X,0.3930673357696239,0.4641428015480784,1.1802635687656116,100.0,592.0,1018.45,Estimated (Region),11980.0,2017-07-01,0.9078603657088578
2016.0,10.0,North America,Cybertruck,0.985666768498665,1.171923531374408,-1.0902004874936815,82.0,454.0,939.85,Official (Quarter),5874.0,2016-10-01,0.8819657464212679
2021.0,7.0,Middle East,Model X,-0.02241296976724671,-0.16851692212752972,-1.0761767418265265,120.0,706.0,1041.42,Official (Quarter),13097.0,2021-07-01,0.9895351177299255
2017.0,6.0,Asia,Cybertruck,-0.4915118346119336,-0.5704143050338901,1.317907017688202,75.0,440.0,527.21,Estimated (Region),3164.0,2017-06-01,0.9710673474349624
2025.0,11.0,Middle East,Model S,0.30615952873989316,0.26929769184464436,0.24386852204300655,100.0,589.0,983.07,Estimated (Region),11365.0,2025-11-01,0.9427264254850461
2020.0,10.0,Asia,Model X,-0.5075211674858313,-0.42087655216511,-1.626406094640854,100.0,598.0,710.87,Estimated (Region),9319.0,2020-10-01,0.8941667606905112
2024.0,11.0,Europe,Model 3,-1.0160080735282033,-1.0655086861959893,-1.259412399372277,60.0,346.0,307.46,Estimated (Region),10264.0,2024-11-01,0.9684485859081249
2017.0,8.0,North America,Model X,0.8921519352035161,0.7484288591997154,0.031760797793043534,60.0,342.0,689.11,Estimated (Region),3217.0,2017-08-01,0.9703120485408842
2023.0,5.0,Asia,Model Y,-0.15455349507560923,-0.14128555739789317,-0.6156108896630387,82.0,454.0,634.28,Interpolated (Month),13747.0,2023-05-01,0.9263974537497514
2021.0,3.0,Asia,Model Y,-0.24806832837075807,-0.28072892506517005,1.2887824589478765,82.0,474.0,636.06,Interpolated (Month),8274.0,2021-03-01,0.9456659619450317
2022.0,7.0,Middle East,Model S,0.47819632803558815,0.6803504473756239,1.5670172510178286,82.0,454.0,803.85,Official (Quarter),14200.0,2022-07-01,0.8708868230780581
2015.0,12.0,Europe,Model X,-0.6920096701278913,-0.564780229572586,1.6359351510873674,100.0,587.0,633.87,Official (Quarter),4561.0,2015-12-01,0.8726060606060606
2024.0,4.0,North America,Cybertruck,0.08965236035003765,0.029379978450777375,0.538627625594448,60.0,338.0,520.94,Interpolated (Month),9848.0,2024-04-01,0.9530655783322511
2019.0,11.0,Europe,Cybertruck,0.6494707781468119,0.5927875245811891,0.8963651019879789,60.0,346.0,647.61,Official (Quarter),3929.0,2019-11-01,0.9466656551096275
2015.0,6.0,Europe,Model Y,-1.7117787625556966,-1.7021592133233545,1.67474486694519,60.0,344.0,164.4,Official (Quarter),6945.0,2015-06-01,0.9356828193832599
2022.0,11.0,Middle East,Model X,-1.0147374915540843,-0.9868663828819527,0.25055061443177973,100.0,574.0,510.49,Estimated (Region),9599.0,2022-11-01,0.9189398636081835
2015.0,4.0,Europe,Model 3,0.09066882592933274,0.251691206028069,0.26719669864722156,120.0,683.0,1053.08,Estimated (Region),10719.0,2015-04-01,0.8764495225102319
2020.0,11.0,Middle East,Model X,-1.8037688974819028,-1.817657760280089,-0.9433644397366403,120.0,676.0,286.35,Official (Quarter),4528.0,2020-11-01,0.9694473051836594
2025.0,2.0,Europe,Cybertruck,-0.6650733322765713,-0.6802787765293203,1.578677114551615,82.0,484.0,530.34,Official (Quarter),8772.0,2025-02-01,0.9416086620262955
2015.0,2.0,North America,Cybertruck,-0.3286232255298944,-0.18940995196319918,-0.6105103517209384,82.0,472.0,610.93,Interpolated (Month),11436.0,2015-02-01,0.876129556300132
2020.0,2.0,Middle East,Model S,0.0665277684210742,0.11248259150501311,-1.7000492738192938,60.0,335.0,511.75,Estimated (Region),8895.0,2020-02-01,0.9145936237090256
2025.0,2.0,North America,Model S,0.23881868411159302,0.11553438237988617,-0.44109664502607987,60.0,330.0,537.67,Official (Quarter),4644.0,2025-02-01,0.9743451740222462
2015.0,8.0,North America,Cybertruck,0.8636908989832534,0.641381425434937,0.2477672376557362,60.0,352.0,703.35,Interpolated (Month),13521.0,2015-08-01,0.9949955183746638
2017.0,3.0,Middle East,Model 3,1.5282052714474226,1.5193581848214954,-1.6928954984732947,100.0,550.0,1314.72,Estimated (Region),7284.0,2017-03-01,0.9304063521718823
2018.0,5.0,Asia,Model 3,1.2700230143064681,1.217465641353283,1.5171267134019497,75.0,421.0,942.2,Official (Quarter),4445.0,2018-05-01,0.9418002777427092
2023.0,1.0,Middle East,Model 3,-1.8220652779092146,-1.8073286219343647,-0.14280265296906341,60.0,345.0,142.42,Interpolated (Month),4679.0,2023-01-01,0.9306729793709841
2021.0,3.0,Middle East,Model X,0.9930361439485544,0.8113427018509446,-1.0506820046211025,82.0,453.0,939.75,Interpolated (Month),5377.0,2021-03-01,0.9800170068027211
2015.0,5.0,Europe,Model S,-0.1428641409137156,-0.2856587410938112,-1.321611426717074,120.0,667.0,936.47,Interpolated (Month),10790.0,2015-05-01,0.9916304693293782
2020.0,3.0,Asia,Cybertruck,-0.3553054469863907,-0.2997439297470715,-0.3074677200713652,82.0,470.0,600.94,Estimated (Region),3589.0,2020-03-01,0.9088388954046274
2024.0,2.0,Europe,Model Y,-0.11364075550898159,-0.18706242052098912,1.741902778235449,100.0,565.0,803.01,Official (Quarter),13613.0,2024-02-01,0.9610508165128309
2024.0,1.0,Europe,Model X,0.9262035321099018,1.1561950707116009,-0.319383057830667,75.0,412.0,838.44,Interpolated (Month),5037.0,2024-01-01,0.8707400038508439
2023.0,7.0,Europe,Model 3,1.3071240079507391,1.0606505410136517,-0.3159699420590437,75.0,438.0,989.84,Estimated (Region),5722.0,2023-07-01,0.9928825622775801
2022.0,10.0,North America,Model 3,0.3582533896787668,0.4643775546922994,-0.556240965998463,82.0,458.0,778.51,Estimated (Region),8056.0,2022-10-01,0.8969447522558176
2017.0,1.0,North America,Cybertruck,-0.007420102472644039,-0.15208420203205938,-0.3170728551065511,120.0,684.0,1015.02,Official (Quarter),3792.0,2017-01-01,0.9885091926458833
2021.0,11.0,Asia,Cybertruck,2.5009628308328296,2.808152946594812,0.31589436050193886,60.0,344.0,1019.82,Estimated (Region),9880.0,2021-11-01,0.8738173136440004
2024.0,10.0,Middle East,Model S,1.1086591035933715,1.2259167545452392,0.10222695119425625,100.0,570.0,1221.37,Official (Quarter),6225.0,2024-10-01,0.89967250283411
2025.0,7.0,North America,Model X,-1.3400064769285152,-1.3190420819546747,1.594221279782684,75.0,445.0,310.32,Estimated (Region),7854.0,2025-07-01,0.9229700218383958
2018.0,1.0,Middle East,Model Y,1.1978539581765162,1.354091971289908,0.393690238423922,60.0,341.0,748.63,Official (Quarter),6064.0,2018-01-01,0.8911349245007306
2024.0,6.0,Middle East,Model S,0.043149060097286994,0.06224541864171806,-0.1588667132193716,75.0,445.0,673.64,Official (Quarter),4200.0,2024-06-01,0.9240912004395202
2024.0,8.0,Middle East,Model S,-0.30981861231293517,-0.24316842198980929,0.4013882633359511,120.0,690.0,900.76,Interpolated (Month),8205.0,2024-08-01,0.9046777546777547
2025.0,11.0,North America,Model S,-0.0821303225508336,-0.1715687130024028,-1.285710836621784,60.0,358.0,515.47,Official (Quarter),11542.0,2025-11-01,0.9671536523929471
2023.0,2.0,Europe,Model S,-0.2732258514583117,-0.1424593231189982,0.9929189512542271,120.0,697.0,924.95,Estimated (Region),6780.0,2023-02-01,0.8803861080704548
2022.0,5.0,Asia,Cybertruck,0.33080881903779924,0.37681463189786457,-0.24337549948729167,82.0,458.0,771.09,Estimated (Region),14307.0,2022-05-01,0.9154228855721394
2016.0,7.0,North America,Model X,0.753912616419383,0.9763741622383111,-0.45357462251939656,120.0,686.0,1326.28,Estimated (Region),11664.0,2016-07-01,0.869996625042187
2018.0,2.0,Europe,Cybertruck,0.7917759592481254,1.0024317612468425,-0.3601724504204506,120.0,703.0,1374.86,Official (Quarter),7149.0,2018-02-01,0.8735093126088704
2023.0,4.0,Europe,Model X,2.2412558753229326,2.1989685373413046,-0.5366638866315339,100.0,584.0,1641.8,Estimated (Region),12114.0,2023-04-01,0.9360235728911751
2021.0,11.0,Europe,Model 3,0.46853990503228476,0.41437513497322537,-0.17314195685950437,60.0,346.0,610.66,Official (Quarter),5442.0,2021-11-01,0.9472667257064649
2019.0,4.0,Europe,Model 3,-0.579944340010607,-0.6476480894826007,0.020271913118356324,60.0,337.0,386.2,Official (Quarter),3109.0,2019-04-01,0.9674559959478283
2019.0,4.0,Asia,Model S,1.0336947671203582,0.9028964280971365,1.628477192422272,82.0,490.0,1028.26,Estimated (Region),5971.0,2019-04-01,0.9646945248931182
2018.0,9.0,North America,Model X,0.28252670402128216,0.20614909604919404,1.2525955786699081,120.0,711.0,1176.78,Estimated (Region),12175.0,2018-09-01,0.9566499046297902
2020.0,7.0,Middle East,Model S,0.6565860372018776,0.540437573419905,-1.0105203629006299,100.0,562.0,1054.26,Official (Quarter),12670.0,2020-07-01,0.9651180737768175
2024.0,2.0,North America,Model 3,-0.6820991307297641,-0.6427182734539596,-0.5647039224923369,75.0,437.0,474.45,Interpolated (Month),3385.0,2024-02-01,0.9141197272038394
2025.0,7.0,Middle East,Cybertruck,1.4057211691423634,1.3754545074140194,0.23828586348077105,82.0,487.0,1128.91,Official (Quarter),14639.0,2025-07-01,0.9357553739025128
2017.0,10.0,Europe,Model S,0.8875778400966882,0.878247347953931,-0.33675083188161103,60.0,334.0,672.09,Official (Quarter),9871.0,2017-10-01,0.9317913454191845
2016.0,7.0,North America,Cybertruck,-1.5311020058359932,-1.4777352074480739,-1.4114702607738034,82.0,475.0,277.66,Official (Quarter),8771.0,2016-07-01,0.8936023847741343
2024.0,9.0,Europe,Model S,-0.2780540629599634,-0.325566775611382,1.7165158968800962,100.0,555.0,734.93,Interpolated (Month),3635.0,2024-09-01,0.9524220520012946
2020.0,2.0,Middle East,Cybertruck,-0.05112812238233318,-0.05724393176677342,-1.700319658991824,120.0,665.0,969.67,Estimated (Region),12691.0,2020-02-01,0.9336342681521321
2015.0,4.0,Middle East,Model X,0.624567371454082,0.6977221800479783,0.882672379344546,100.0,589.0,1093.77,Interpolated (Month),12475.0,2015-04-01,0.9084238332844145
2015.0,2.0,Europe,Model X,-0.007420102472644039,-0.1612395746566786,-0.7655325093889511,82.0,488.0,724.17,Official (Quarter),5874.0,2015-02-01,0.9923763667368843
2016.0,12.0,Asia,Model Y,-0.329131458319542,-0.3358959139571062,1.6780670259400245,60.0,344.0,445.15,Estimated (Region),13362.0,2016-12-01,0.9351761517615176
2017.0,3.0,Europe,Model S,-1.0121963276058465,-1.0091679315829483,1.361992723631329,75.0,439.0,391.08,Official (Quarter),3746.0,2017-03-01,0.9342457133868177
2018.0,1.0,Europe,Model S,2.470977096243624,2.521754110645186,0.8356755595126182,82.0,452.0,1332.0,Interpolated (Month),10904.0,2018-01-01,0.9181231890830919
2015.0,3.0,Middle East,Model S,-1.0757254263117901,-1.1556538935768552,0.11369496054312321,60.0,346.0,295.26,Interpolated (Month),10649.0,2015-03-01,0.992325135182278
2017.0,8.0,Middle East,Model Y,1.7475077201803395,1.9679714434278357,0.27879145104571135,82.0,476.0,1199.45,Interpolated (Month),4877.0,2017-08-01,0.8823467619097641
2016.0,4.0,North America,Model X,0.5978851499975858,0.49841676060434514,-1.4586872655899785,100.0,554.0,1020.05,Official (Quarter),13730.0,2016-04-01,0.9605602942327256
2017.0,12.0,Middle East,Model Y,-0.5179399396736061,-0.5314452830932033,1.156050675971869,60.0,333.0,393.81,Estimated (Region),11819.0,2017-12-01,0.9394661582459485
2024.0,7.0,Middle East,Model Y,-1.1888072220083696,-1.237817494054207,1.3024786608122798,100.0,587.0,461.73,Official (Quarter),10912.0,2024-07-01,0.974177967676017
2020.0,4.0,Middle East,Model 3,-1.2172682582286323,-1.1507240775482142,-0.7096736167147274,75.0,433.0,333.32,Interpolated (Month),11944.0,2020-04-01,0.89190128606187
2017.0,8.0,North America,Cybertruck,1.5078759598615206,1.3620735781934221,-1.7002868549083916,100.0,586.0,1393.74,Official (Quarter),9427.0,2017-08-01,0.9634220439907644
2015.0,1.0,Europe,Model X,-0.27678348098584454,-0.4173552550017949,1.428721696679136,82.0,461.0,610.8,Official (Quarter),10950.0,2015-01-01,0.9949312908312683
2020.0,5.0,North America,Model S,-0.1116078243503914,-0.19833057144359736,-0.7218682862147684,75.0,441.0,627.3,Official (Quarter),3906.0,2020-05-01,0.9665681378045051
2018.0,5.0,North America,Model Y,0.019262118983852237,0.0014443542884777952,0.4120431290409589,82.0,485.0,727.35,Estimated (Region),5354.0,2018-05-01,0.9377227537047458
2019.0,5.0,Europe,Cybertruck,-0.6366122960563085,-0.6091485738303559,1.3580244235991978,82.0,474.0,527.35,Official (Quarter),10580.0,2019-05-01,0.9201091675970723
2016.0,5.0,Middle East,Model 3,-0.5959536728845047,-0.6549254369534518,1.1905729975314496,60.0,331.0,376.2,Official (Quarter),13821.0,2016-05-01,0.9632595982710399
2021.0,8.0,Middle East,Model 3,-0.7804421755265647,-0.661968031280082,0.754943716123476,120.0,707.0,726.55,Estimated (Region),11449.0,2021-08-01,0.874298111281266
2015.0,3.0,Europe,Model X,-1.520175000858571,-1.4467477924109013,0.686636667849965,75.0,433.0,255.9,Interpolated (Month),4166.0,2015-03-01,0.8769196527932339
2025.0,6.0,Asia,Model Y,-0.5730831973503651,-0.6377884574253185,0.678303933626685,60.0,359.0,412.87,Interpolated (Month),14547.0,2025-06-01,0.9657387580299786
2015.0,6.0,Europe,Model 3,-0.2541671218465286,-0.24575070657624035,0.9914969439406092,75.0,427.0,571.45,Official (Quarter),10465.0,2015-06-01,0.9285045270059319
2016.0,6.0,Europe,Cybertruck,-1.979109209910307,-1.9916098401478537,-1.0479617508540868,120.0,713.0,228.23,Interpolated (Month),10749.0,2016-06-01,0.9825046040515654
2019.0,6.0,Middle East,Cybertruck,1.8994693242849565,1.6597405650656563,-1.2832038093970766,60.0,350.0,913.34,Estimated (Region),13303.0,2019-06-01,0.9814396931061717
2015.0,12.0,Middle East,Model Y,-0.6678686126196328,-0.7377932968634665,-0.024638865226240234,82.0,453.0,495.63,Interpolated (Month),9983.0,2015-12-01,0.9708505257553574
2015.0,11.0,Asia,Model Y,-0.3743641765981738,-0.32321924416917197,0.18154971009052684,120.0,665.0,842.79,Estimated (Region),7901.0,2015-11-01,0.9105507058950318
2019.0,10.0,North America,Cybertruck,1.6384917868009405,1.6210062962691905,-1.2152735110514659,60.0,349.0,856.97,Estimated (Region),5068.0,2019-10-01,0.9321792608621376
2024.0,7.0,Europe,Model X,0.05178901752129531,-0.03963744595019806,1.2261316299085399,60.0,346.0,525.54,Official (Quarter),5482.0,2024-07-01,0.9655764279584247
2023.0,3.0,North America,Cybertruck,0.30539717955542184,0.2969985628627229,-0.9574190013609581,75.0,438.0,730.85,Estimated (Region),5289.0,2023-03-01,0.9331431926851774
2018.0,4.0,Asia,Model Y,-0.36470775359487034,-0.47839107249925616,-0.3362632439142364,82.0,480.0,611.06,Estimated (Region),12357.0,2018-04-01,0.9847992573682989
2019.0,7.0,Middle East,Model 3,0.5287654906055193,0.6012386377731452,1.674476469898929,100.0,599.0,1078.47,Interpolated (Month),11240.0,2019-07-01,0.9081485965045017
2022.0,8.0,Middle East,Model 3,-0.36191247325180886,-0.36195351296563777,0.00824971357211742,60.0,339.0,432.12,Official (Quarter),4585.0,2022-08-01,0.9324116743471582
2022.0,4.0,Asia,Model Y,1.4014011904303594,1.1350672877317103,-0.5888914666761551,75.0,432.0,1000.32,Interpolated (Month),13929.0,2022-04-01,0.9965141049641727
2023.0,6.0,Europe,Model 3,0.2573691809337285,0.2127221840873822,1.5165292814582352,60.0,342.0,560.97,Interpolated (Month),9465.0,2023-06-01,0.9457706279190451
2023.0,2.0,North America,Model 3,-0.1664969656323266,-0.2520890414702075,1.498167941304556,60.0,351.0,487.91,Interpolated (Month),12151.0,2023-02-01,0.967125860989355
2024.0,10.0,Asia,Model 3,0.3503757814392298,0.2758707798828325,0.26263146370294277,120.0,690.0,1169.65,Official (Quarter),8874.0,2024-10-01,0.9552024342828164
2016.0,6.0,Europe,Model S,-0.749694091752888,-0.713848476152924,0.9601168559485539,120.0,698.0,729.97,Official (Quarter),9363.0,2016-06-01,0.9155613919894944
2017.0,3.0,North America,Model Y,-0.606880677861927,-0.5795696776585093,-1.2236892495464602,100.0,590.0,666.76,Official (Quarter),10631.0,2017-03-01,0.9202394039330646
2015.0,12.0,Asia,Model X,1.896674043941895,1.8231287534434757,-0.7809499315703966,120.0,719.0,1875.08,Interpolated (Month),7912.0,2015-12-01,0.9437628921941157
2017.0,9.0,North America,Cybertruck,0.6266003026126722,0.5019380577676602,0.33618666829399707,60.0,337.0,626.21,Interpolated (Month),10943.0,2017-09-01,0.9682663748632171
2021.0,5.0,Middle East,Model 3,-2.0916827728172387,-2.0779989972211834,0.25046313687596145,100.0,571.0,144.83,Estimated (Region),7978.0,2021-05-01,0.9373614190687362
2024.0,7.0,Middle East,Model 3,-0.18428511326999078,-0.13940753224412514,0.23488119724578926,75.0,435.0,600.1,Interpolated (Month),9591.0,2024-07-01,0.9140329954283443
2020.0,12.0,Europe,Model Y,0.8306557676561628,0.9949196606317704,-1.4624488004901746,120.0,664.0,1313.82,Estimated (Region),13203.0,2020-12-01,0.8856586544917416
2017.0,3.0,Asia,Model Y,-1.36592634920054,-1.3073044247436243,1.4237757355544203,75.0,447.0,304.88,Official (Quarter),14521.0,2017-03-01,0.8938470611362296
2023.0,10.0,Europe,Model X,-0.11338663911415782,-0.23330878993252707,1.1150495479344793,82.0,491.0,697.91,Estimated (Region),6954.0,2023-10-01,0.9807493272614366
2024.0,7.0,Middle East,Model X,-0.3916440914461904,-0.45350723921182967,-0.884309634085638,60.0,334.0,419.89,Official (Quarter),13188.0,2024-07-01,0.9606831728564879
2017.0,7.0,North America,Model Y,1.767328798976594,1.9503649576112603,-0.7177394449864478,120.0,686.0,1736.64,Interpolated (Month),3262.0,2017-07-01,0.8899493777684033
2021.0,3.0,Europe,Cybertruck,-0.9135991664142223,-0.8145575750237352,0.2370388112787896,75.0,425.0,403.35,Estimated (Region),7573.0,2021-03-01,0.8804620094628445
2025.0,8.0,Middle East,Model X,1.8600812830872715,1.6404908072395339,0.3384074053360264,82.0,461.0,1192.28,Estimated (Region),7006.0,2025-08-01,0.9772160507821356
2022.0,7.0,Asia,Model X,0.24034338248053566,0.28831269652654573,-1.0773721027455239,60.0,344.0,560.79,Estimated (Region),11643.0,2022-07-01,0.9145069000336588
2020.0,12.0,Europe,Model 3,-0.15938170657726092,-0.18753192680943112,0.6262035936632548,82.0,468.0,652.51,Interpolated (Month),14537.0,2020-12-01,0.9429846809374048
2019.0,6.0,Asia,Cybertruck,-1.9491234753211015,-1.9296350100735082,-1.4171667395649166,75.0,440.0,148.63,Official (Quarter),9989.0,2019-06-01,0.9244663382594417
2024.0,1.0,North America,Model Y,1.370144873867035,1.2817880028698383,1.4718883912546012,75.0,447.0,1026.8,Official (Quarter),5902.0,2024-01-01,0.9502357905187392
2015.0,4.0,North America,Model S,2.1767103110376937,2.1116403676910904,-0.8730941167728844,120.0,681.0,1888.55,Interpolated (Month),12094.0,2015-04-01,0.9408172612080811
2017.0,10.0,Asia,Model 3,0.8535262431903025,0.7728431861986998,-1.501839546249996,75.0,449.0,894.48,Estimated (Region),12803.0,2017-10-01,0.9521795239460855
2015.0,5.0,Asia,Model X,-2.1392025386492843,-2.117672278594533,-1.4645492558929532,60.0,359.0,80.99,Official (Quarter),14834.0,2015-05-01,0.9198776758409786
2017.0,10.0,Europe,Model 3,0.4123801817762307,0.44559730315461904,0.327616850013186,75.0,425.0,735.99,Estimated (Region),3623.0,2017-10-01,0.9196272104508523
2022.0,12.0,Middle East,Model Y,-1.4192907921135327,-1.333362023752156,-0.7812247900270308,75.0,420.0,273.23,Interpolated (Month),8305.0,2022-12-01,0.8715836012861736
2022.0,11.0,Europe,Model X,1.2044609844419345,1.017221209332766,0.20773780633212627,120.0,715.0,1572.5,Estimated (Region),7697.0,2022-11-01,0.9781840016011742
2024.0,11.0,Middle East,Model X,-0.0015754253916972357,0.05262053972865686,-0.3293296535524851,60.0,330.0,490.84,Interpolated (Month),10100.0,2024-11-01,0.9113970588235294
2016.0,3.0,North America,Model S,-0.2828822744616151,-0.18001982619435897,-1.3167713333161613,60.0,346.0,457.19,Interpolated (Month),3069.0,2016-03-01,0.890787743957933
2022.0,2.0,Middle East,Cybertruck,-0.9446013665827228,-1.0213750950824405,1.208830458087594,82.0,481.0,447.69,Official (Quarter),5540.0,2022-02-01,0.9841395717684377
2025.0,6.0,Middle East,Model S,-0.20969675275236818,-0.2584273763641746,-1.1443133082725048,60.0,347.0,473.5,Official (Quarter),8804.0,2025-06-01,0.9520669806384092
2016.0,6.0,Middle East,Cybertruck,-0.8449877398118033,-0.809862512139315,-1.0808254780740862,60.0,340.0,336.45,Interpolated (Month),12405.0,2016-06-01,0.9154870940882598
2023.0,2.0,Asia,Model 3,0.8100723396754371,0.6991306989133043,1.6293494828226216,75.0,418.0,822.0,Official (Quarter),12447.0,2023-02-01,0.9615666715564031
2021.0,6.0,North America,Model Y,-0.10906666040215365,-0.024847997864274753,0.9454280820445514,82.0,471.0,670.68,Official (Quarter),6662.0,2021-06-01,0.8998104265402843
2020.0,10.0,Middle East,Model X,-0.8302489889120244,-0.7185435390373441,0.06894671152098439,100.0,567.0,566.01,Estimated (Region),5808.0,2020-10-01,0.8762343647136274
2023.0,5.0,Asia,Model 3,-0.10728784563838724,-0.0607652289300885,1.2063950034085558,100.0,564.0,803.7,Estimated (Region),7251.0,2023-05-01,0.9137251130133692
2018.0,7.0,Europe,Model X,-0.02927411242748861,0.14347000654218575,-0.8976589079161696,120.0,712.0,1047.39,Official (Quarter),12967.0,2018-07-01,0.8704180349693796
2020.0,1.0,Europe,Model 3,-0.09712318984543628,-0.10536832633207942,-1.55161576660543,60.0,331.0,473.66,Official (Quarter),11606.0,2020-01-01,0.9346526893308513
2024.0,10.0,Europe,Model X,0.2106117642861541,0.31554406125618234,-0.5613608881716814,100.0,581.0,936.95,Estimated (Region),3602.0,2024-10-01,0.8959166666666667
2018.0,3.0,North America,Model S,0.0616995569194225,-0.016866390960760584,0.7332895418374247,120.0,676.0,1030.73,Interpolated (Month),13850.0,2018-03-01,0.9604119425547997
2015.0,6.0,Asia,Model S,0.39230498658515256,0.26342886323911924,-0.5323521377865021,120.0,713.0,1226.29,Estimated (Region),8687.0,2015-06-01,0.9735099337748344
2024.0,8.0,Europe,Cybertruck,-2.2721054131421186,-2.270731328626628,-1.4648509540542136,100.0,569.0,83.73,Estimated (Region),4847.0,2024-08-01,0.9979654120040692
2022.0,5.0,Middle East,Model S,-0.21528731343849122,-0.13001740647528492,-1.0112415557045655,60.0,340.0,462.82,Estimated (Region),12716.0,2022-05-01,0.8983369629776282
2015.0,3.0,North America,Model X,-0.058751614227046396,0.07773912616030439,0.4608655458190308,82.0,483.0,702.11,Interpolated (Month),9031.0,2015-03-01,0.8820424137617184
2022.0,5.0,Asia,Model S,-0.017584758265595,0.10520524403416195,0.022578139589935674,75.0,440.0,650.3,Interpolated (Month),4667.0,2022-05-01,0.8873378962536023
2015.0,7.0,Europe,Model S,0.5917863565218152,0.4547526757792382,-0.7430960074162044,82.0,458.0,841.64,Estimated (Region),13761.0,2015-07-01,0.9728420551099818
2015.0,11.0,North America,Cybertruck,-0.015551827107004808,-0.05325312831501634,0.6296380817922653,120.0,673.0,995.47,Estimated (Region),14399.0,2015-11-01,0.9455364848019945
2021.0,2.0,Asia,Model Y,0.7699219492932807,0.5789370890721498,0.470298707931983,75.0,446.0,866.49,Estimated (Region),5503.0,2021-02-01,0.9870446578265508
2015.0,3.0,Asia,Model X,-0.4737236869742694,-0.47792156621081416,0.15297536529503677,120.0,677.0,818.29,Official (Quarter),10089.0,2015-03-01,0.9348027842227378
2022.0,6.0,Middle East,Model X,1.0580899410234406,0.8054738732454195,0.7534620650218,82.0,458.0,967.71,Official (Quarter),4253.0,2022-06-01,0.9999290125647761
2017.0,4.0,Europe,Model S,-0.949937810874022,-0.8610386975794941,-0.7521991405685686,100.0,597.0,553.78,Official (Quarter),9979.0,2017-04-01,0.8849456210646823
2015.0,4.0,Europe,Model Y,0.305143063160598,0.13736642479243963,-0.6252185098560604,100.0,592.0,987.72,Official (Quarter),3279.0,2015-04-01,0.9895027132817364
2023.0,3.0,North America,Model 3,0.030443240356098293,0.16483254266629718,-0.485718648030162,75.0,414.0,623.61,Estimated (Region),13147.0,2023-03-01,0.8841345307272407
2022.0,10.0,Middle East,Model S,0.4710810689805225,0.38479623880137875,0.7360883265920497,60.0,333.0,588.21,Estimated (Region),7881.0,2022-10-01,0.9577877185847906
2023.0,10.0,Middle East,Model S,-0.44297560320059276,-0.36453579755206883,-0.20657180303448902,75.0,440.0,539.81,Estimated (Region),5457.0,2023-10-01,0.8984950016478084
2025.0,12.0,North America,Model S,-0.010723615605353102,0.09534561197687974,-1.2924336855990635,120.0,683.0,1012.21,Interpolated (Month),6257.0,2025-12-01,0.8931477128909782
2023.0,9.0,Asia,Model S,0.41085548340728806,0.47564570561490765,0.40347331076014786,60.0,355.0,614.45,Official (Quarter),8763.0,2023-09-01,0.9098722598959155
2020.0,12.0,North America,Cybertruck,0.05788781099706589,0.023511149845252252,-0.005250160823260824,100.0,583.0,887.62,Interpolated (Month),3153.0,2020-12-01,0.9436593529193008
2015.0,10.0,North America,Model Y,-0.7179295423999162,-0.7633813895835561,-0.49754104088640694,100.0,585.0,622.76,Official (Quarter),6565.0,2015-10-01,0.958535926526202
2015.0,7.0,Middle East,Model X,-0.13854416220171145,-0.2337782962209691,-1.165609619830208,82.0,457.0,642.79,Official (Quarter),12774.0,2015-07-01,0.970703933747412
2018.0,9.0,Middle East,Cybertruck,-0.08848323242142796,0.010599726913096985,-1.0540777242878756,100.0,591.0,848.74,Interpolated (Month),10784.0,2018-09-01,0.8946827399308476
2018.0,4.0,Middle East,Model 3,-2.1681718076591947,-2.145607902756833,-0.3825403620369303,120.0,674.0,140.53,Official (Quarter),4139.0,2018-04-01,0.91688654353562
2015.0,7.0,Asia,Model X,-0.8548982792099304,-0.9474278546528239,1.7092855786727559,100.0,566.0,556.77,Official (Quarter),12718.0,2015-07-01,0.9906344410876133
2015.0,5.0,North America,Model S,-0.816018470801893,-0.9063460544141481,0.7038215342841979,100.0,553.0,556.68,Estimated (Region),12862.0,2015-05-01,0.9876379690949227
2021.0,8.0,Europe,Model 3,1.5190570812337667,1.6909627332470498,0.19418524659063016,120.0,670.0,1597.95,Estimated (Region),8613.0,2021-08-01,0.8903074080295649
2024.0,7.0,North America,Model Y,-0.1850474624544621,-0.05653967233411041,1.2140224498380496,120.0,672.0,926.76,Official (Quarter),10491.0,2024-07-01,0.8827652424387902
2018.0,2.0,Middle East,Model Y,-1.9211706718904864,-1.9446592113036527,0.2942590734154388,75.0,412.0,145.97,Interpolated (Month),12448.0,2018-02-01,0.9957841483979764
2017.0,4.0,North America,Model 3,-0.1644640344737364,-0.1959830400013873,0.8892495980726504,82.0,488.0,678.93,Estimated (Region),14411.0,2017-04-01,0.9444048467569494
2019.0,3.0,Middle East,Cybertruck,-1.8703473929257315,-1.8918397538539264,-1.1732927337952224,60.0,358.0,137.58,Estimated (Region),9450.0,2019-03-01,0.9865229110512129
2025.0,2.0,Europe,Model 3,-0.09585260787131741,-0.032360098479346906,1.3868398287047554,75.0,417.0,597.04,Interpolated (Month),6004.0,2025-02-01,0.9074919186157064
2019.0,2.0,North America,Model Y,-0.22138610691426178,-0.278146640478739,-1.0329156112533031,100.0,595.0,807.8,Estimated (Region),12124.0,2019-02-01,0.9556541019955654
2024.0,11.0,North America,Model S,0.17960956411765366,0.08783351136180759,1.5872673111266795,60.0,344.0,548.46,Estimated (Region),6980.0,2024-11-01,0.9636446056210335
2015.0,9.0,Europe,Model S,-2.087871026894882,-2.0787032566538466,-0.7930243194311865,100.0,582.0,148.93,Estimated (Region),7904.0,2015-09-01,0.9472515269294837
2016.0,1.0,Europe,Model Y,1.3587096360999653,1.3259215939833873,0.5041440724971048,82.0,472.0,1081.05,Estimated (Region),11779.0,2016-01-01,0.9365186457311089
2020.0,7.0,Asia,Model 3,-1.385239195207147,-1.384303456048114,-0.09731482097500496,100.0,557.0,373.55,Interpolated (Month),3372.0,2020-07-01,0.9394830846816558
2016.0,11.0,Europe,Model 3,-0.08060562418189096,-0.03165583904668389,1.4425222751726405,100.0,580.0,835.63,Estimated (Region),13484.0,2016-11-01,0.9129360326965117
2023.0,4.0,North America,Model S,-0.5296292938354997,-0.6178344401665331,-1.0542387625156322,120.0,718.0,844.15,Official (Quarter),4837.0,2023-04-01,0.9768195413758723
2018.0,7.0,Middle East,Model Y,0.7180822047492309,0.7101640966916916,-1.2716349026400784,75.0,422.0,806.95,Estimated (Region),8029.0,2018-07-01,0.9318032307579855
2020.0,8.0,Middle East,Model Y,0.41644604409341107,0.3275164716114536,-0.1315409117205644,75.0,437.0,757.82,Estimated (Region),4946.0,2020-08-01,0.9593394739025807
2023.0,8.0,North America,Cybertruck,-2.3734978546768044,-2.3521906696713173,1.0260739389725768,60.0,338.0,29.51,Official (Quarter),9681.0,2023-08-01,0.9150943396226415
2022.0,10.0,Asia,Model Y,-0.01123184839500065,-0.040341705382861075,1.380333685490754,75.0,418.0,619.35,Interpolated (Month),14946.0,2022-10-01,0.9421976344906524
2015.0,5.0,Middle East,Model X,-0.4572061213107241,-0.31735041556364685,1.1949125801442424,120.0,710.0,865.1,Interpolated (Month),8624.0,2015-05-01,0.8730653482373173
2023.0,5.0,North America,Model 3,-1.9178671587577774,-1.8822148749408654,0.7211043159371596,100.0,576.0,205.2,Estimated (Region),11146.0,2023-05-01,0.900303260045489
2018.0,5.0,Europe,Model S,-0.9789070798839322,-1.0540057821291602,0.30238404844365013,120.0,692.0,630.07,Interpolated (Month),5804.0,2018-05-01,0.9844307492701914
2018.0,1.0,Middle East,Model X,0.1928236166484899,0.25474299690294205,-1.4677903987423424,82.0,465.0,745.0,Official (Quarter),9607.0,2018-01-01,0.9097180819350992
2025.0,9.0,North America,Model X,1.4773819924826677,1.317705233935652,0.5488013647424543,100.0,558.0,1317.1,Interpolated (Month),3671.0,2025-09-01,0.9672383059806995
2022.0,3.0,Europe,Model X,-2.36714494480621,-2.343739556479361,-1.0234894075822913,75.0,425.0,38.7,Official (Quarter),8638.0,2022-03-01,0.9032738095238095
2023.0,12.0,Europe,Model Y,-0.20715558880413043,-0.059826216353204474,-0.5440423202458855,60.0,343.0,468.56,Official (Quarter),11485.0,2023-12-01,0.8755888856840688
2015.0,6.0,North America,Model X,0.3574910404942955,0.3655464809752564,0.9520614653397433,82.0,472.0,802.09,Estimated (Region),13226.0,2015-06-01,0.9276181118480308
2016.0,10.0,Asia,Cybertruck,-0.41680161453374404,-0.27415583702698193,-0.582175576140816,100.0,574.0,713.08,Official (Quarter),5353.0,2016-10-01,0.8728920741989882
2015.0,4.0,Asia,Cybertruck,1.3465120491484242,1.2430537340733725,1.3807183879237288,60.0,341.0,778.55,Estimated (Region),3130.0,2015-04-01,0.9542348442103943
2017.0,5.0,Middle East,Model X,-1.715844624872877,-1.6519220404600596,0.49773087418616035,82.0,478.0,227.29,Official (Quarter),10587.0,2017-05-01,0.8759325780602376
2023.0,1.0,Asia,Model Y,1.5424357895575538,1.410432725902949,-1.550186800849872,82.0,483.0,1158.62,Estimated (Region),8004.0,2023-01-01,0.9596735477676428
2023.0,7.0,Middle East,Model S,0.2350069381892364,0.4214177292998555,-1.4268568669980854,75.0,423.0,688.24,Interpolated (Month),7468.0,2023-07-01,0.8711750060236125
2023.0,10.0,North America,Model X,1.1455059808428187,1.3878964240577325,-0.5299296059282104,75.0,434.0,939.39,Official (Quarter),14245.0,2023-10-01,0.8709560598744568
2020.0,2.0,Asia,Model S,-1.3951497346052741,-1.4547293993144155,-0.526711823562477,82.0,461.0,306.47,Estimated (Region),11233.0,2020-02-01,0.9939448306795245
2018.0,10.0,Middle East,Model Y,0.6154191812404262,0.46954212386516153,1.2360508888941653,82.0,451.0,835.07,Official (Quarter),9141.0,2018-10-01,0.9753476611883691
2020.0,7.0,Europe,Model 3,-2.403991822055657,-2.3775440092471856,0.4990385642393335,100.0,564.0,39.09,Official (Quarter),4517.0,2020-07-01,0.875
2025.0,3.0,Asia,Model S,-0.3204915008955337,-0.45655903008670273,1.2146447333601225,82.0,486.0,631.39,Interpolated (Month),10154.0,2025-03-01,0.9942601308690162
2025.0,1.0,Middle East,Model Y,0.5056408986765558,0.681993719385171,0.8677634204562954,120.0,699.0,1248.97,Estimated (Region),9992.0,2025-01-01,0.8784012978393924
2024.0,11.0,Middle East,Model 3,0.34376875517381167,0.3141355423908563,0.3666954599488373,100.0,552.0,933.57,Official (Quarter),13106.0,2024-11-01,0.9400533600133401
2022.0,9.0,Europe,Model Y,1.4146152429611956,1.56020523191595,-0.9869560963020187,60.0,351.0,815.5,Official (Quarter),12600.0,2022-09-01,0.89521442607791
2018.0,3.0,North America,Model X,0.45913759842380514,0.3444186979953659,-0.9484262092165021,82.0,484.0,851.53,Official (Quarter),14164.0,2018-03-01,0.9674997937804174
2024.0,5.0,North America,Model S,-0.7527434884907733,-0.6258160470700472,-0.6703420177113975,120.0,667.0,696.35,Estimated (Region),9546.0,2024-05-01,0.8710888610763454
2019.0,2.0,Europe,Cybertruck,0.10083348172228371,0.1939419325497018,1.540105476814458,82.0,478.0,739.87,Interpolated (Month),7360.0,2019-02-01,0.8987110259536666
2016.0,8.0,Europe,Model Y,0.4555799688962723,0.2763402861712745,0.7277098654645919,100.0,577.0,1013.93,Interpolated (Month),3980.0,2016-08-01,0.9900278881095242
2015.0,12.0,Middle East,Model S,1.487292531880795,1.6841548920646408,0.9669470637443378,82.0,482.0,1140.53,Interpolated (Month),13137.0,2015-12-01,0.8847448121144139
2024.0,7.0,Middle East,Model S,-0.23409192665545048,-0.2044341531933435,0.4415593486561993,100.0,552.0,745.28,Estimated (Region),5532.0,2024-07-01,0.9198773633111906
2023.0,4.0,North America,Cybertruck,-0.2046144248558927,-0.16851692212752972,-0.5959890774550662,120.0,706.0,965.49,Official (Quarter),13085.0,2023-04-01,0.9173878043872007
2016.0,2.0,Europe,Model X,2.130461127179767,1.9285329151987067,-1.3456120870316435,120.0,676.0,1856.23,Estimated (Region),3685.0,2016-02-01,0.9700598802395209
2020.0,7.0,Europe,Cybertruck,-1.276985611012219,-1.2230280459682836,1.145529014726857,100.0,588.0,431.92,Official (Quarter),3465.0,2020-07-01,0.8991920675725303
2022.0,12.0,Asia,Cybertruck,-0.15785700820831827,-0.0222657132778437,-0.3090542448337099,82.0,472.0,658.51,Interpolated (Month),8725.0,2022-12-01,0.8806931161821797
2023.0,6.0,Middle East,Model X,-0.8454959726014508,-0.8244172070810174,-0.7357290055278978,60.0,358.0,354.15,Interpolated (Month),12144.0,2023-06-01,0.9231522956326987
2015.0,6.0,Middle East,Model X,-2.3201334117638117,-2.3146301665959563,-0.8567209028878084,75.0,439.0,52.15,Interpolated (Month),13742.0,2015-06-01,0.9949748743718593
2016.0,10.0,Middle East,Model X,-0.7448658802512363,-0.6309806162429094,-0.3537020934792834,60.0,332.0,348.15,Official (Quarter),10404.0,2016-10-01,0.8773845381526104
2017.0,10.0,Asia,Model Y,-0.7392753195651133,-0.7889694823036456,-1.38367973475971,60.0,335.0,352.4,Estimated (Region),4767.0,2017-10-01,0.9613433858807402
2016.0,1.0,Europe,Cybertruck,0.22052230368428127,0.062480171785939065,-1.52502656588914,120.0,674.0,1090.87,Official (Quarter),4914.0,2016-01-01,0.9879143014099981
2024.0,5.0,Asia,Cybertruck,0.34986754864958225,0.37493660674409657,-1.3174890468991265,75.0,432.0,732.18,Estimated (Region),7281.0,2024-05-01,0.9221415163633396
2021.0,7.0,Asia,Cybertruck,-2.314796967472512,-2.299371212221591,-1.6429905469419688,82.0,464.0,56.58,Official (Quarter),14712.0,2021-07-01,0.9442508710801394
2025.0,12.0,Middle East,Model 3,0.31378302058460633,0.3808054353496217,-1.688230360184019,82.0,459.0,768.16,Interpolated (Month),11194.0,2025-12-01,0.9086984850952924
2015.0,5.0,Asia,Cybertruck,-0.8935239712231442,-0.7922560263227397,1.1267839662033383,75.0,448.0,430.48,Interpolated (Month),11708.0,2015-05-01,0.8798241999725313
2023.0,9.0,North America,Model Y,-1.1346804299109057,-1.187580321190912,0.9493755067508617,75.0,420.0,343.79,Official (Quarter),3970.0,2023-09-01,0.9749865999642666
2015.0,2.0,Asia,Model Y,0.08939824395521387,0.24910892144163793,-1.2565390598825794,75.0,425.0,654.97,Interpolated (Month),4361.0,2015-02-01,0.876845608944269
2024.0,8.0,Europe,Model S,2.0610873513928767,1.8041137487615742,-0.5253782878678118,60.0,352.0,952.14,Official (Quarter),10295.0,2024-08-01,0.9832070225178562
2024.0,6.0,North America,Model S,-0.8030585346658806,-0.7807531222559104,-0.35042367326235824,75.0,437.0,443.25,Interpolated (Month),3667.0,2024-06-01,0.9225102319236016
2025.0,1.0,Middle East,Model 3,0.4848033543010063,0.5127367024018264,-0.6701576189999842,100.0,560.0,993.72,Official (Quarter),6926.0,2025-01-01,0.9213395638629284
2016.0,11.0,Europe,Model Y,-1.1428121545452665,-1.2258450836989356,-0.2666544699663585,60.0,338.0,275.05,Official (Quarter),8832.0,2016-11-01,0.9983437615016563
2021.0,2.0,Europe,Cybertruck,0.34503933714793056,0.24065780824968178,-0.17884340596628956,120.0,664.0,1123.49,Official (Quarter),14449.0,2021-02-01,0.9656707473675199
2022.0,6.0,Middle East,Model S,1.5470098846643818,1.500577933283815,1.1481110937182044,75.0,443.0,1063.86,Official (Quarter),5266.0,2022-06-01,0.9391130924448615
2017.0,12.0,Middle East,Model 3,-0.9448554829775465,-0.9572874867101061,1.3426681363005124,120.0,713.0,663.52,Estimated (Region),13910.0,2017-12-01,0.9431438127090301
2023.0,10.0,Europe,Model Y,1.522106477971652,1.6362652506435558,-0.3710475011097058,82.0,488.0,1164.76,Official (Quarter),9720.0,2023-10-01,0.902757290366504
2024.0,8.0,North America,Model X,1.4514621202106428,1.6029303041641731,0.9091929897045693,60.0,340.0,797.33,Interpolated (Month),8446.0,2024-08-01,0.8941889727751087
2015.0,1.0,North America,Model S,0.5244455118935151,0.6211926550319307,0.34785995168009676,82.0,457.0,821.64,Estimated (Region),4871.0,2015-01-01,0.9010675086453165
2022.0,12.0,North America,Model 3,-0.2231649216780282,-0.26570472383502575,0.3640979729789076,100.0,565.0,766.48,Estimated (Region),13917.0,2022-12-01,0.9496010079798404
2016.0,11.0,Middle East,Model 3,1.3515943770448995,1.259016947880401,-1.4855036097324563,60.0,342.0,781.86,Estimated (Region),6734.0,2016-11-01,0.9514326736999813
2019.0,8.0,North America,Model 3,0.6136403664766598,0.6695518027414576,0.7737036755940094,60.0,337.0,623.64,Interpolated (Month),11632.0,2019-08-01,0.9133106307373409
2019.0,8.0,Europe,Model Y,-0.5560573988971722,-0.666897847308723,-1.5379921313498315,100.0,556.0,645.02,Interpolated (Month),9969.0,2019-08-01,0.9896353166986565
2019.0,11.0,Europe,Model Y,0.6171979960041926,0.6195493830223836,-0.6910051110525502,120.0,669.0,1239.42,Interpolated (Month),6416.0,2019-11-01,0.928995863106431
2015.0,5.0,North America,Model X,-1.4523259234406232,-1.3936935818169542,1.5606820866629263,75.0,449.0,283.34,Official (Quarter),12040.0,2015-05-01,0.8915024369569824
2021.0,3.0,North America,Model 3,-0.5367445528905653,-0.5762831336394152,-1.6454414095995886,75.0,425.0,497.89,Interpolated (Month),12639.0,2021-03-01,0.9523228874527496
2023.0,11.0,Asia,Model Y,0.6215179747161967,0.41273186296367836,-0.39977045834377417,82.0,456.0,845.97,Estimated (Region),11524.0,2023-11-01,0.9962945062026743
2017.0,10.0,Middle East,Model 3,-0.44399206877988784,-0.5218204041801421,1.0797667680771572,75.0,418.0,512.57,Official (Quarter),7111.0,2017-10-01,0.9694059053717539
2021.0,8.0,Europe,Model Y,2.198056088202891,2.40109099451559,-1.563570866890104,82.0,485.0,1351.11,Official (Quarter),9580.0,2021-08-01,0.8892932388431335
2024.0,5.0,Asia,Model X,0.35596634212535283,0.5479496740349772,-1.5156967863421558,60.0,357.0,606.35,Interpolated (Month),12768.0,2024-05-01,0.8716705157813703
2019.0,5.0,Europe,Model 3,-0.5857890170915537,-0.5938896194559906,0.7944532524278467,120.0,701.0,800.93,Interpolated (Month),14848.0,2019-05-01,0.9373615555008614
2021.0,2.0,North America,Model S,-1.3476299687732283,-1.3127037470607075,0.6754032574007939,82.0,486.0,336.73,Official (Quarter),7108.0,2021-02-01,0.9121248025276462
2018.0,3.0,Asia,Model S,1.0141278047189277,0.9590024295659567,-1.191143622529437,75.0,440.0,918.26,Official (Quarter),7325.0,2018-03-01,0.9438301336408657
2022.0,11.0,Asia,Model Y,-0.3123597762611729,-0.17368149130039184,-1.5474809609983042,75.0,412.0,537.23,Official (Quarter),10936.0,2022-11-01,0.876663977410246
2021.0,12.0,Europe,Model Y,-2.124972020539153,-2.0833983195382664,-1.2953353558880887,120.0,718.0,168.01,Interpolated (Month),5767.0,2021-12-01,0.8759124087591241
2022.0,11.0,Europe,Model 3,0.9981184718450299,1.1550213049904958,-1.5902833314350475,120.0,661.0,1373.23,Interpolated (Month),7476.0,2022-11-01,0.8891884951206985
2025.0,11.0,North America,Model X,-1.5798923536421579,-1.5042623127450474,1.036476312641472,120.0,684.0,380.13,Interpolated (Month),4816.0,2025-11-01,0.8721751412429378
2023.0,5.0,North America,Model S,-0.6244147091047674,-0.5791001713700673,-0.015832459919465025,120.0,697.0,780.47,Interpolated (Month),9530.0,2023-05-01,0.9115887165710099
2016.0,12.0,Middle East,Model S,1.3022957964490873,1.3015072669844028,-0.022096051728697445,60.0,347.0,783.2,Estimated (Region),13386.0,2016-12-01,0.9288271604938272
2017.0,2.0,Middle East,Model X,1.5942755341016037,1.6691306908344965,1.6544326778904455,120.0,710.0,1724.87,Official (Quarter),3283.0,2017-02-01,0.9116289541821456
2018.0,6.0,North America,Model X,0.5335937021071709,0.6711950747510047,-1.4560177090428126,100.0,573.0,1033.29,Estimated (Region),10561.0,2018-06-01,0.8895301516833148
2023.0,6.0,Asia,Model 3,-0.49888121006182307,-0.5805086902353933,-0.7424598070102515,82.0,470.0,561.11,Interpolated (Month),14452.0,2023-06-01,0.9726261762189906
2016.0,9.0,North America,Cybertruck,1.2265691107916028,1.3343727071753435,1.3623992954532578,75.0,415.0,918.13,Interpolated (Month),11777.0,2016-09-01,0.9026315789473685
2016.0,8.0,North America,Cybertruck,-1.5687112322699117,-1.525155342580717,1.6791445903776077,120.0,675.0,379.59,Official (Quarter),10850.0,2016-08-01,0.9014186102428469
2024.0,5.0,Europe,Model Y,1.453495051369233,1.6210062962691905,-0.7243554321767899,75.0,425.0,997.18,Official (Quarter),14231.0,2024-05-01,0.8907237628836626
2021.0,10.0,Asia,Model Y,-0.16293933610479375,-0.17133395985818178,-0.098643883385566,100.0,593.0,825.54,Interpolated (Month),12153.0,2021-10-01,0.9350191416481967
2025.0,7.0,North America,Model S,-0.48566715753098677,-0.5722923301876581,0.3570798872507409,82.0,480.0,576.79,Interpolated (Month),6804.0,2025-07-01,0.974811389632514
2017.0,11.0,Europe,Model Y,1.520835895997533,1.311601652185906,0.2512037139110156,75.0,419.0,999.75,Estimated (Region),6343.0,2017-11-01,0.979314166102321
2020.0,3.0,North America,Model S,0.17173195587811665,0.3052149229104581,0.6419137674377513,75.0,414.0,658.14,Interpolated (Month),12394.0,2020-03-01,0.8864168618266979
2015.0,4.0,North America,Model X,0.47082695258569873,0.4592129855194373,-1.3946184054895612,82.0,471.0,831.9,Interpolated (Month),8681.0,2015-04-01,0.9336346336822074
2018.0,7.0,Asia,Model X,-0.9618812814307394,-1.0321737397166066,-1.1827249018450396,75.0,448.0,412.41,Estimated (Region),13555.0,2018-07-01,0.9805080683815306
2025.0,2.0,Europe,Model X,1.6450988130663586,1.6606795776425403,1.0449288314724354,100.0,551.0,1355.13,Official (Quarter),14808.0,2025-02-01,0.9247602932882121
2020.0,4.0,North America,Model X,-0.41629338174409647,-0.3213412190154039,0.6756721514786226,100.0,577.0,716.98,Estimated (Region),11394.0,2020-04-01,0.8919995692904059
2015.0,12.0,North America,Model Y,0.06678188481589799,0.16905809926227527,-1.3627959594027423,75.0,441.0,673.74,Official (Quarter),9495.0,2015-12-01,0.8953059071729957
2016.0,7.0,Asia,Model Y,1.126193134836212,1.0371752265915513,-1.6438608492160498,60.0,330.0,710.52,Estimated (Region),12980.0,2016-07-01,0.9522356375215603
2022.0,8.0,North America,Cybertruck,-1.5382172648910588,-1.4955764464088703,0.849435381417616,82.0,453.0,262.9,Official (Quarter),5653.0,2022-08-01,0.9029171528588098
2024.0,4.0,Asia,Cybertruck,-0.6424569731372554,-0.6856780988464035,1.6918114398664408,120.0,708.0,785.24,Interpolated (Month),4975.0,2024-04-01,0.9559146735617324
2025.0,7.0,Europe,Model Y,-0.9583236519032066,-1.0148020070442523,-0.06625929459629905,100.0,594.0,548.05,Interpolated (Month),9796.0,2025-07-01,0.9712616453497552
2024.0,7.0,Europe,Cybertruck,1.3360932769606493,1.2735716428221031,1.6859091900065273,100.0,590.0,1343.43,Interpolated (Month),4919.0,2024-07-01,0.9439711460730054
2025.0,10.0,Middle East,Model X,-0.26306119566536074,-0.15137994259939638,0.0473467136757523,60.0,353.0,470.57,Official (Quarter),5152.0,2025-10-01,0.88772350414544
2015.0,1.0,Europe,Cybertruck,-1.972248067250065,-1.9228271688910992,1.3782968501285708,120.0,695.0,225.28,Estimated (Region),14062.0,2015-01-01,0.8766734279918864
2023.0,2.0,North America,Cybertruck,0.10007113253781239,0.2746970141617275,-0.5826388095614,100.0,555.0,858.81,Interpolated (Month),9844.0,2023-02-01,0.8723152376120412
2022.0,8.0,Middle East,Model Y,-1.3148489538409616,-1.33899609921346,-1.1717345398322048,100.0,562.0,400.26,Estimated (Region),5698.0,2022-08-01,0.9588045234248789
2017.0,12.0,Europe,Model Y,0.9030789401809384,1.1113572201653887,1.3436015615836212,60.0,352.0,711.53,Official (Quarter),6329.0,2017-12-01,0.8756335282651072
2016.0,1.0,Middle East,Model S,1.6194330571891573,1.8212507282897077,0.2783346790354998,100.0,571.0,1395.67,Interpolated (Month),11703.0,2016-01-01,0.8849245139567721
2021.0,9.0,Middle East,Model X,0.16537904600752232,0.08501647363115553,1.6475970027474227,75.0,418.0,662.93,Estimated (Region),11799.0,2021-09-01,0.9596115447449628
2016.0,8.0,Europe,Cybertruck,0.7241809982250015,0.7028867492208404,-0.04863952554080928,120.0,669.0,1281.67,Estimated (Region),14348.0,2016-08-01,0.9356776556776557
2021.0,8.0,North America,Model 3,-1.0205821686350312,-1.1091727710210963,0.37027706942172456,60.0,341.0,302.09,Interpolated (Month),6584.0,2021-08-01,0.9957848592142977
2018.0,11.0,North America,Cybertruck,-0.36953596509652203,-0.4603150803942388,-0.3703924135042016,120.0,716.0,909.46,Interpolated (Month),4694.0,2018-11-01,0.9738930419781484
2023.0,6.0,Middle East,Model 3,0.21086588068097786,0.2596728129315832,0.13709272156673905,82.0,478.0,770.92,Official (Quarter),4394.0,2023-06-01,0.9141302499574903
2023.0,10.0,Asia,Model Y,1.3099192882938007,1.1930513143542985,0.5465890772370671,75.0,436.0,986.04,Official (Quarter),5513.0,2023-10-01,0.9579997458380989
2020.0,2.0,North America,Cybertruck,-0.0013213089968734618,-0.15325796775316441,-0.822494812142249,120.0,686.0,1020.46,Estimated (Region),4882.0,2020-02-01,0.9914025792262321
2023.0,2.0,Europe,Model 3,-0.8762440563751275,-0.8269994916674485,0.7877642015971335,100.0,598.0,580.72,Interpolated (Month),6124.0,2023-02-01,0.907612505257255
2018.0,1.0,Middle East,Cybertruck,-0.3222703156593001,-0.4377787785490223,-0.500237437138199,100.0,570.0,739.92,Official (Quarter),11109.0,2018-01-01,0.9844158798771471
2015.0,3.0,North America,Model S,1.1973457253868687,1.268641826793462,1.2196309540417771,60.0,349.0,766.09,Official (Quarter),9819.0,2015-03-01,0.9112079701120797
2018.0,8.0,Europe,Model Y,1.2796794373097715,1.017221209332766,0.5243275303759576,100.0,583.0,1308.08,Official (Quarter),12583.0,2018-08-01,0.9979318166655547
2017.0,3.0,Middle East,Cybertruck,-0.43992620646270747,-0.44012630999123237,0.569749257171585,82.0,455.0,559.04,Official (Quarter),6466.0,2017-03-01,0.932809475002847
2024.0,3.0,Asia,Model 3,0.3590157388632381,0.28760843709388273,-1.604575971180031,82.0,488.0,829.72,Official (Quarter),4675.0,2024-03-01,0.9540442723676458
2020.0,9.0,Asia,Model 3,0.0665277684210742,0.18056100332910452,0.1498987398943747,60.0,333.0,508.69,Official (Quarter),12193.0,2020-09-01,0.8913785557986871
2019.0,10.0,Europe,Model S,0.03933731417493039,0.17351840900247437,0.3981620314335762,60.0,334.0,504.86,Interpolated (Month),14548.0,2019-10-01,0.8843352347520842
2019.0,4.0,Asia,Model 3,-0.2719552694841928,-0.3150028841214368,1.3808312140894716,75.0,448.0,594.85,Official (Quarter),8321.0,2019-04-01,0.950397251449431
2016.0,7.0,Asia,Model X,-0.35860896011909976,-0.33213986364957016,0.3099747145371746,82.0,458.0,584.71,Interpolated (Month),7346.0,2016-07-01,0.921004220322476
2017.0,10.0,Europe,Model X,-0.1880968591923474,-0.3358959139571062,-0.26212850051588427,120.0,665.0,915.9,Interpolated (Month),10282.0,2017-10-01,0.9953387533875339
2016.0,6.0,Middle East,Model X,0.40704373748493144,0.20755761491452007,-0.8767547542649484,82.0,480.0,829.73,Estimated (Region),14901.0,2016-06-01,0.9986135181975736
2019.0,1.0,Europe,Model X,-0.767736355785376,-0.6549254369534518,1.475081322041977,120.0,690.0,714.25,Interpolated (Month),6934.0,2019-01-01,0.8773201118738876
2020.0,8.0,Asia,Model Y,-0.2615364972964181,-0.33190511050534915,-1.5019280178689491,75.0,413.0,550.92,Official (Quarter),5936.0,2020-08-01,0.9622376109067301
2019.0,4.0,Middle East,Model S,-0.08340090452495248,-0.0992647445823333,0.27092244727458226,60.0,359.0,516.64,Estimated (Region),5899.0,2019-04-01,0.9375549692172384
2016.0,12.0,Asia,Model S,2.707559459824558,2.4938184864828865,1.619064408603574,120.0,714.0,2203.8,Official (Quarter),11665.0,2016-12-01,0.9670097279007472
2020.0,10.0,Middle East,Model 3,0.7287550933318294,0.5859796833987799,0.2602993915898721,100.0,560.0,1074.36,Interpolated (Month),13339.0,2020-10-01,0.9724756690997567
2024.0,8.0,Europe,Model Y,-0.4777895492914498,-0.5746398616298681,0.6078730694667396,82.0,475.0,572.99,Official (Quarter),6533.0,2024-08-01,0.979775828460039
2021.0,6.0,Europe,Cybertruck,0.3564745749150004,0.5362120168239269,-1.6577563607388799,120.0,678.0,1151.75,Estimated (Region),14052.0,2021-06-01,0.875193199381762
2020.0,3.0,Middle East,Model 3,1.0659675492629774,1.1848349543065633,-0.7875594573503654,120.0,667.0,1412.41,Official (Quarter),6023.0,2020-03-01,0.8990001910462969
2023.0,9.0,Asia,Cybertruck,-1.1199416790111267,-1.1072947458673281,0.6160671318827848,82.0,490.0,405.35,Official (Quarter),6044.0,2023-09-01,0.9286075096817646
2021.0,6.0,Middle East,Model S,-0.266110592403246,-0.21875409499082477,-0.7324600289107486,60.0,337.0,448.63,Official (Quarter),11766.0,2021-06-01,0.912690250925545
2024.0,7.0,North America,Model 3,0.771954880451871,0.6514758106364403,0.9567961880484207,60.0,345.0,670.68,Estimated (Region),14135.0,2024-07-01,0.9649318740227831
2020.0,3.0,Asia,Model S,-0.7590963983613677,-0.8286427636769954,0.2722833197054409,82.0,457.0,475.39,Interpolated (Month),7274.0,2020-03-01,0.9731967443165871
2022.0,1.0,Middle East,Cybertruck,-0.5209893364114914,-0.6293373442333623,1.3737992114774247,100.0,569.0,671.88,Interpolated (Month),6760.0,2022-01-01,0.9870846394984326
2020.0,3.0,Asia,Model X,-0.10728784563838724,-0.24528120028779832,1.3310863067227683,75.0,415.0,591.38,Official (Quarter),11481.0,2020-03-01,0.9884507335344918
2025.0,3.0,Asia,Model Y,0.07567595863473008,0.037126832210070536,0.39800894571089374,100.0,552.0,846.22,Official (Quarter),9077.0,2025-03-01,0.9450712039948215
2015.0,4.0,Middle East,Cybertruck,-0.8925075056438491,-0.9176142053367563,-1.327703045604072,82.0,456.0,438.44,Estimated (Region),12138.0,2015-04-01,0.9500518749073662
2019.0,11.0,Asia,Model X,-2.3945895154471772,-2.3735532057954285,1.5569881480558634,120.0,694.0,51.95,Official (Quarter),9482.0,2019-11-01,0.9155963302752294
2018.0,5.0,Asia,Cybertruck,-1.1527226939433937,-1.2152811922089906,1.3380989251036963,60.0,342.0,276.3,Estimated (Region),7647.0,2018-05-01,0.9830260996532214
2022.0,9.0,Asia,Model X,0.5612923891429623,0.6751858782027618,-0.12646224316741891,60.0,351.0,638.7,Estimated (Region),11831.0,2022-09-01,0.8964676322790422
2024.0,8.0,Asia,Model Y,-0.29736690896657025,-0.4354312471068123,0.37176518193377367,75.0,430.0,564.5,Interpolated (Month),4269.0,2024-08-01,0.994432450857857
2023.0,10.0,Europe,Model S,0.34503933714793056,0.348644254591344,0.11715032399795386,120.0,676.0,1143.79,Interpolated (Month),13939.0,2023-10-01,0.9290832715591797
2015.0,7.0,Asia,Model Y,-0.3713147798602885,-0.43942205055856937,0.6360935277864179,100.0,588.0,746.26,Official (Quarter),10147.0,2015-07-01,0.963228597449909
2019.0,10.0,North America,Model S,0.10235818009122635,-0.059591463208983474,-1.2134374764424112,100.0,576.0,892.08,Estimated (Region),9909.0,2019-10-01,0.9925975773889637
2018.0,11.0,Asia,Model Y,0.5213961151556298,0.3200043709963814,0.6658204887861296,100.0,565.0,1014.8,Estimated (Region),3668.0,2018-11-01,0.9962559281138198
2018.0,11.0,Europe,Model Y,-0.18631804442858096,-0.24293366884558829,0.4765454006679317,120.0,681.0,938.66,Official (Quarter),4782.0,2018-11-01,0.9550982226379794
2018.0,6.0,North America,Model Y,1.533287599343898,1.7097429847847303,0.9908587554083872,75.0,422.0,1010.01,Estimated (Region),14290.0,2018-06-01,0.8894587212219187
2021.0,5.0,Asia,Model 3,0.10515346043428786,0.2812701021999156,-0.8016135219431163,60.0,331.0,513.18,Official (Quarter),11460.0,2021-05-01,0.8719419605196558
2020.0,1.0,Asia,Cybertruck,1.3289780179055837,1.409728466470286,-0.5577484627416309,60.0,358.0,813.66,Interpolated (Month),13946.0,2020-01-01,0.9094292059300162
2017.0,2.0,North America,Cybertruck,-1.448005944728619,-1.478908973169179,-0.45219138366801626,60.0,341.0,216.06,Interpolated (Month),3628.0,2017-02-01,0.9696969696969697
2025.0,11.0,Europe,Model Y,-0.36775715033275563,-0.3161766498425418,0.5397260653578512,75.0,416.0,528.84,Interpolated (Month),6826.0,2025-11-01,0.9104092813406381
2023.0,4.0,Middle East,Model 3,-1.4812951924505335,-1.5052013253219314,-1.7036721369122547,100.0,561.0,344.43,Estimated (Region),4652.0,2023-04-01,0.9644203581526861
2023.0,2.0,Middle East,Model Y,-1.7661596710479843,-1.7070890293519956,1.1490251347701945,75.0,416.0,185.45,Interpolated (Month),4297.0,2023-02-01,0.8782505910165485
2020.0,10.0,North America,Cybertruck,-0.4356062277507033,-0.43472698767414925,-0.499898461609402,75.0,424.0,522.03,Estimated (Region),14566.0,2020-10-01,0.9323034984098137
2018.0,9.0,Asia,Cybertruck,1.1023061937227772,0.9817734845553941,-0.869403160355224,60.0,358.0,765.76,Official (Quarter),6579.0,2018-09-01,0.9610459630677989
2018.0,6.0,Europe,Model Y,-0.5977324876482711,-0.5058571903731137,1.140017431678724,75.0,434.0,492.81,Interpolated (Month),7237.0,2018-06-01,0.8904834725326433
2025.0,9.0,Asia,Model 3,0.9056201041291762,0.7683828764585007,0.6257831049574452,75.0,434.0,877.94,Estimated (Region),9635.0,2025-09-01,0.9681958503840907
2022.0,1.0,North America,Model Y,0.5658664842497902,0.3627294432446043,0.6650346818784646,120.0,688.0,1253.78,Official (Quarter),4492.0,2022-01-01,0.9957380542578477
2024.0,6.0,Europe,Model 3,0.6670048093896522,0.8073518983991875,-0.9315122249863661,60.0,332.0,624.84,Official (Quarter),14753.0,2024-06-01,0.8901738205037247
2024.0,5.0,Asia,Model 3,0.0411161289386968,-0.10114276973610134,-1.1342916607840468,82.0,451.0,682.18,Interpolated (Month),10123.0,2024-05-01,0.9862102689486553
2024.0,3.0,Asia,Model Y,0.41771662606752996,0.5233005938917716,-0.045613100328429135,82.0,465.0,806.73,Official (Quarter),8020.0,2024-03-01,0.8976329064804036
2017.0,9.0,Asia,Model X,-1.0137210259747893,-1.104242954992455,-0.48100032736320075,82.0,483.0,429.85,Estimated (Region),9794.0,2017-09-01,0.9968077956989247
2015.0,9.0,Asia,Model X,-0.5115870298030117,-0.5727618364761001,-0.4139711472488343,82.0,475.0,563.52,Official (Quarter),6216.0,2015-09-01,0.9626338851022396
2015.0,2.0,Middle East,Model Y,0.31759476650696294,0.12304648299495832,-1.175518441152923,100.0,577.0,966.94,Official (Quarter),11302.0,2015-02-01,0.9992844364937388
2025.0,7.0,North America,Model 3,-0.9491754616895507,-0.9316993939900166,0.668860333850823,100.0,571.0,529.92,Official (Quarter),13248.0,2025-07-01,0.9252280544339764
2017.0,12.0,Asia,Model Y,-0.1741204574770398,-0.2842502222284851,1.6331468039956527,100.0,572.0,792.53,Interpolated (Month),9018.0,2017-12-01,0.9779777660137638
2015.0,5.0,Asia,Model S,0.9063824533136474,0.68645402912537,-0.7574721484644694,120.0,717.0,1450.74,Interpolated (Month),13683.0,2015-05-01,0.993298969072165
2020.0,1.0,Europe,Model S,1.6824539231054534,1.6998833527274482,-0.4844899859961656,75.0,415.0,1029.8,Estimated (Region),5320.0,2020-01-01,0.9243448622674191
2024.0,11.0,Europe,Model Y,-1.1054570445061718,-1.1518978432693192,-0.4326068488275801,100.0,563.0,470.56,Official (Quarter),4059.0,2024-11-01,0.9692120368759785
2022.0,8.0,Europe,Model X,-1.2253999828629931,-1.1716171073838835,-0.35414395454248027,75.0,422.0,322.83,Official (Quarter),7505.0,2022-08-01,0.9002647837599294
2019.0,10.0,Middle East,Model S,0.03933731417493039,0.03149275674876642,-0.02909972354141712,82.0,485.0,733.1,Interpolated (Month),12983.0,2019-10-01,0.933920296570899
2020.0,7.0,North America,Cybertruck,-0.15302879670666658,-0.1671084032622037,-1.7103144667756556,82.0,484.0,676.63,Interpolated (Month),7317.0,2020-07-01,0.9372485921158488
2015.0,11.0,Middle East,Model 3,2.588124754257384,2.802518871133508,-0.5249001435002131,120.0,700.0,2111.23,Interpolated (Month),9788.0,2015-11-01,0.8899265291670355
2017.0,2.0,Asia,Model S,0.06119132412977495,-0.020152934979854653,1.1718155232187522,82.0,451.0,687.53,Official (Quarter),7549.0,2017-02-01,0.9614947965941344
2022.0,1.0,North America,Model S,2.7304299353586976,3.0196655295379373,-1.5639714743332278,82.0,474.0,1469.42,Interpolated (Month),13243.0,2022-01-01,0.8787363408308176
2017.0,1.0,Middle East,Cybertruck,0.9084153844722377,0.8460861671956533,1.6192368785573752,75.0,415.0,840.19,Official (Quarter),11244.0,2017-01-01,0.9464936886395512
2024.0,2.0,North America,Model Y,-0.7814586411058598,-0.6535169180881258,-0.22823740904658463,120.0,702.0,720.99,Interpolated (Month),5191.0,2024-02-01,0.8697916666666666
2022.0,9.0,Middle East,Model 3,1.0682545968163915,0.8190895556102378,-1.6202707369759466,82.0,485.0,1027.67,Estimated (Region),11208.0,2022-09-01,0.9986567691763875
2020.0,10.0,Europe,Model Y,-1.7786113743943492,-1.717887673986162,1.1961139054420455,75.0,439.0,192.48,Estimated (Region),3935.0,2020-10-01,0.8756740563211504
2021.0,4.0,Middle East,Cybertruck,0.07720065700367272,-0.028838801316031833,-1.0008660217402963,82.0,479.0,734.74,Interpolated (Month),5636.0,2021-04-01,0.9708535080224058
2024.0,12.0,Middle East,Model Y,-0.9080086057280993,-0.8497705466568859,1.0854801459415542,120.0,684.0,651.41,Interpolated (Month),11957.0,2024-12-01,0.9023592950540079
2023.0,8.0,Middle East,Model 3,0.2418680808494783,0.38010117591695863,-1.4680533284413653,60.0,333.0,543.16,Official (Quarter),8942.0,2023-08-01,0.8858655804480652
2021.0,6.0,North America,Model S,-0.15480761147043298,-0.1232095652928758,1.6609870331664605,120.0,691.0,965.29,Official (Quarter),13863.0,2021-06-01,0.9192577238179844
2020.0,1.0,Middle East,Model X,2.453443065000784,2.4783247789643004,0.8487897374118878,60.0,338.0,992.55,Interpolated (Month),9779.0,2020-01-01,0.9228774807900816
2020.0,11.0,Middle East,Model 3,-0.32074561729035744,-0.40960840124250175,-1.0030738359615792,75.0,413.0,536.49,Interpolated (Month),13760.0,2020-11-01,0.971832566490854
2024.0,3.0,Middle East,Model Y,0.2710914662542123,0.44583205629884004,1.7398669369363997,82.0,466.0,768.13,Interpolated (Month),6585.0,2024-03-01,0.875268817204301
2021.0,12.0,Middle East,Model 3,-0.41629338174409647,-0.36594431641739483,0.7328561303108693,100.0,579.0,719.47,Interpolated (Month),7286.0,2021-12-01,0.9106298779817522
2019.0,12.0,Middle East,Model X,1.0768945542403998,1.2348373740256373,0.22259755909522866,120.0,705.0,1497.42,Estimated (Region),11563.0,2019-12-01,0.8896707715506409
2021.0,6.0,North America,Model X,-0.5039635379582985,-0.4138339578384798,0.36776904813388217,60.0,335.0,398.93,Official (Quarter),8937.0,2021-06-01,0.8927246148656246
2018.0,12.0,Asia,Model Y,0.489631565802658,0.5850406708218959,0.9431134060363306,82.0,490.0,870.9,Interpolated (Month),9882.0,2018-12-01,0.9012017036811683
2018.0,2.0,Asia,Model S,1.0784192526093426,1.2961079446673196,-0.3425780299748853,100.0,589.0,1251.57,Official (Quarter),6191.0,2018-02-01,0.8756877047660259
2015.0,12.0,Asia,Cybertruck,-1.252590437109137,-1.1774859359894088,-0.08860334869755569,100.0,598.0,447.87,Official (Quarter),5226.0,2015-12-01,0.8852836879432624
2018.0,1.0,Asia,Model X,-1.5247490959653989,-1.4648237845159187,-0.9652666327746997,120.0,682.0,401.22,Official (Quarter),12700.0,2018-01-01,0.8881340579710145
2025.0,12.0,Asia,Model X,0.9526316371715743,1.0921074623392664,-0.8404461012530281,60.0,348.0,713.63,Estimated (Region),8520.0,2025-12-01,0.8930624510060099
2019.0,10.0,Middle East,Model 3,-1.6988188264196842,-1.6857264932278841,0.257797334680836,120.0,674.0,327.26,Official (Quarter),12527.0,2019-10-01,0.9315107913669065
2024.0,6.0,Europe,Model S,-0.012248313974295745,0.13454938706178757,1.7065852061684263,100.0,593.0,878.29,Official (Quarter),14973.0,2024-06-01,0.8793303054590792
2020.0,1.0,Europe,Cybertruck,-0.44119678843682636,-0.3922366685701474,1.1336718296609118,60.0,342.0,419.94,Interpolated (Month),3877.0,2020-01-01,0.9110740122426266
2019.0,6.0,Europe,Model S,1.1091673363830192,1.311132145897464,-0.2071722171676071,75.0,413.0,885.08,Interpolated (Month),7347.0,2019-06-01,0.8796872113786097
2023.0,12.0,Middle East,Model 3,-0.18276041490104813,-0.05395738774767936,0.8040350269793765,60.0,334.0,461.07,Interpolated (Month),9789.0,2023-12-01,0.8826971033953578
2019.0,6.0,North America,Model X,-0.8958110187765581,-0.7901432480247507,-1.6492615942247082,82.0,479.0,459.62,Estimated (Region),11703.0,2019-06-01,0.8775034293552813
2019.0,11.0,Europe,Model X,0.264738556383618,0.32657745903456953,1.7063804291627607,120.0,675.0,1110.1,Official (Quarter),11064.0,2019-11-01,0.9101021001079107
2021.0,3.0,Asia,Model X,0.362573368390771,0.22586836016375847,-0.1496601975010407,100.0,580.0,987.36,Estimated (Region),11302.0,2021-03-01,0.976846273024617
2024.0,1.0,Middle East,Cybertruck,-0.04223404856350108,-0.15137994259939638,0.42865988839393904,60.0,330.0,482.92,Interpolated (Month),7794.0,2024-01-01,0.9745280191789032
2018.0,9.0,North America,Cybertruck,0.026885610828565457,0.08055616389095643,0.041382334869944755,60.0,333.0,500.9,Estimated (Region),6744.0,2018-09-01,0.9117192472042913
2015.0,8.0,North America,Model Y,1.182352858092266,1.3787410514331133,1.008698709448125,120.0,669.0,1462.6,Estimated (Region),6740.0,2015-08-01,0.8817835319741061
2025.0,10.0,Asia,Model 3,1.390474185452937,1.113000492174936,0.21323398140167799,120.0,695.0,1604.82,Official (Quarter),14664.0,2025-10-01,0.9998051568487367
2018.0,7.0,Asia,Model S,0.46167876237204286,0.6122720355515325,-1.527583296270563,100.0,584.0,1028.34,Interpolated (Month),4679.0,2018-07-01,0.8850271411338962
2017.0,12.0,Middle East,Model X,1.7957898351968566,1.6742952600073586,0.6693310227449147,82.0,462.0,1177.34,Estimated (Region),5287.0,2017-12-01,0.955082077805262
2025.0,6.0,Europe,Model X,-0.1781863197942202,-0.13306919735015799,1.1887106202493363,120.0,668.0,923.94,Official (Quarter),13264.0,2025-06-01,0.9139657052235107
2016.0,2.0,North America,Cybertruck,1.0324241851462395,0.9935111417664444,-0.8696730484961865,100.0,580.0,1216.69,Interpolated (Month),11481.0,2016-02-01,0.9393471252015045
2015.0,4.0,Middle East,Model S,0.0411161289386968,0.18713409136729264,-1.4173983562752088,100.0,565.0,854.62,Estimated (Region),14400.0,2015-04-01,0.8804679996507465
2016.0,8.0,Middle East,Model S,-1.5692194650595594,-1.5608378205023097,1.4283727805189967,120.0,692.0,388.94,Estimated (Region),8973.0,2016-08-01,0.9351135512852509
2024.0,5.0,North America,Model X,1.0311536031721205,1.1083054292905157,1.2947368971223412,100.0,593.0,1243.52,Interpolated (Month),9947.0,2024-05-01,0.909150029264486
2025.0,4.0,Asia,Model 3,-0.37715945694123526,-0.23589107451895813,0.48731011034928007,100.0,592.0,749.29,Interpolated (Month),9480.0,2025-04-01,0.8743135426380686
2016.0,8.0,Middle East,Model 3,0.32343944358790977,0.4505271191832601,-0.4114397654773365,60.0,353.0,592.78,Interpolated (Month),14573.0,2016-08-01,0.890258449304175
2020.0,9.0,Europe,Model S,-1.751929152937853,-1.71507063625551,-1.5542033129440165,82.0,486.0,220.74,Official (Quarter),8499.0,2020-09-01,0.9038805970149254
2024.0,3.0,North America,Model 3,-0.5204811036218439,-0.6521083992227997,-0.011193167271681233,60.0,333.0,393.31,Estimated (Region),12052.0,2024-03-01,0.9994922569179995
2022.0,12.0,North America,Model Y,1.096969749431478,1.0667541227633979,-0.6037959522803008,75.0,430.0,918.42,Interpolated (Month),12824.0,2022-12-01,0.9367763157894737
2017.0,6.0,Middle East,Model S,0.28735491552293385,0.1897163759537237,-0.9890376645052458,75.0,422.0,699.65,Official (Quarter),5970.0,2017-06-01,0.9641486392184229
2023.0,10.0,Europe,Cybertruck,-1.4871398695314804,-1.481726010899831,0.5149122613994229,100.0,597.0,364.47,Official (Quarter),12534.0,2023-10-01,0.9369244935543278
2020.0,5.0,Middle East,Model 3,-0.17361222468739226,-0.1917574834054092,1.0472996720477439,100.0,586.0,812.11,Official (Quarter),8115.0,2020-05-01,0.9390181929057831
2022.0,8.0,North America,Model 3,1.3909824182425845,1.4904835480823118,0.3066729338365926,120.0,709.0,1637.36,Interpolated (Month),3867.0,2022-08-01,0.9053807703616583
2018.0,8.0,Asia,Model X,0.3613027864166521,0.26366361638334024,-0.9673114206419574,82.0,456.0,775.93,Official (Quarter),13309.0,2018-08-01,0.963069870107819
2021.0,6.0,Europe,Model Y,-1.8139335532748537,-1.8362032586735484,0.7127253577781343,60.0,349.0,145.74,Interpolated (Month),7487.0,2021-06-01,0.9823570924488356
2015.0,2.0,Middle East,Model 3,-1.2375975698145343,-1.186406555469807,1.386239911603205,75.0,445.0,337.22,Official (Quarter),12358.0,2015-02-01,0.9018207782934666
2024.0,4.0,Europe,Model S,-0.11516545387792423,-0.021326700700959676,1.4937423722306473,100.0,563.0,799.66,Official (Quarter),7018.0,2024-04-01,0.8962612399432087
2023.0,12.0,North America,Model Y,-0.11084547516592008,-0.18354112335767406,-0.6821152044424941,75.0,435.0,618.96,Estimated (Region),8259.0,2023-12-01,0.9607048815069881
2024.0,5.0,Europe,Cybertruck,-0.2950798614131563,-0.39411469372391544,-1.5883543519229362,75.0,429.0,563.77,Interpolated (Month),12614.0,2024-05-01,0.97593850952434
2019.0,1.0,Middle East,Model X,0.834975746368167,0.9514903289508845,-0.7541489954065003,60.0,339.0,671.63,Estimated (Region),14095.0,2019-01-01,0.8979536338296281
2021.0,7.0,Asia,Model 3,-0.2427318840794588,-0.3694656135807099,-1.0967145832127576,60.0,352.0,473.46,Interpolated (Month),3263.0,2021-07-01,0.9873375908390223
2019.0,9.0,North America,Model X,-2.030948954454357,-2.010155338541313,1.4545916927177593,60.0,354.0,102.48,Interpolated (Month),8413.0,2019-09-01,0.9221213569039656
2022.0,11.0,Asia,Model X,-0.6416946239527841,-0.6420140140212965,0.6208709419792954,60.0,356.0,395.0,Estimated (Region),11990.0,2022-11-01,0.9338467365231663
2017.0,10.0,Middle East,Model S,0.5069114806506746,0.39348210513755594,-1.2838231107297462,60.0,337.0,602.4,Official (Quarter),7263.0,2017-10-01,0.9663477132662991
2018.0,1.0,Europe,Model Y,-1.9196459735215436,-1.9416074204287797,-1.5514229183573758,100.0,584.0,207.44,Official (Quarter),8495.0,2018-01-01,0.9928721174004193
2016.0,9.0,Asia,Model X,0.3076842271088358,0.20098452687633195,1.1772460901214403,100.0,563.0,940.18,Estimated (Region),10714.0,2016-09-01,0.967077831827658
2021.0,4.0,Middle East,Model 3,-0.34869842072097257,-0.4556200175098187,-0.105124677989643,120.0,695.0,891.34,Estimated (Region),3371.0,2021-04-01,0.9810671256454389
2021.0,11.0,Europe,Cybertruck,-0.5329328069682088,-0.5950633851770956,1.0857053012414735,60.0,358.0,420.2,Interpolated (Month),4631.0,2021-11-01,0.9635512867873415
2018.0,6.0,Europe,Model S,-2.4888666979267975,-2.4679239697722726,1.5721088423917198,82.0,451.0,8.66,Official (Quarter),14790.0,2018-06-01,0.8951048951048951
2017.0,7.0,Middle East,Model 3,-0.7016660931311948,-0.7938992983322867,-0.9613609587200304,100.0,575.0,617.64,Estimated (Region),10293.0,2017-07-01,0.9844652185867473
2015.0,6.0,Asia,Cybertruck,-0.6915014373382438,-0.5896640628600125,1.468913657325205,75.0,414.0,447.18,Estimated (Region),6322.0,2015-06-01,0.8842092337917485
2016.0,9.0,Middle East,Model X,-0.9710294716443952,-0.8596301787141681,-1.3497836729747388,60.0,342.0,312.98,Estimated (Region),3504.0,2016-09-01,0.8723191306834429
2021.0,10.0,Europe,Model S,-0.06281747654422679,-0.0948044348421342,0.05203918870122155,82.0,483.0,700.95,Official (Quarter),7483.0,2021-10-01,0.9437182988685134
2025.0,10.0,Europe,Model Y,-0.305498633600931,-0.26640898326768875,0.6596896044053263,100.0,575.0,752.1,Official (Quarter),8707.0,2025-10-01,0.9158701817036026
2015.0,5.0,Europe,Cybertruck,0.032476171514688484,0.08032141074673543,0.6856585097258129,75.0,429.0,646.72,Estimated (Region),10530.0,2015-05-01,0.9138025095471904
2023.0,9.0,North America,Model X,1.3152557325851,1.0735619639458072,1.497595857970766,82.0,460.0,1041.76,Interpolated (Month),14996.0,2023-09-01,0.9913979906756846
2018.0,2.0,Asia,Model Y,0.3869685422938533,0.30897097321799416,0.16624511407482478,60.0,342.0,587.13,Estimated (Region),4922.0,2018-02-01,0.9559806214500501
2021.0,10.0,Asia,Model S,-1.719148138005586,-1.7167139082650569,-0.38588737261012246,100.0,564.0,267.08,Official (Quarter),6222.0,2021-10-01,0.944361352078971
2015.0,1.0,Asia,Model 3,-0.2864399039891479,-0.3499811026103665,0.1531547936907782,82.0,456.0,601.58,Official (Quarter),12626.0,2015-01-01,0.9596290234588107
2016.0,3.0,North America,Cybertruck,1.0176854342464605,1.022385778505628,-0.06782544106439115,75.0,413.0,862.78,Estimated (Region),7094.0,2016-03-01,0.9277862900539604
2019.0,6.0,Europe,Model 3,0.569424113777323,0.5505319586214082,-1.5432944641081943,75.0,428.0,780.86,Estimated (Region),8628.0,2019-06-01,0.9355434197369433
2019.0,12.0,Asia,Model 3,0.3297923534585041,0.4167226664154354,-1.435319823491959,60.0,343.0,577.27,Estimated (Region),5087.0,2019-12-01,0.9025822540423136
2021.0,1.0,North America,Model S,0.05509253065400438,0.06717523467035916,1.0852649312729779,60.0,352.0,535.34,Estimated (Region),10965.0,2021-01-01,0.9266130506305977
2025.0,4.0,Asia,Model Y,-0.04350463053761995,-0.024143738431611737,-1.7227899591111364,100.0,552.0,807.38,Interpolated (Month),5410.0,2025-04-01,0.9240026532739505
2025.0,4.0,Asia,Model X,0.3709592094199555,0.4035764903390591,1.281039701194804,82.0,490.0,836.58,Official (Quarter),11104.0,2025-04-01,0.9197575757575758
2024.0,12.0,Europe,Model Y,-0.828470174148258,-0.7495309540745168,1.4487490866459034,82.0,482.0,481.66,Official (Quarter),12869.0,2024-12-01,0.8926705078386707
2021.0,7.0,Europe,Model Y,1.2672277339634066,1.1118267264538308,0.32076874908098474,75.0,446.0,997.41,Estimated (Region),12573.0,2021-07-01,0.9686200623700624
2024.0,6.0,Europe,Cybertruck,-0.19114625593023268,-0.2236839110194659,-1.089247677979454,120.0,707.0,972.48,Interpolated (Month),7992.0,2024-06-01,0.9450685355044831
2022.0,1.0,Europe,Model X,1.3505779114656045,1.5714733828385583,-1.343578233858863,75.0,416.0,950.79,Estimated (Region),6996.0,2022-01-01,0.8782132564841498
2018.0,7.0,Asia,Model 3,0.5028456183334943,0.46649033299028847,0.17365535770947332,75.0,427.0,762.26,Estimated (Region),9235.0,2018-07-01,0.9413113976113264
2024.0,3.0,Europe,Model X,-0.04528344530138637,-0.037524667652209014,-1.2801500474485028,82.0,459.0,670.87,Interpolated (Month),10874.0,2024-03-01,0.9283536585365854
2018.0,9.0,Middle East,Model S,1.496186605699627,1.641664572960639,-0.3672471977472725,120.0,668.0,1584.16,Official (Quarter),3128.0,2018-09-01,0.8958014618391977
2017.0,1.0,Middle East,Model 3,-0.3136303582352918,-0.2053731657702275,-1.7217148798313897,75.0,421.0,548.65,Estimated (Region),11890.0,2017-01-01,0.8882527348941825
2022.0,6.0,North America,Model X,1.3236415736142844,1.2738063959663242,-1.0600570140406973,75.0,423.0,960.06,Official (Quarter),9061.0,2022-06-01,0.940865563984579
2016.0,5.0,Middle East,Model S,1.759451190737057,1.982291385225317,1.5888155644583533,60.0,353.0,892.0,Interpolated (Month),6784.0,2016-05-01,0.8819895287958115
2017.0,2.0,Middle East,Model S,0.7495926377073788,0.8693267284735329,1.0732675833050958,82.0,455.0,878.51,Estimated (Region),6186.0,2017-02-01,0.8964412563548994
2020.0,8.0,Europe,Model Y,-1.3506793655111136,-1.3270236888581888,0.48266634441739215,82.0,473.0,326.87,Interpolated (Month),11859.0,2020-08-01,0.9208474915050969
2019.0,3.0,Middle East,Model S,0.6001721975509997,0.5042855892098702,-0.7642735284293585,75.0,427.0,786.79,Official (Quarter),14985.0,2019-03-01,0.9593876913464542
2025.0,4.0,Middle East,Cybertruck,0.4121260653814069,0.22563360701953744,0.3064447963472706,75.0,422.0,730.74,Official (Quarter),3389.0,2025-04-01,0.9937161057071533
2022.0,6.0,North America,Model 3,-0.7893362493453968,-0.7009370532207688,-1.169101763621008,82.0,486.0,496.89,Official (Quarter),11241.0,2022-06-01,0.8886571056062581
2022.0,6.0,Europe,Model S,0.603221594288885,0.685984522836928,-0.31044493915859717,82.0,486.0,896.38,Estimated (Region),6575.0,2022-06-01,0.9055825600235675
2023.0,8.0,Asia,Model S,-0.6915014373382438,-0.71290946357604,0.3532323658894277,60.0,345.0,372.65,Interpolated (Month),11334.0,2023-08-01,0.9451371571072319
2016.0,6.0,Middle East,Model 3,0.785423049377531,0.8449124014745483,0.9131051251696115,120.0,669.0,1305.85,Interpolated (Month),8538.0,2016-06-01,0.912872676253946
2025.0,6.0,Asia,Cybertruck,-0.32633617797648046,-0.4286234059244031,0.7075323719645448,82.0,480.0,621.94,Estimated (Region),11090.0,2025-06-01,0.9782559456398641
2020.0,6.0,Asia,Model X,-0.5601232612143526,-0.6492913614921477,0.0393459965393293,60.0,343.0,397.09,Interpolated (Month),13809.0,2020-06-01,0.9782002534854246
2021.0,10.0,Middle East,Model S,0.180371913302125,0.2714104701426334,0.15366027479457028,60.0,345.0,550.21,Official (Quarter),7173.0,2021-10-01,0.900101591601761
2017.0,4.0,Asia,Model S,-2.4156811762175505,-2.392098704188888,1.1730178425796898,75.0,424.0,26.46,Official (Quarter),11323.0,2017-04-01,0.8927038626609443
2020.0,2.0,Europe,Model X,0.12217925888748073,0.14300050025374372,-1.3357922343594484,60.0,333.0,519.63,Official (Quarter),9354.0,2020-02-01,0.923479804704838
2024.0,10.0,Middle East,Cybertruck,0.4011990604039846,0.38409197936871575,0.33028441843408335,60.0,338.0,583.1,Estimated (Region),10750.0,2024-10-01,0.9356492027334852
2018.0,12.0,Middle East,Model X,0.9480575420647464,0.7909191783037172,-0.23773419120013203,75.0,418.0,856.04,Estimated (Region),11479.0,2018-12-01,0.973475935828877
2022.0,5.0,Asia,Model Y,-1.2891831979637602,-1.2258450836989356,-0.4480809326076807,75.0,436.0,317.12,Interpolated (Month),11704.0,2022-05-01,0.8923444976076556
2023.0,12.0,North America,Model 3,-1.2248917500733456,-1.2389912597753119,1.2300363099000757,75.0,433.0,331.37,Interpolated (Month),11614.0,2023-12-01,0.9486798066195612
2019.0,3.0,Europe,Model Y,0.01011392877019637,-0.10020375715921731,1.365468465380413,75.0,429.0,641.05,Estimated (Region),11516.0,2019-03-01,0.9738977417147326
2019.0,7.0,Asia,Model X,-0.4046040275822029,-0.5079699686711028,0.5036266626357009,75.0,419.0,523.54,Estimated (Region),4171.0,2019-07-01,0.9809232218558643
2024.0,10.0,Asia,Model Y,-0.19622858382670816,-0.13353870363860001,1.5379578034127999,82.0,478.0,656.05,Official (Quarter),13455.0,2024-10-01,0.907108159016556
2019.0,2.0,Middle East,Model 3,-0.22697666760038482,-0.32861856648625504,-0.5005868503299059,82.0,467.0,632.48,Official (Quarter),3688.0,2019-02-01,0.9754753673293
2021.0,12.0,Middle East,Cybertruck,0.7338374212283049,0.6603964301168385,-0.3060874634093877,60.0,351.0,674.45,Estimated (Region),9138.0,2021-12-01,0.9510728339149157
2015.0,8.0,Asia,Model Y,1.387170672320228,1.3533877118572448,-1.3410249826984102,60.0,359.0,828.27,Estimated (Region),13066.0,2015-08-01,0.9366664636745631
2017.0,6.0,North America,Model S,-0.2145249642540199,-0.13471246935970504,0.7162955355249774,82.0,468.0,637.28,Official (Quarter),7158.0,2017-06-01,0.9004165840111089
2021.0,2.0,Asia,Model S,0.28837138110222893,0.3096752326506572,1.5035681892816481,75.0,412.0,683.32,Official (Quarter),11978.0,2021-02-01,0.9233402922755741
2017.0,12.0,North America,Model Y,0.354695760151234,0.4747066930380236,-0.37082483096762253,82.0,481.0,816.59,Estimated (Region),4505.0,2017-12-01,0.8927275595519798
2020.0,1.0,Asia,Model X,0.17757663295906348,0.0159990492301801,-0.11464283250057754,75.0,421.0,670.72,Official (Quarter),8637.0,2020-01-01,0.9903953748601269
2018.0,9.0,Middle East,Model 3,0.4507517573946206,0.396064389723987,-0.4922541161066252,60.0,340.0,596.5,Official (Quarter),9246.0,2018-09-01,0.9475816252126712
2017.0,1.0,Europe,Model X,0.23653163655817905,0.06529720951659113,-1.4813633367780918,120.0,684.0,1113.52,Official (Quarter),6543.0,2017-01-01,0.9925919151271264
2017.0,4.0,Middle East,Cybertruck,1.4654385219259503,1.5733514079923265,-1.1528572809118243,75.0,441.0,1037.83,Interpolated (Month),10005.0,2017-04-01,0.9038483696278373
2019.0,10.0,North America,Model 3,-0.018855340239713872,0.034075041335197474,-1.6759656092330102,75.0,448.0,661.79,Interpolated (Month),3535.0,2019-10-01,0.9117674289417647
2019.0,8.0,Middle East,Cybertruck,1.7741899416368359,1.5921316595300068,-0.9114023277794522,100.0,581.0,1473.18,Official (Quarter),12959.0,2019-08-01,0.9693772221585044
2017.0,2.0,Asia,Model X,-2.458118614153121,-2.438579826744647,0.3355897333818494,75.0,412.0,15.39,Official (Quarter),8569.0,2017-02-01,0.9291044776119403
2017.0,8.0,Asia,Model Y,-2.2222985997566584,-2.216268599167355,0.567140835507178,120.0,689.0,121.64,Interpolated (Month),3063.0,2017-08-01,0.968724279835391
2024.0,6.0,Middle East,Model 3,0.896726030310344,0.7010087240670724,-0.6189946805722002,82.0,466.0,940.22,Interpolated (Month),10471.0,2024-06-01,0.9859991203635831
2021.0,12.0,North America,Cybertruck,-1.2452210616592474,-1.2781950348602198,-1.131109167659581,60.0,358.0,269.68,Official (Quarter),13255.0,2021-12-01,0.9637305699481865
2019.0,3.0,Asia,Model X,0.4220366047795341,0.39418636457021894,0.12826544093414358,100.0,573.0,995.56,Official (Quarter),7670.0,2019-03-01,0.9390352655046615
2023.0,1.0,Asia,Model 3,-0.8292325233327293,-0.7215953299122172,-0.35169508001112965,120.0,697.0,696.2,Estimated (Region),12357.0,2023-01-01,0.8782643102083882
2019.0,10.0,Asia,Model S,-0.5240387331493767,-0.4840251479605603,-0.4961682396979364,82.0,483.0,569.46,Estimated (Region),5804.0,2019-10-01,0.9145915755178031
2025.0,4.0,Middle East,Model 3,1.123906087282798,1.0820130771377632,0.49559115328957676,82.0,490.0,1054.36,Interpolated (Month),13075.0,2025-04-01,0.939731411726171
2015.0,6.0,Middle East,Model 3,-0.26001179892747545,-0.21875409499082477,-0.4514731730534837,100.0,573.0,764.87,Estimated (Region),11969.0,2015-06-01,0.915158371040724
2018.0,2.0,North America,Model S,-0.5451303939197499,-0.567597267303238,-1.1025561952214793,100.0,557.0,649.77,Estimated (Region),12927.0,2018-02-01,0.9440398154891964
2025.0,2.0,Middle East,Model Y,-0.6053559794929844,-0.5049181777962297,0.2538558743533314,82.0,469.0,530.44,Estimated (Region),4795.0,2025-02-01,0.8865373309817755
2023.0,3.0,Asia,Cybertruck,-0.45898493607449053,-0.42439784932842506,0.37450581399504224,75.0,426.0,518.61,Estimated (Region),13853.0,2023-03-01,0.9172694394213382
2019.0,7.0,North America,Model 3,0.4133966473555258,0.46109101067320535,0.9838744678267871,120.0,702.0,1216.11,Official (Quarter),13013.0,2019-07-01,0.91513470681458
2022.0,7.0,Asia,Model S,0.785423049377531,0.7263620636429409,-0.12177424142605456,60.0,332.0,648.05,Estimated (Region),10307.0,2022-07-01,0.9464
2018.0,6.0,Asia,Model S,0.49395154451466217,0.4571002072214483,1.5979003074427331,60.0,346.0,615.85,Interpolated (Month),10261.0,2018-06-01,0.941521859874633
2015.0,6.0,Middle East,Cybertruck,1.15770356779436,1.0343581888608993,-0.4223501054078597,75.0,413.0,896.91,Official (Quarter),6864.0,2015-06-01,0.9612269286947285
2017.0,9.0,Middle East,Model 3,0.16690374437646496,0.26366361638334024,-0.19616694420775724,75.0,439.0,696.63,Estimated (Region),7670.0,2017-09-01,0.8981237796077766
2025.0,1.0,Europe,Cybertruck,0.061953673314246276,0.09675413084220577,0.818965855256581,100.0,575.0,876.82,Interpolated (Month),12767.0,2025-01-01,0.9185037947235273
2024.0,11.0,Asia,Model S,-0.8221172642776636,-0.8392066551669407,-1.5118641759278573,120.0,673.0,675.05,Estimated (Region),12514.0,2024-11-01,0.9443581415054371
2025.0,10.0,North America,Model X,1.5528545617453287,1.3911829680768266,-0.263244336384138,82.0,473.0,1137.54,Official (Quarter),13663.0,2025-10-01,0.9668918103968158
2017.0,8.0,Middle East,Model S,0.6990234751374478,0.8223760996293319,0.8804889196700528,60.0,354.0,672.94,Estimated (Region),9216.0,2017-08-01,0.8950490853873861
2016.0,7.0,Europe,Cybertruck,0.9907490963951404,0.9026616749529155,-0.2249555096086891,100.0,554.0,1148.53,Estimated (Region),5647.0,2016-07-01,0.9531066822977726
2016.0,2.0,Europe,Model Y,0.7592490607106822,0.5470106614580931,-1.3101578312836548,60.0,343.0,664.22,Interpolated (Month),14206.0,2016-02-01,0.9941475435083936
2015.0,3.0,Europe,Model 3,-0.8411759938894466,-0.7511742260840638,-0.6323633386338507,82.0,457.0,453.25,Official (Quarter),9681.0,2015-03-01,0.8868025751072961
2019.0,2.0,Asia,Model 3,0.2449174775873636,0.1324366087637985,1.041406368756039,60.0,352.0,574.78,Interpolated (Month),3765.0,2019-02-01,0.9702317290552585
2018.0,8.0,Middle East,Model 3,-0.982464709411465,-0.9366292100186577,0.8024251417333756,75.0,434.0,394.25,Official (Quarter),5481.0,2018-08-01,0.9084908490849085
2018.0,3.0,Asia,Model Y,1.8793941290938783,1.8146776402515195,-0.24768526020605436,120.0,679.0,1763.84,Estimated (Region),9770.0,2018-03-01,0.9419123245948003
2020.0,1.0,Middle East,Cybertruck,-0.8066161641934134,-0.7990638675051488,-0.5884958295487028,75.0,429.0,434.23,Interpolated (Month),13283.0,2020-01-01,0.9305019305019305
2019.0,9.0,Europe,Model 3,0.26982088428009343,0.24981318087430096,0.9717767194823403,60.0,336.0,553.59,Estimated (Region),4974.0,2019-09-01,0.9372013651877134
2015.0,1.0,North America,Cybertruck,-0.9034345106212713,-0.904702782404601,0.9967957974780021,82.0,459.0,438.37,Estimated (Region),9170.0,2015-01-01,0.9360482211114378
2021.0,8.0,Middle East,Model S,0.07897947176743914,0.252160712316511,-0.575583446465697,120.0,695.0,1066.79,Estimated (Region),4082.0,2021-08-01,0.8723785166240409
2019.0,6.0,Middle East,Model X,0.3211523960344958,0.253099724893395,-0.5186191555861308,120.0,695.0,1166.14,Interpolated (Month),6290.0,2019-06-01,0.953298108062042
2018.0,6.0,Middle East,Model X,1.948259672091121,1.6881456955163978,-1.5816901526705804,60.0,335.0,883.85,Interpolated (Month),9495.0,2018-06-01,0.9855437888720794
2017.0,11.0,North America,Model 3,-0.8271995921741391,-0.8288775168212165,0.7874515687413953,100.0,578.0,578.03,Estimated (Region),11006.0,2017-11-01,0.9357192982456141
2022.0,2.0,Middle East,Model S,-1.4106508346895243,-1.4594244621988355,1.093352628933653,75.0,413.0,270.78,Interpolated (Month),10907.0,2022-02-01,0.9846812345122775
2024.0,2.0,Middle East,Model X,0.7607737590796249,0.73551743626756,-0.2601642317625055,60.0,345.0,668.4,Interpolated (Month),14340.0,2024-02-01,0.9366886648778011
2019.0,10.0,Europe,Model Y,0.1605508345058706,0.1789177313195575,-1.4237081720201858,100.0,570.0,902.37,Official (Quarter),13239.0,2019-10-01,0.9243300052548608
2017.0,5.0,Asia,Cybertruck,-1.7857266334494148,-1.7906611486946735,-0.5069841436307012,60.0,348.0,151.12,Official (Quarter),7008.0,2017-05-01,0.9560766182298547
2015.0,3.0,Asia,Model S,0.5432501251104743,0.6686127901645736,0.5263633716750062,82.0,479.0,866.51,Official (Quarter),12549.0,2015-03-01,0.893068720379147
2018.0,7.0,Asia,Model Y,1.6755927804452115,1.9031795756228382,1.7147564051323825,75.0,420.0,1040.51,Official (Quarter),7265.0,2018-07-01,0.8802430314981613
2023.0,4.0,North America,Model X,0.6527742912795209,0.5350382511028219,-0.7306712123005732,100.0,596.0,1116.7,Official (Quarter),12908.0,2023-04-01,0.9656745264785466
2022.0,8.0,North America,Model Y,1.968588983677023,1.9550600204956803,1.1343890462123098,120.0,684.0,1812.84,Official (Quarter),4228.0,2022-08-01,0.9307311420143278
2018.0,6.0,Asia,Model Y,-0.6045936303085131,-0.709622919556946,-0.19776788288554972,100.0,558.0,631.35,Official (Quarter),5213.0,2018-06-01,0.9882090921000917
2019.0,8.0,Middle East,Model S,0.5170761364436256,0.3737628410229915,1.6041624081572634,82.0,485.0,869.87,Estimated (Region),13365.0,2019-08-01,0.9762410189418681
2019.0,11.0,Europe,Model 3,-0.044012863327267504,0.10403147831305692,0.16056056404132255,120.0,676.0,988.55,Interpolated (Month),11428.0,2019-11-01,0.8783674204883323
2022.0,12.0,Europe,Model 3,0.8052441281737853,0.9798954594016261,0.8014643797140734,120.0,715.0,1404.01,Interpolated (Month),6991.0,2022-12-01,0.8827376938637896
2019.0,1.0,Asia,Model 3,0.6220262075058443,0.7669743575931747,-0.9006182338669849,75.0,419.0,777.45,Official (Quarter),9058.0,2019-01-01,0.8884579472814766
2016.0,8.0,Middle East,Cybertruck,1.1175531774122036,0.9397526717398342,0.6861818839660224,60.0,353.0,758.24,Estimated (Region),6801.0,2016-08-01,0.9768742751893035
2015.0,1.0,Middle East,Cybertruck,-0.28440697283055777,-0.3079602897948066,0.8937243732717074,60.0,336.0,443.67,Interpolated (Month),3923.0,2015-01-01,0.9421018835616438
2017.0,11.0,North America,Cybertruck,-0.033594091139492764,-0.036820408219546,1.1813838779179693,60.0,340.0,499.29,Interpolated (Month),13317.0,2017-11-01,0.932469759024669
2015.0,2.0,Middle East,Model S,-1.2314987763387637,-1.293453989234585,1.3866067208997623,60.0,357.0,271.82,Interpolated (Month),10597.0,2015-02-01,0.9863972017100661
2025.0,5.0,Middle East,Model Y,-0.15506172786525677,-0.01569262523965556,-1.2469846220672431,60.0,346.0,483.29,Interpolated (Month),10117.0,2025-05-01,0.87940315421664
2017.0,3.0,North America,Cybertruck,1.6262941998493994,1.4794501503039246,-0.5340052647788456,82.0,488.0,1194.77,Estimated (Region),6486.0,2017-03-01,0.9624955773086449
2018.0,11.0,North America,Model S,-0.14743823602054354,-0.2149980446832887,-0.7296194935044823,82.0,466.0,653.01,Official (Quarter),7719.0,2018-11-01,0.9591375770020534
2022.0,9.0,North America,Model 3,0.5196173003918634,0.43644193052999986,0.8556358502178201,75.0,414.0,743.15,Official (Quarter),5631.0,2022-09-01,0.9562125449460647
2022.0,11.0,Asia,Model S,0.6886047029496731,0.732935151681129,0.401552283753111,120.0,691.0,1309.31,Interpolated (Month),4102.0,2022-11-01,0.9168239221948034
2017.0,3.0,Middle East,Model X,0.3811238652129065,0.5521752306309552,-0.9393881871994353,82.0,477.0,817.24,Estimated (Region),5664.0,2017-03-01,0.8780750307503075
2022.0,2.0,Europe,Model S,-1.73490335448466,-1.7106103265153108,0.8266753118946545,60.0,347.0,161.09,Interpolated (Month),3801.0,2022-02-01,0.9186702285544672
2025.0,10.0,North America,Model 3,-1.1069817428751143,-1.1584709313075072,-1.0447250812888018,100.0,573.0,478.4,Estimated (Region),8899.0,2025-10-01,0.9729068344694983
2016.0,1.0,Europe,Model S,-0.266110592403246,-0.36594431641739483,-1.3711903255403493,82.0,477.0,635.01,Official (Quarter),11477.0,2016-01-01,0.9755963504452018
2018.0,4.0,North America,Cybertruck,-1.0688642836515483,-1.049545472388961,-1.1273690051167726,75.0,423.0,362.68,Official (Quarter),10965.0,2018-04-01,0.9241713823767179
2020.0,11.0,Europe,Cybertruck,0.054584297864356826,-0.06381701980496156,1.3790155577746703,100.0,584.0,888.0,Official (Quarter),5998.0,2020-11-01,0.9762134052388289
2015.0,8.0,Asia,Cybertruck,0.07618419142437763,0.11083931949546606,-0.3467863962539496,60.0,331.0,507.52,Official (Quarter),7022.0,2015-08-01,0.9185837526959022
2022.0,1.0,Europe,Model 3,-1.3173901177891993,-1.236408975188881,-1.2688768744739596,120.0,700.0,497.49,Estimated (Region),3052.0,2022-01-01,0.8791983670439785
2017.0,8.0,Europe,Model S,1.032932417935887,1.1937555737869616,1.122786838340313,75.0,444.0,931.53,Official (Quarter),8821.0,2017-08-01,0.8885712470618131
2025.0,7.0,Asia,Model X,1.5858896930724193,1.7801689280510318,-0.6563898445899118,82.0,467.0,1132.22,Estimated (Region),7278.0,2025-07-01,0.8861779702834586
2020.0,8.0,Europe,Model 3,0.29726545492106105,0.11576913552410717,-0.003862448687776357,100.0,557.0,926.74,Official (Quarter),5195.0,2020-08-01,0.9948874338505695
2017.0,5.0,Europe,Cybertruck,-0.3433619764296733,-0.4739307627590571,0.021290330799448223,75.0,439.0,564.4,Interpolated (Month),13351.0,2017-05-01,0.9923584577978465
2022.0,4.0,Middle East,Model Y,1.2898440931027224,1.3881311772019536,0.714143388839215,120.0,689.0,1550.04,Official (Quarter),13978.0,2022-04-01,0.9051843804695515
2022.0,7.0,Middle East,Model 3,1.0522452639424937,1.0068920709870417,-0.20117254912053154,100.0,581.0,1225.59,Official (Quarter),12293.0,2022-07-01,0.940983606557377
2023.0,8.0,Europe,Model S,0.03832084859563529,0.11436061665878114,-1.2672893556484803,60.0,354.0,534.88,Interpolated (Month),10273.0,2023-08-01,0.9039755900565377
2015.0,7.0,Europe,Model X,-0.8249125446207252,-0.706571128682073,1.2762855942550086,100.0,590.0,590.83,Estimated (Region),6094.0,2015-07-01,0.8731362804080565
2025.0,11.0,Middle East,Cybertruck,0.6769153487877795,0.8557110461087145,1.077991371319295,82.0,487.0,919.41,Estimated (Region),3139.0,2025-11-01,0.8800783162016642
2023.0,5.0,Europe,Model 3,-0.1710710607391545,-0.01991818183563365,1.2760152090824786,100.0,564.0,782.47,Estimated (Region),4911.0,2023-05-01,0.8749408759814588
2019.0,2.0,North America,Model S,-0.08645030126283777,-0.04879281857481725,-1.4576584102459769,120.0,700.0,1006.11,Interpolated (Month),14190.0,2019-02-01,0.9171133231240429
2025.0,11.0,Middle East,Model 3,-1.3410229425078102,-1.3683402422410857,-0.9607749585023594,82.0,480.0,334.44,Interpolated (Month),4017.0,2025-11-01,0.962295421586907
2015.0,10.0,Asia,Model S,-0.05595633388398488,-0.16077006836823657,0.15038831598801836,100.0,593.0,862.99,Estimated (Region),11786.0,2015-10-01,0.9730217631130278
2019.0,9.0,Middle East,Cybertruck,-0.019617689424185195,0.08384270791005051,-1.0359902485276968,75.0,442.0,652.72,Official (Quarter),13201.0,2019-09-01,0.8939435212930174
2019.0,2.0,Asia,Model X,-1.5051821335639683,-1.5199907734078548,1.6848843109150629,120.0,698.0,418.7,Estimated (Region),11612.0,2019-02-01,0.9564697440803636
2017.0,11.0,Middle East,Cybertruck,1.430878692229917,1.3360159791848905,0.04141812114277966,100.0,580.0,1353.11,Official (Quarter),13927.0,2017-11-01,0.951428396647703
2017.0,7.0,Europe,Model 3,-0.26382354484983206,-0.39411469372391544,-1.0890990655408759,100.0,583.0,776.91,Interpolated (Month),13580.0,2017-07-01,0.9896401916007574
2015.0,10.0,North America,Model S,0.27998554007304444,0.3195348647079394,0.5788046752935024,100.0,558.0,922.71,Interpolated (Month),13972.0,2015-10-01,0.9173670633269535
2016.0,4.0,North America,Model 3,-1.372787491860782,-1.3298407265888408,-0.3282908575771406,82.0,468.0,317.3,Interpolated (Month),11611.0,2016-04-01,0.905630134241635
2025.0,3.0,Europe,Model Y,0.25711506453890476,0.12961957103314645,1.6692621117279516,82.0,466.0,764.29,Interpolated (Month),4283.0,2025-03-01,0.9755531763026409
2019.0,6.0,North America,Model S,0.16792020995576004,0.29394677198784985,0.73646507651995,75.0,416.0,660.38,Interpolated (Month),11831.0,2019-06-01,0.88873026536782
2025.0,5.0,Asia,Model S,0.16309199845410835,0.01224299892264402,-0.21650448187242702,100.0,579.0,917.48,Official (Quarter),9264.0,2025-05-01,0.9865521105715352
2025.0,7.0,Asia,Model Y,-0.5153987757253684,-0.4168857487133529,-1.580712491577995,120.0,678.0,802.82,Interpolated (Month),11152.0,2025-07-01,0.8889639639639639
2019.0,6.0,Europe,Cybertruck,-2.235258535892671,-2.2265977375130794,-0.6367247906355975,120.0,667.0,112.66,Interpolated (Month),10866.0,2019-06-01,0.9615713065755764
2024.0,3.0,Europe,Model S,-0.45085321144012974,-0.4699399593073,-1.579982849237418,82.0,483.0,590.32,Official (Quarter),11144.0,2024-03-01,0.9415299283568292
2020.0,3.0,North America,Model Y,0.7605196426848011,0.8906892645976443,-1.0847132589923385,100.0,553.0,1071.3,Official (Quarter),14982.0,2020-03-01,0.8937716262975779
2015.0,1.0,Middle East,Model 3,0.38722265868867706,0.49207842571037796,0.21780219853535887,100.0,588.0,1009.54,Estimated (Region),8925.0,2015-01-01,0.8975846925972396
2025.0,12.0,North America,Model X,-0.9222391238382306,-0.8936693846262138,-0.8504046257324581,82.0,461.0,435.16,Estimated (Region),8860.0,2025-12-01,0.9188202657322236
2017.0,4.0,Europe,Model 3,2.0285604528554337,2.02736398891575,0.9049453579316997,120.0,676.0,1815.57,Official (Quarter),7236.0,2017-04-01,0.9281049139539705
2017.0,9.0,Middle East,Model Y,0.39332145216444764,0.2765750393154955,1.7290157437623668,75.0,449.0,772.5,Estimated (Region),10794.0,2017-09-01,0.9692411695115768
2024.0,12.0,North America,Model X,0.9696574356247671,0.9587676764217357,-1.2671993929348262,120.0,677.0,1395.09,Interpolated (Month),10949.0,2024-12-01,0.9320217096336499
2025.0,1.0,Asia,Model X,0.532323120133052,0.5127367024018264,-0.5928731865605988,82.0,457.0,823.77,Official (Quarter),5011.0,2025-01-01,0.9359034267912772
2021.0,4.0,North America,Cybertruck,-0.06891627001999735,-0.14832815172452332,1.3438505743987634,120.0,694.0,1004.67,Interpolated (Month),5653.0,2021-04-01,0.9627893056664006
2018.0,12.0,Middle East,Cybertruck,0.5996639647613522,0.6237749396183617,1.2499399390066226,100.0,583.0,1074.06,Interpolated (Month),8224.0,2018-12-01,0.9225568992713888
2024.0,9.0,Asia,Model 3,0.41441311293482086,0.4836273125184218,-0.38101546918891177,120.0,689.0,1194.0,Official (Quarter),14878.0,2024-09-01,0.9085404215162001
2018.0,4.0,Middle East,Model X,0.9104483156308278,0.8183852961775747,-1.3987561932860901,100.0,558.0,1130.37,Estimated (Region),14848.0,2018-04-01,0.9549568660726913
2015.0,12.0,Europe,Model S,0.3033642483968316,0.37704938504208557,-1.4989850939598504,60.0,339.0,565.25,Official (Quarter),11498.0,2015-12-01,0.9065405317240255
2023.0,8.0,Asia,Cybertruck,0.6431178682762175,0.68880156056758,-0.30232443741448994,60.0,344.0,642.57,Interpolated (Month),7974.0,2023-08-01,0.916335540838852
2022.0,6.0,Middle East,Cybertruck,-1.3504252491162898,-1.3674012296642015,-0.6261867273488697,120.0,686.0,474.16,Estimated (Region),10514.0,2022-06-01,0.9538397847236597
2025.0,11.0,Europe,Model X,-0.584518435117435,-0.518064353872606,-1.08799764358807,100.0,595.0,680.26,Official (Quarter),12934.0,2025-11-01,0.9021185939164398
2024.0,6.0,Middle East,Model X,-0.8241501954362538,-0.8964864223568658,1.2592279679019662,75.0,429.0,429.79,Estimated (Region),14004.0,2024-06-01,0.9768904490273512
2023.0,9.0,Europe,Model S,-0.7634163770733718,-0.759390586131799,-0.5036883273089255,120.0,713.0,739.88,Estimated (Region),4990.0,2023-09-01,0.9322193774423932
2022.0,1.0,Asia,Model Y,-0.21782847738672895,-0.16992544099285575,0.4524557717028423,82.0,473.0,643.16,Estimated (Region),14836.0,2022-01-01,0.9127064035440999
2019.0,5.0,Europe,Model S,1.1660894088235445,1.073092457657365,0.6774087797742463,120.0,705.0,1534.54,Estimated (Region),6649.0,2019-05-01,0.9529782622972351
2016.0,12.0,Europe,Cybertruck,-0.2711929202997215,-0.22931798648077,-1.0345955779502722,120.0,683.0,907.19,Interpolated (Month),3473.0,2016-12-01,0.9148672383510693
2018.0,12.0,Asia,Cybertruck,1.2898440931027224,1.0552512186965686,1.3872384480216104,100.0,555.0,1248.58,Interpolated (Month),6934.0,2018-12-01,0.9899016566563263
2025.0,11.0,Middle East,Model Y,1.3571849377310226,1.552458378156657,1.229776859422023,60.0,358.0,819.62,Interpolated (Month),9976.0,2025-11-01,0.883838091377613
2017.0,8.0,Middle East,Cybertruck,1.1089132199881953,1.0904641903297194,0.7574989554101975,75.0,422.0,904.3,Official (Quarter),5427.0,2017-08-01,0.9336644663747468
2025.0,3.0,Asia,Model 3,0.5945816368648766,0.6249487053394668,1.094020142328336,100.0,589.0,1083.35,Official (Quarter),13681.0,2025-03-01,0.920708815137408
2020.0,1.0,Middle East,Model Y,-0.15353702949631412,-0.06804257640093965,0.677489795919692,120.0,719.0,1004.95,Official (Quarter),6334.0,2020-01-01,0.8989002508199885
2019.0,10.0,Middle East,Model Y,-0.0968690734506125,-0.2051384126260065,-0.1322223419991275,60.0,339.0,485.16,Interpolated (Month),3421.0,2019-10-01,0.9753629114700471
2020.0,11.0,Middle East,Model S,-0.9750953339615757,-1.05165825068695,-0.6577273565371143,60.0,349.0,318.55,Estimated (Region),10989.0,2020-11-01,0.9852655440414507
2025.0,12.0,Europe,Model S,0.3689262782613653,0.18243902848287255,-0.1041773358226533,60.0,341.0,581.78,Official (Quarter),4642.0,2025-12-01,0.9948394996938686
2021.0,5.0,Europe,Model X,0.7478138229436124,0.7439685494595162,1.193833524611958,60.0,354.0,683.13,Official (Quarter),7926.0,2021-05-01,0.9305605786618445
2025.0,9.0,Asia,Model X,0.5493489185862449,0.6803504473756239,-0.9819514854523793,75.0,442.0,801.17,Interpolated (Month),7795.0,2025-09-01,0.8915449313855688
2020.0,6.0,North America,Model S,0.6382896567745658,0.5035813297772073,-0.9920611075282227,100.0,583.0,1087.35,Interpolated (Month),7860.0,2020-06-01,0.9713303648152488
2025.0,7.0,Europe,Model 3,1.5863979258620668,1.601052279010405,1.4911568140183296,60.0,357.0,865.64,Interpolated (Month),9152.0,2025-07-01,0.9249828336003663
2021.0,9.0,North America,Model Y,0.48429512151135873,0.32376042130391747,1.6950143112851597,120.0,678.0,1202.91,Official (Quarter),4563.0,2021-09-01,0.9828001661819693
2015.0,9.0,North America,Model S,-0.2536588890568811,-0.37979475192643414,1.7333409124597117,120.0,690.0,923.63,Official (Quarter),10144.0,2015-09-01,0.9873865899535296
2022.0,2.0,North America,Cybertruck,0.16487081321787478,0.14769556313816384,-1.6944899757407141,60.0,346.0,548.63,Estimated (Region),10938.0,2022-02-01,0.9367301727957466
2018.0,12.0,Middle East,Model 3,-0.3992675832909036,-0.2854239879495902,-1.4283658548359544,75.0,441.0,552.42,Estimated (Region),13170.0,2018-12-01,0.8846398305084746
2025.0,9.0,Europe,Model X,-0.9156320975728125,-0.8939041377704348,1.2618662114604018,60.0,354.0,335.54,Estimated (Region),6384.0,2025-09-01,0.922751168224299
2018.0,8.0,Middle East,Model X,-0.2691599891411313,-0.2635919455370367,-0.6488280063272822,120.0,685.0,910.67,Official (Quarter),10742.0,2018-08-01,0.929717822301479
2022.0,12.0,Middle East,Cybertruck,1.01361957192928,0.7918581908806012,1.6693933280616793,60.0,347.0,724.07,Interpolated (Month),9683.0,2022-12-01,0.9915888516644095
2022.0,11.0,North America,Cybertruck,0.1392050573406736,0.024215409277915267,-0.7054120680579784,75.0,439.0,689.45,Official (Quarter),4011.0,2022-11-01,0.973138767543452
2024.0,3.0,North America,Model S,-1.5285608418877554,-1.4648237845159187,-0.23189506434924592,82.0,484.0,283.65,Estimated (Region),6160.0,2024-03-01,0.8847373188405797
2015.0,5.0,Middle East,Model Y,-1.6009840144125311,-1.6441751867007663,1.2735553998566507,60.0,354.0,192.33,Interpolated (Month),14996.0,2015-05-01,0.9917853231106243
2025.0,5.0,Middle East,Model 3,-0.7674822393905523,-0.853996103252864,0.7934860289981713,120.0,716.0,741.27,Official (Quarter),10328.0,2025-05-01,0.9834710743801653
2016.0,1.0,Asia,Model Y,0.14174622128891132,0.05379430544976188,-0.12543736407595454,82.0,486.0,763.99,Interpolated (Month),11726.0,2016-01-01,0.9627928341754708
2015.0,6.0,North America,Model Y,-0.7410541343288797,-0.7208910704795543,0.21662224559494375,75.0,445.0,467.65,Official (Quarter),7841.0,2015-06-01,0.9236651285431773
2021.0,1.0,Europe,Model S,1.6697481033642647,1.6125551830772342,0.8071886922729471,100.0,576.0,1425.0,Official (Quarter),3890.0,2021-01-01,0.9411126961483595
2021.0,1.0,North America,Model Y,-2.1694423896333137,-2.148190187343264,0.7505072123550898,75.0,446.0,92.66,Interpolated (Month),11465.0,2021-01-01,0.920265780730897
2021.0,11.0,Europe,Model Y,0.017229187825262043,0.038535351075396566,0.20932582218917237,82.0,479.0,717.78,Estimated (Region),5129.0,2021-11-01,0.9232902033271719
2017.0,6.0,Europe,Model 3,-1.1214663773800695,-1.092505297781405,1.2783328672801022,82.0,489.0,404.09,Official (Quarter),4270.0,2017-06-01,0.9178607130956348
2017.0,8.0,Europe,Model X,-0.6162829844704066,-0.618538699599196,-1.4716289735354466,60.0,341.0,383.47,Official (Quarter),12642.0,2017-08-01,0.9346714873457175
2022.0,1.0,Middle East,Model 3,-0.5464009758938688,-0.5086742281037658,1.1459405568644578,75.0,418.0,487.3,Interpolated (Month),10131.0,2022-01-01,0.9155377547414301
2023.0,10.0,North America,Model 3,0.43550477370519414,0.396533896012429,-1.1545377446403604,120.0,661.0,1153.71,Interpolated (Month),4600.0,2023-10-01,0.9425678412312677
2024.0,2.0,Middle East,Cybertruck,0.08507826524320972,0.12539401443716838,0.23010323279077002,120.0,711.0,1093.91,Estimated (Region),12859.0,2024-02-01,0.9166219839142091
2016.0,9.0,North America,Model Y,1.4550197497381756,1.5214709631194843,-1.15761138785162,82.0,487.0,1143.09,Estimated (Region),8129.0,2016-09-01,0.9131119799264749
2019.0,10.0,Asia,Cybertruck,0.6758988832084843,0.6895058200002431,-0.36352940162498565,100.0,592.0,1117.28,Interpolated (Month),8915.0,2019-10-01,0.9256234826749062
2024.0,5.0,Middle East,Model S,0.5074197134403222,0.6289395087912238,0.9026938049325072,60.0,357.0,638.26,Interpolated (Month),3177.0,2024-05-01,0.8938132733408324
2022.0,1.0,North America,Model X,0.21798113973604355,0.19558520455924883,-1.578854090548419,60.0,357.0,577.27,Official (Quarter),8643.0,2022-01-01,0.9382887979806772
2023.0,7.0,Middle East,Model 3,0.507673829835146,0.5671994318610996,0.9005391730889096,60.0,333.0,595.4,Official (Quarter),12998.0,2023-07-01,0.9118727050183598
2025.0,6.0,Europe,Cybertruck,0.5348642840812898,0.4545179226350172,0.5789463292901399,120.0,710.0,1280.88,Interpolated (Month),7324.0,2025-06-01,0.9551302414231257
2016.0,11.0,Asia,Model X,1.4349445545470974,1.604104069885278,1.2486436806794936,100.0,595.0,1389.53,Interpolated (Month),8171.0,2016-11-01,0.8902167076448053
2024.0,8.0,North America,Model 3,-0.45568142294178143,-0.5614936855534919,0.7796436998530263,100.0,563.0,686.49,Estimated (Region),12840.0,2024-08-01,0.9836640851887706
2020.0,7.0,Europe,Model X,0.7770372083483464,0.930597299115215,-0.47489528862388947,100.0,583.0,1135.1,Estimated (Region),8649.0,2020-07-01,0.8878248974008208
2023.0,7.0,Europe,Cybertruck,-0.4394179736730599,-0.51665583500728,-1.7148126024583688,120.0,678.0,833.23,Interpolated (Month),11987.0,2023-07-01,0.9690124186871674
2018.0,9.0,North America,Model S,-0.3250655960023616,-0.181663098203906,-0.42446447769451817,60.0,340.0,440.79,Official (Quarter),3749.0,2018-09-01,0.8746205221615058
2025.0,9.0,Europe,Cybertruck,0.1165886982013577,0.10379672516883592,-0.8590783236108035,75.0,426.0,663.35,Estimated (Region),12599.0,2025-09-01,0.9353937646422779
2017.0,8.0,North America,Model Y,-0.21884494296602405,-0.12156629328332876,-1.4947792128386215,75.0,430.0,584.43,Official (Quarter),9728.0,2017-08-01,0.8937660288025252
2024.0,12.0,Asia,Model Y,1.880918827462821,2.0658635045679947,-0.16530575717180812,82.0,475.0,1234.33,Interpolated (Month),13746.0,2024-12-01,0.8904194078947368
2025.0,3.0,Europe,Model S,0.9444999125372135,1.1604206273075788,-0.22150263131169362,75.0,435.0,889.94,Official (Quarter),10995.0,2025-03-01,0.8743509199307647
2022.0,6.0,Europe,Model X,1.2189456189468895,1.1932860674985195,0.1755883134741221,75.0,448.0,989.12,Interpolated (Month),14983.0,2022-06-01,0.935192833089777
2016.0,2.0,North America,Model X,-1.296298457018826,-1.23852175348687,-1.2796664357336651,82.0,490.0,354.34,Estimated (Region),8445.0,2016-02-01,0.8960966542750929
2021.0,10.0,Asia,Cybertruck,2.1177553074385784,2.32878702609552,-1.7018167180720813,100.0,570.0,1560.89,Official (Quarter),13886.0,2021-10-01,0.8872472783825817
2020.0,12.0,Middle East,Model Y,-0.7087813521862604,-0.6187734527434171,0.7141463710286184,120.0,716.0,766.08,Estimated (Region),7907.0,2020-12-01,0.8894014962593516
2024.0,2.0,Middle East,Model Y,0.6352402600366805,0.493252191431483,0.7844241494658815,60.0,354.0,659.61,Estimated (Region),11149.0,2024-02-01,0.9737399075017638
2023.0,3.0,Europe,Cybertruck,-0.53369515615268,-0.6305111099544674,0.23299844166942243,60.0,334.0,391.88,Estimated (Region),11457.0,2023-03-01,0.9814303638644919
2022.0,7.0,North America,Model X,-0.0773021110491819,0.03172750989298742,1.5863905474422257,100.0,596.0,859.85,Official (Quarter),13911.0,2022-07-01,0.8912983041423408
2017.0,9.0,North America,Model S,-1.0879230132633313,-1.134760863741186,-0.25685499558841657,75.0,446.0,377.38,Estimated (Region),9084.0,2017-09-01,0.9689110271384404
2024.0,12.0,Europe,Model S,1.003454916136329,0.9430392157589284,0.9756704647793982,60.0,351.0,730.31,Interpolated (Month),3714.0,2024-12-01,0.9453417842295373
2025.0,5.0,Middle East,Cybertruck,-0.12939597198805558,-0.11170666122604656,-1.3903658034010207,82.0,464.0,655.14,Official (Quarter),3615.0,2025-05-01,0.924656188605108
2023.0,2.0,Middle East,Cybertruck,-1.2701244683519772,-1.2713871936778107,-1.3917540125680723,75.0,435.0,321.29,Interpolated (Month),4724.0,2023-02-01,0.9396946564885497
2017.0,1.0,Europe,Model Y,-0.762145795099253,-0.6805135296735414,1.497984536656278,75.0,427.0,443.42,Official (Quarter),13873.0,2017-01-01,0.8924842078122985
2022.0,9.0,North America,Model Y,0.7356162359920713,0.686923535413812,0.2828313236235116,120.0,716.0,1376.55,Official (Quarter),3825.0,2022-09-01,0.9436754528051833
2022.0,3.0,Asia,Cybertruck,-2.0797393022605215,-2.0737734406252053,-0.08009615639420536,82.0,475.0,123.83,Official (Quarter),14831.0,2022-03-01,0.9538968166849616
2015.0,8.0,Europe,Model 3,-0.2546753546361762,-0.1572487712049215,-1.2134091456430836,100.0,561.0,750.62,Interpolated (Month),11667.0,2015-08-01,0.8932505507710795
2021.0,5.0,Asia,Cybertruck,-0.4198510112716293,-0.46219310554800686,-0.9191833569631946,100.0,574.0,712.05,Interpolated (Month),9621.0,2021-05-01,0.9519972372510648
2023.0,4.0,Europe,Model 3,-0.4201051276664531,-0.29598787943953536,-0.4713897249807762,60.0,338.0,419.24,Interpolated (Month),9008.0,2023-04-01,0.8801490154337414
2020.0,9.0,Europe,Cybertruck,-1.4833281236091238,-1.5098963882063516,1.4736135878241814,100.0,579.0,354.78,Estimated (Region),7559.0,2020-09-01,0.967092803030303
2025.0,10.0,Europe,Model S,-0.9372319911328333,-0.8525875843875379,0.3600228111598401,60.0,343.0,320.74,Official (Quarter),7895.0,2025-10-01,0.8875284738041003
2017.0,9.0,Middle East,Cybertruck,-2.115061481141026,-2.0810507880960563,0.7529864058120366,75.0,434.0,104.09,Official (Quarter),3640.0,2017-09-01,0.8927973199329984
2022.0,6.0,Asia,Cybertruck,-1.7903007285562427,-1.7300948374856542,0.9689963248956996,60.0,338.0,145.86,Interpolated (Month),13130.0,2022-06-01,0.8755325623858795
2015.0,10.0,Europe,Model 3,2.621922234768946,2.4879496578773614,0.9471686865927131,75.0,416.0,1262.98,Estimated (Region),3901.0,2015-10-01,0.9522913333960666
2019.0,10.0,Europe,Model X,0.054330181469533056,0.22727687902908447,0.011110130241068706,100.0,572.0,869.67,Estimated (Region),12041.0,2019-10-01,0.8719889883000688
2017.0,7.0,Europe,Model Y,-1.0833489181565035,-1.0704385022246306,0.1283052034595158,60.0,340.0,288.61,Official (Quarter),7245.0,2017-07-01,0.9283136482939632
2024.0,2.0,Asia,Model 3,-1.2302281943646447,-1.1763121702683037,0.4489034870924167,60.0,341.0,259.89,Official (Quarter),4692.0,2024-02-01,0.900088573959256
2023.0,1.0,Asia,Model S,0.35190047980817246,0.37845790390741163,0.19049876345707403,75.0,413.0,700.47,Estimated (Region),8631.0,2023-01-01,0.9216661232474731
2015.0,10.0,Middle East,Model X,-0.45034497865048223,-0.4908329891429694,0.7866185438348512,60.0,331.0,404.65,Interpolated (Month),6783.0,2015-10-01,0.9515469935785172
2024.0,9.0,Europe,Model X,0.7076634325614561,0.6221316676088147,0.21722116863336038,100.0,576.0,1097.88,Estimated (Region),12881.0,2024-09-01,0.954982714564858
2016.0,3.0,Asia,Model Y,-1.3364488474009824,-1.2488508918325942,-0.052642617782640844,75.0,442.0,309.16,Interpolated (Month),9602.0,2016-03-01,0.8738755622188905
2018.0,3.0,Europe,Model 3,-0.44704146551777313,-0.4814428633741292,-0.31389781745559264,100.0,583.0,713.85,Interpolated (Month),3680.0,2018-03-01,0.9486345148169669
2016.0,9.0,North America,Model S,-0.32074561729035744,-0.4124254389731538,1.3753827540503665,100.0,582.0,756.02,Interpolated (Month),4825.0,2016-09-01,0.9731430497808743
2015.0,7.0,North America,Model X,1.5678474290399314,1.5205319505426003,-1.2911250014827558,100.0,564.0,1361.38,Interpolated (Month),7356.0,2015-07-01,0.9392400630362459
2015.0,11.0,North America,Model X,-0.4333191801972893,-0.4506902014811776,0.8312067486923667,82.0,460.0,566.97,Interpolated (Month),4325.0,2015-11-01,0.9405906593406593
2018.0,6.0,Middle East,Model S,-1.2561480666366698,-1.2657531182165065,1.1845713413581058,75.0,417.0,311.44,Official (Quarter),9068.0,2018-06-01,0.9458586626139818
2024.0,7.0,Asia,Cybertruck,1.0151442702982227,0.8582933306951456,0.17115876814767592,75.0,413.0,862.16,Interpolated (Month),12170.0,2024-07-01,0.9724007825600894
2020.0,12.0,Middle East,Cybertruck,0.8425992382128802,0.9146340853081868,-0.11767273693392737,82.0,476.0,945.19,Official (Quarter),8395.0,2020-12-01,0.9097031335898845
2022.0,3.0,Asia,Model Y,-0.9611189322462681,-1.0119849693136003,0.7610005428007736,82.0,489.0,450.37,Official (Quarter),9333.0,2022-03-01,0.9676910953506698
2022.0,1.0,Middle East,Model S,0.7638231558175101,0.7672091107373957,1.1499014014230813,82.0,469.0,909.48,Estimated (Region),9850.0,2022-01-01,0.9284688307957484
2022.0,2.0,Europe,Model X,-0.9349449435794193,-0.9638605747482942,0.7715430793716056,82.0,477.0,446.69,Interpolated (Month),6993.0,2022-02-01,0.9531297709923664
2025.0,9.0,Europe,Model S,-1.723722233112414,-1.7596737336575008,0.17741738964123654,120.0,688.0,323.94,Interpolated (Month),14134.0,2025-09-01,0.9933544303797468
2019.0,10.0,Asia,Model Y,0.2733785138076263,0.12116845784119028,0.0259673978463352,100.0,590.0,973.32,Estimated (Region),14233.0,2019-10-01,0.9844253490870032
2021.0,12.0,North America,Model 3,-0.44297560320059276,-0.5089089812479868,-0.15485616550403306,75.0,426.0,522.64,Interpolated (Month),14784.0,2021-12-01,0.9635956644674835
2025.0,2.0,Asia,Model X,2.5639836967491254,2.3987434630733797,0.32638619985292133,75.0,423.0,1269.76,Estimated (Region),3665.0,2025-02-01,0.958704608604005
2022.0,4.0,Middle East,Cybertruck,-1.0541255327517693,-1.046728434658309,-0.16843307979231978,60.0,335.0,290.14,Interpolated (Month),6691.0,2022-04-01,0.9317411650798774
2018.0,7.0,Asia,Cybertruck,-0.18148983292692927,-0.2044341531933435,-0.49010047832616216,60.0,347.0,479.28,Estimated (Region),9907.0,2018-07-01,0.9410321921308125
2021.0,8.0,Europe,Cybertruck,-0.4579684704951954,-0.5389573837082754,-0.6312037639876882,60.0,338.0,411.68,Estimated (Region),9370.0,2021-08-01,0.9712918660287081
2024.0,6.0,Europe,Model X,-0.46330491478649466,-0.5159515755746169,1.295020205115617,100.0,550.0,668.17,Estimated (Region),3252.0,2024-06-01,0.9575549775360606
2017.0,9.0,North America,Model 3,-0.7781551279731507,-0.8457797432051288,-1.4672034044615376,75.0,438.0,450.7,Estimated (Region),7593.0,2017-09-01,0.972635757833546
2015.0,1.0,North America,Model 3,-0.12101013095887103,-0.26476571125814174,1.2786131930839753,75.0,435.0,616.35,Estimated (Region),11496.0,2015-01-01,0.9913937867338372
2024.0,1.0,North America,Model S,0.6977528931633289,0.828714434523299,-1.270916692025546,100.0,555.0,1054.61,Estimated (Region),14065.0,2024-01-01,0.8929930917806288
2017.0,11.0,Middle East,Model Y,-0.5151446593305445,-0.41805951443445794,-1.141072662454683,75.0,413.0,489.1,Official (Quarter),5453.0,2017-11-01,0.8895774647887323
2021.0,10.0,Middle East,Model 3,2.190432596358178,2.124317037479025,0.7496915835533954,120.0,711.0,1977.5,Estimated (Region),4856.0,2021-10-01,0.9409794468409033
2020.0,5.0,Asia,Model 3,0.4545635033169772,0.6554666140881974,-1.5445350548998023,82.0,465.0,816.84,Estimated (Region),8782.0,2020-05-01,0.8708358120166567
2025.0,6.0,Middle East,Model Y,-0.8132231904588315,-0.7654941678815451,0.7591933360226139,82.0,474.0,477.93,Official (Quarter),14504.0,2025-06-01,0.9089925625422582
2021.0,5.0,North America,Model S,1.4923748597772704,1.642368832393302,-0.15800734563976773,82.0,483.0,1144.35,Estimated (Region),13063.0,2021-05-01,0.8947994561522774
2022.0,9.0,Asia,Model Y,-0.799246788743524,-0.8777061708191854,1.6265417514997882,120.0,709.0,720.73,Interpolated (Month),5453.0,2022-09-01,0.9797600115657077
2019.0,9.0,Middle East,Model 3,0.14809913115950568,0.0786781387371884,-0.45212875769055555,120.0,706.0,1112.48,Interpolated (Month),12731.0,2019-09-01,0.9557820034573742
2025.0,8.0,Asia,Model X,0.3994202456402182,0.3535740706199851,0.2698245045427467,100.0,591.0,1018.94,Official (Quarter),5260.0,2025-08-01,0.9450748232198651
2021.0,10.0,Asia,Model 3,-0.3799547372842968,-0.2678175021330148,-1.491940168527057,82.0,478.0,604.22,Official (Quarter),5073.0,2021-10-01,0.8856542301629007
2023.0,4.0,Middle East,Model Y,-0.8589641415271109,-0.7823963942654575,-0.23291099687250194,82.0,469.0,460.23,Interpolated (Month),9154.0,2023-04-01,0.8933497200600846
2017.0,10.0,North America,Model Y,-0.4737236869742694,-0.4807386039414662,0.5882815761843634,60.0,355.0,429.09,Interpolated (Month),5036.0,2017-10-01,0.9361059479553904
2017.0,11.0,North America,Model Y,0.3943379177437427,0.5512362180540712,-0.44258823675909864,75.0,419.0,721.14,Official (Quarter),8872.0,2017-11-01,0.8823438941864041
2020.0,3.0,Middle East,Model X,-0.32277854844894766,-0.19011421139586218,0.28847114081596986,100.0,576.0,747.53,Interpolated (Month),10156.0,2020-03-01,0.878732480195003
2016.0,4.0,Middle East,Model X,-0.08085974057671474,0.020224605826158187,-0.6749589439386596,82.0,454.0,654.03,Estimated (Region),7835.0,2016-04-01,0.8940606963321541
2017.0,9.0,Europe,Model Y,0.1165886982013577,0.05355955230554088,1.3890541043364117,60.0,356.0,554.35,Interpolated (Month),6903.0,2017-09-01,0.9537853730246233
2020.0,12.0,Asia,Cybertruck,1.2669736175685828,1.3054980704361598,0.17027256086344628,75.0,436.0,974.98,Interpolated (Month),6113.0,2020-12-01,0.9192822346919899
2021.0,2.0,Middle East,Cybertruck,0.16995314111435025,0.23056342304817856,0.43846681824538797,75.0,423.0,672.0,Estimated (Region),7536.0,2021-02-01,0.91003608867503
2017.0,12.0,Europe,Cybertruck,-0.4434838359902403,-0.5009273743444727,1.6167383008693088,60.0,330.0,404.76,Estimated (Region),11592.0,2017-12-01,0.9595165454118751
2020.0,5.0,North America,Model X,-0.6477934174285547,-0.521116144747479,1.0736368777594891,120.0,687.0,759.79,Interpolated (Month),5683.0,2020-05-01,0.8739924134660977
2022.0,5.0,Europe,Model Y,3.011228551638968,3.0222478141243685,0.23101180649552133,60.0,358.0,1169.16,Official (Quarter),13826.0,2022-05-01,0.9252868678283043
2019.0,1.0,Asia,Model X,-0.98144824383217,-1.0711427616572935,-1.551496976060881,100.0,591.0,537.22,Interpolated (Month),4415.0,2019-01-01,0.9945839487936977
2020.0,6.0,Europe,Model 3,-1.4147166970067047,-1.3397003586461231,0.47043638567608315,75.0,415.0,271.1,Estimated (Region),13908.0,2020-06-01,0.8799757526773085
2020.0,11.0,North America,Model S,0.3219147452189671,0.25474299690294205,-1.5881803908744334,60.0,344.0,577.35,Interpolated (Month),9533.0,2020-11-01,0.9529852653095988
2020.0,11.0,Europe,Model Y,-0.09127851276448948,0.016233802374401102,0.13186891979598564,100.0,563.0,807.6,Estimated (Region),3739.0,2020-11-01,0.8916550116550117
2024.0,4.0,Middle East,Model X,0.12776981957360375,0.2430053396918918,1.1844843608338544,120.0,714.0,1116.52,Interpolated (Month),9110.0,2024-04-01,0.8917115730048756
2021.0,3.0,Middle East,Model 3,-0.665327448671395,-0.6593857466936509,-0.26983944824865913,75.0,427.0,467.82,Estimated (Region),5776.0,2021-03-01,0.9308015802217408
2023.0,6.0,Middle East,Model Y,-0.8805640350871317,-0.9833450857186377,-0.8919003001791624,82.0,478.0,462.97,Estimated (Region),5773.0,2023-06-01,0.9984536879542292
2021.0,5.0,Europe,Cybertruck,-1.4162413953756474,-1.4265590220078948,0.49938400117850307,82.0,461.0,300.73,Estimated (Region),4311.0,2021-05-01,0.9497706922908932
2021.0,12.0,North America,Model Y,-0.17259575910809716,-0.1912879771169672,-1.547361673422188,100.0,575.0,797.21,Interpolated (Month),9056.0,2021-12-01,0.9392338177014531
2020.0,8.0,Asia,Cybertruck,-0.1977532821956508,-0.12297481214865479,1.4599114215809723,82.0,467.0,640.54,Official (Quarter),5295.0,2020-08-01,0.90248716936439
2025.0,9.0,Middle East,Model S,-0.5441139283404548,-0.6129046241378919,-0.14888880450882272,75.0,448.0,522.88,Interpolated (Month),13205.0,2025-09-01,0.9671845866998136
2025.0,10.0,Asia,Model Y,-1.6383391244516259,-1.6113097465098256,0.6579092373317932,75.0,430.0,224.14,Estimated (Region),13516.0,2025-10-01,0.9164029535864979
2021.0,11.0,North America,Model Y,-0.44170502122647387,-0.40561759779074463,0.3673475653649387,82.0,484.0,594.16,Estimated (Region),8100.0,2021-11-01,0.9166666666666666
2019.0,5.0,Asia,Model 3,0.04746903880929115,0.05097726771910983,-0.6118781825937372,82.0,461.0,699.04,Official (Quarter),8567.0,2019-05-01,0.9297342039915387
2018.0,4.0,Middle East,Model S,1.3973353281131788,1.6386127820857659,0.23334686079799477,120.0,690.0,1596.07,Estimated (Region),4020.0,2018-04-01,0.8744046268995237
2021.0,8.0,Middle East,Model X,0.2263669807652281,0.2613160849411302,-0.1696592566684803,60.0,355.0,575.79,Estimated (Region),14482.0,2021-08-01,0.9187696490780864
2022.0,7.0,Middle East,Cybertruck,-2.1353907927269278,-2.119785056892522,1.5857294954579153,60.0,333.0,75.87,Estimated (Region),14355.0,2022-07-01,0.9341943419434194
2022.0,3.0,North America,Model X,0.21620232497227712,0.04276090767137465,-0.6390215735074002,75.0,434.0,701.32,Estimated (Region),14407.0,2022-03-01,0.9940025835024913
2019.0,12.0,North America,Model Y,-0.4622884492071996,-0.3368349265339902,0.5273758249772925,60.0,332.0,403.53,Interpolated (Month),14374.0,2019-12-01,0.8787550157249756
2019.0,5.0,Middle East,Cybertruck,0.1986682937294367,0.10825703490903502,-1.263008919792179,100.0,563.0,903.95,Interpolated (Month),7620.0,2019-05-01,0.9628496896644778
2017.0,4.0,North America,Model S,0.7760207427690513,0.9984409577950855,-1.578748719856183,60.0,352.0,685.13,Estimated (Region),7460.0,2017-04-01,0.8703467704071366
2021.0,12.0,Middle East,Model Y,-0.35428898140709564,-0.30443899263149155,-0.5903214264948476,120.0,683.0,873.69,Official (Quarter),6145.0,2021-12-01,0.9112084624425687
2025.0,8.0,North America,Model Y,0.45989994760827646,0.2751665204501695,-1.1205268685633771,82.0,473.0,832.39,Official (Quarter),8772.0,2025-08-01,0.9918836658775786
2022.0,4.0,Middle East,Model X,-0.04858695843409543,-0.2107724880873106,-1.3852374316911604,60.0,344.0,502.12,Official (Quarter),11279.0,2022-04-01,0.9972330395572864
2023.0,1.0,North America,Model Y,-0.36674068475346056,-0.43918729741434837,-1.1500048167479469,75.0,448.0,569.79,Interpolated (Month),10410.0,2023-01-01,0.9651678998292544
2015.0,5.0,Middle East,Model S,0.5196173003918634,0.5662604192842156,-0.279845190726969,100.0,596.0,1069.85,Estimated (Region),13392.0,2015-05-01,0.9157483930211203
2019.0,4.0,North America,Model S,1.9068386997348459,2.0391016461268,1.7282865984533569,120.0,677.0,1769.61,Estimated (Region),9458.0,2019-04-01,0.9009409575018096
2017.0,5.0,North America,Model Y,0.9218835533978976,1.027080841390048,1.2630078929701467,120.0,676.0,1373.97,Estimated (Region),12684.0,2017-05-01,0.9014702947242366
2018.0,8.0,North America,Model Y,1.2339384862414922,1.4160668013642532,0.27291305870102067,82.0,487.0,1079.53,Official (Quarter),10163.0,2018-08-01,0.8855465004793864
2021.0,3.0,North America,Cybertruck,0.0843159160587384,0.10379672516883592,-0.9719407726583983,120.0,685.0,1053.6,Interpolated (Month),10827.0,2021-03-01,0.9239502613083439
2022.0,11.0,North America,Model 3,-0.305498633600931,-0.373691170176688,-1.0048392920880984,75.0,434.0,567.67,Estimated (Region),4067.0,2022-11-01,0.9620476610767873
2019.0,4.0,Middle East,Model Y,-1.4889186842952467,-1.528676639744032,1.5817611954257849,120.0,664.0,404.67,Official (Quarter),5389.0,2019-04-01,0.980453667953668
2015.0,11.0,Europe,Model 3,-0.030544694401607477,0.011069233201538995,-1.153856811393364,100.0,599.0,880.71,Estimated (Region),5780.0,2015-11-01,0.9158179949546856
2016.0,8.0,Asia,Model X,-0.6368664124511324,-0.7176045264604601,-0.5861140542789172,100.0,587.0,652.98,Estimated (Region),9232.0,2016-08-01,0.9759178839320963
2018.0,8.0,Asia,Model S,2.3611988136797537,2.457431749128631,0.6276176484717982,60.0,357.0,1028.91,Official (Quarter),14963.0,2018-08-01,0.9095815186517705
2016.0,8.0,Middle East,Model X,-0.7446117638564126,-0.8100972652835361,0.08577421225843666,75.0,423.0,443.64,Estimated (Region),12514.0,2016-08-01,0.9704371963913949
2025.0,7.0,Middle East,Model X,0.7440020770212559,0.6589879112515125,0.4260554429820693,82.0,457.0,880.87,Official (Quarter),13151.0,2025-07-01,0.9544678006387878
2019.0,4.0,Europe,Model Y,1.112724965910552,0.925902236230795,0.24538993567005465,120.0,712.0,1527.35,Interpolated (Month),9997.0,2019-04-01,0.9795205479452055
2021.0,3.0,Europe,Model S,-0.358354843724276,-0.2854239879495902,-1.7325109025014684,120.0,716.0,914.19,Interpolated (Month),4974.0,2021-03-01,0.9016949152542373
2019.0,1.0,North America,Model S,0.06983128155378328,-0.014753612662771542,-1.5512091947835007,82.0,480.0,734.18,Estimated (Region),4455.0,2019-01-01,0.9626168224299065
2021.0,7.0,Asia,Model S,1.102560310117601,0.972618111930775,1.678213153220767,120.0,696.0,1488.85,Official (Quarter),12522.0,2021-07-01,0.9636461923102912
2022.0,11.0,Middle East,Model S,-0.8495618349186312,-0.8385023957342777,0.6055141576490424,120.0,683.0,674.02,Interpolated (Month),6015.0,2022-11-01,0.92871259175607
2023.0,12.0,Europe,Model 3,-0.411211053847621,-0.4699399593073,0.3672779809455379,100.0,590.0,734.9,Estimated (Region),12136.0,2023-12-01,0.959556274555119
2018.0,5.0,North America,Cybertruck,-0.03511878950843541,-0.0030159554517212974,0.1485562576315011,60.0,332.0,487.24,Interpolated (Month),3684.0,2018-05-01,0.9192896739641079
2022.0,4.0,Asia,Model 3,1.8694835896957511,2.1222042591810357,-1.4702894734619758,60.0,345.0,894.19,Official (Quarter),11243.0,2022-04-01,0.8772847278635256
2025.0,3.0,Asia,Cybertruck,-0.2963504433872751,-0.3145333778329948,1.5336564922306786,60.0,342.0,449.18,Estimated (Region),7300.0,2025-03-01,0.939888364104766
2017.0,2.0,North America,Model X,0.1097275555411158,0.037596338498512544,-1.3684173864272158,82.0,483.0,750.15,Interpolated (Month),10729.0,2017-02-01,0.9572855029585798
2018.0,3.0,Middle East,Cybertruck,-1.1778802170309473,-1.1805377268642818,-0.7750089132482452,120.0,706.0,559.89,Official (Quarter),5715.0,2018-03-01,0.9395770392749244
2022.0,10.0,North America,Model Y,1.4814478547998482,1.3986950686918989,-0.36841671302477785,100.0,584.0,1379.88,Official (Quarter),14254.0,2022-10-01,0.948116046707596
2015.0,11.0,North America,Model S,0.10337464567052145,0.26460262896022424,1.0441385512806662,82.0,491.0,760.73,Interpolated (Month),7208.0,2015-11-01,0.8766018840702707
2024.0,2.0,North America,Model X,0.42686481628118583,0.30873622007377316,1.2487321522984465,75.0,414.0,720.48,Official (Quarter),5585.0,2024-02-01,0.9691755074764014
2023.0,9.0,Europe,Model Y,0.0891441275603901,0.07562634786231534,0.24583776111205782,75.0,438.0,674.94,Interpolated (Month),10106.0,2023-09-01,0.9357806522135179
2024.0,6.0,Middle East,Model Y,-1.767430253022103,-1.7901916424062314,-1.7219748273410094,75.0,432.0,192.26,Interpolated (Month),4285.0,2024-06-01,0.9792079207920792
2022.0,6.0,Middle East,Model 3,-1.061240791806835,-1.092505297781405,-0.7039443338401826,120.0,703.0,605.92,Estimated (Region),5757.0,2022-06-01,0.9573475508163946
2016.0,7.0,Middle East,Model Y,-0.9951705291526538,-0.9328731597111216,0.5506871025082238,60.0,358.0,322.52,Interpolated (Month),3827.0,2016-07-01,0.8988326848249028
2024.0,9.0,Middle East,Model 3,1.243086676455148,1.4510450198531828,-0.7817312651939574,100.0,575.0,1277.71,Official (Quarter),14504.0,2024-09-01,0.8798479539110293
2016.0,9.0,Middle East,Model Y,0.35698280770464796,0.26906293870042336,1.2513554849098674,75.0,423.0,718.7,Estimated (Region),13929.0,2016-09-01,0.9597525843077445
2022.0,1.0,Middle East,Model Y,-1.3669428147798353,-1.4077787704702145,0.5877288770816913,75.0,435.0,296.43,Official (Quarter),10722.0,2022-01-01,0.9751019532088431
2016.0,8.0,Asia,Model 3,0.938401119061443,0.7244840384891729,0.04810518384722462,100.0,590.0,1204.93,Estimated (Region),8510.0,2016-08-01,0.9907582593508951
2021.0,5.0,North America,Model X,-0.3329432042418986,-0.4164162424249109,-0.1508157958946659,75.0,446.0,576.14,Estimated (Region),4253.0,2021-05-01,0.9696014411168655
2019.0,11.0,North America,Model X,1.4705208498224258,1.3735764822602512,0.22636108212169326,82.0,459.0,1081.56,Estimated (Region),11903.0,2019-11-01,0.9516568728418247
2021.0,3.0,Middle East,Model S,-0.7415623671185273,-0.8281732573885534,-1.6875489299054554,120.0,678.0,712.31,Estimated (Region),11375.0,2021-03-01,0.9826038159371493
2023.0,6.0,Europe,Model X,1.203698635257463,1.169810753076419,0.23012261702188888,100.0,573.0,1259.94,Interpolated (Month),3575.0,2023-06-01,0.937336146812456
2019.0,10.0,Asia,Model X,-0.9911046668354734,-0.997195521227677,-1.1753365275993455,100.0,585.0,528.43,Interpolated (Month),12106.0,2019-10-01,0.9397627965043696
2020.0,9.0,Europe,Model X,-0.7995009051383477,-0.8878005560206886,-0.07869850362737803,100.0,599.0,608.82,Interpolated (Month),12245.0,2020-09-01,0.9857433808553971
2015.0,4.0,North America,Cybertruck,-0.4277286195111663,-0.45890656152891274,0.4424997323812482,82.0,471.0,582.09,Estimated (Region),13277.0,2015-04-01,0.9469026548672567
2023.0,8.0,North America,Model X,-0.3385337649280216,-0.22650094875011795,-0.0950110796612615,82.0,486.0,626.21,Estimated (Region),6498.0,2023-08-01,0.8863894334949953
2019.0,12.0,North America,Model S,-0.6729509405161083,-0.759390586131799,-1.2283305303205125,120.0,701.0,764.86,Official (Quarter),10713.0,2019-12-01,0.9801913488748147
2017.0,1.0,Asia,Model X,0.23271989063582244,0.13501889335022957,0.7489937512331155,120.0,709.0,1152.62,Official (Quarter),12647.0,2017-01-01,0.9650075683376369
2016.0,7.0,Middle East,Cybertruck,0.32648884032579506,0.1516863665899209,-0.7532135819971225,60.0,337.0,566.51,Official (Quarter),5963.0,2016-07-01,0.9915944080693683
2024.0,4.0,Middle East,Model S,-1.877716768375621,-1.9063944487956288,-1.5861525020804585,120.0,674.0,256.09,Interpolated (Month),4371.0,2024-04-01,0.9992110453648915
2018.0,3.0,North America,Model Y,0.49750917404219497,0.3270469653230116,-0.1691517874384192,60.0,340.0,605.88,Interpolated (Month),13448.0,2018-03-01,0.985973939746037
2024.0,6.0,North America,Cybertruck,-0.20207326090765496,-0.061234735218530505,0.36403634106458144,100.0,560.0,766.67,Estimated (Region),14035.0,2024-06-01,0.878018278018278
2018.0,4.0,Asia,Model 3,-0.7042072570794324,-0.6394317294348655,-0.6093711553690293,100.0,583.0,625.35,Interpolated (Month),9678.0,2018-04-01,0.9015380736258195
2019.0,6.0,Middle East,Model 3,1.1881975351732128,0.9343533494227512,-1.5645067773310488,100.0,578.0,1265.65,Official (Quarter),12833.0,2019-06-01,0.9974036622027876
2018.0,8.0,Middle East,Model Y,-0.828470174148258,-0.8424931991860347,-0.79853242325835,60.0,335.0,334.77,Official (Quarter),12400.0,2018-08-01,0.9426913824819584
2016.0,5.0,Middle East,Model X,1.8758364995663455,1.8416742518369351,0.48195956552890384,60.0,349.0,905.86,Official (Quarter),13741.0,2016-05-01,0.9353007945516458
2024.0,10.0,North America,Model Y,-0.2849152056202053,-0.23119601163453804,-0.6092071349518702,75.0,425.0,561.06,Official (Quarter),10943.0,2024-10-01,0.9100403267500775
2019.0,3.0,Middle East,Model 3,0.1320897982856079,-0.01991818183563365,-1.197392800423222,60.0,343.0,537.24,Estimated (Region),9125.0,2019-03-01,0.9877968025730773
2020.0,4.0,Middle East,Model S,-1.2640256748762067,-1.2220890333913996,1.0595475239254701,120.0,693.0,514.34,Estimated (Region),11890.0,2020-04-01,0.9078899082568808
2016.0,11.0,Middle East,Model S,1.1648188268494257,1.358317527885886,-0.531621004351224,75.0,418.0,909.53,Interpolated (Month),3305.0,2016-11-01,0.8822527673032478
2018.0,5.0,Middle East,Model S,-1.6955153132869751,-1.6631901913826679,-0.19707303275467333,100.0,582.0,283.72,Official (Quarter),3737.0,2018-05-01,0.9101092131055727
2024.0,8.0,Middle East,Model X,0.5269866758417527,0.6547623546555343,-1.1727072306091186,75.0,423.0,761.15,Interpolated (Month),11154.0,2024-08-01,0.8922275939010784
2019.0,2.0,Middle East,Model S,0.2553362497751383,0.21506971552959223,0.3810969496070267,82.0,469.0,768.71,Interpolated (Month),11908.0,2019-02-01,0.944262011752506
2023.0,4.0,North America,Model 3,-0.7949268100315198,-0.8422584460418138,0.3197871117358622,75.0,435.0,443.31,Interpolated (Month),4847.0,2023-04-01,0.9612337294850029
2015.0,11.0,North America,Model 3,1.102560310117601,1.2315508300065434,-0.33659874022206304,100.0,573.0,1225.73,Estimated (Region),10530.0,2015-11-01,0.8968054332788329
2015.0,9.0,North America,Model 3,-1.105202928111348,-1.1800682205758397,0.8742730428912673,120.0,672.0,561.76,Official (Quarter),13776.0,2015-09-01,0.9900515189198792
2021.0,7.0,Middle East,Cybertruck,1.2956887701836692,1.3993993281245618,-0.9874784764790941,82.0,452.0,1018.42,Official (Quarter),5413.0,2021-07-01,0.9039537822711681
2025.0,3.0,Europe,Cybertruck,2.1713738667463947,2.1546001930835343,1.3058271624801734,82.0,487.0,1349.01,Estimated (Region),3131.0,2025-03-01,0.9310779469597661
2017.0,12.0,North America,Model X,-0.559615028424705,-0.5239331824781311,-0.7571709473347763,82.0,458.0,530.36,Interpolated (Month),7557.0,2017-12-01,0.9164292497625831
2021.0,4.0,North America,Model S,-1.1616167677622258,-1.1234927128185777,-1.5792457514233336,120.0,663.0,532.16,Interpolated (Month),8486.0,2021-04-01,0.9115843270868824
2019.0,9.0,Europe,Cybertruck,0.0558548798384757,-0.08165825876575793,1.6253543430858652,75.0,419.0,637.42,Estimated (Region),10776.0,2019-09-01,0.983896003104385
2019.0,4.0,North America,Model 3,-0.47016605744673656,-0.4551505112213767,-0.32367542244457986,100.0,558.0,675.63,Official (Quarter),14729.0,2019-04-01,0.9260066536652518
2021.0,8.0,Europe,Model S,1.1500800759496468,1.2900043629175735,-0.12601541178855094,100.0,597.0,1293.82,Estimated (Region),8836.0,2021-08-01,0.8945576125317318
2023.0,2.0,Middle East,Model S,1.2014115877040492,1.1806093977105854,-0.3504385842093722,60.0,339.0,744.95,Official (Quarter),8416.0,2023-02-01,0.9340133885878228
2024.0,5.0,Asia,Model Y,0.7818654198499981,0.6937313765962212,1.652109055314016,100.0,564.0,1099.72,Estimated (Region),13671.0,2024-05-01,0.9550363676438175
2015.0,2.0,Asia,Cybertruck,0.8466651005300605,0.9911636103242344,0.1966614578581742,75.0,432.0,858.86,Estimated (Region),5902.0,2015-02-01,0.8908455437558812
2018.0,3.0,Middle East,Model S,0.4642199263202806,0.5789370890721498,-1.6786401360958476,120.0,709.0,1249.51,Official (Quarter),3481.0,2018-03-01,0.8953665599756134
2025.0,8.0,Middle East,Model 3,0.9658456897024106,0.9759046559498691,1.1995106191719527,82.0,460.0,946.89,Official (Quarter),8309.0,2025-08-01,0.9264159859582799
2021.0,2.0,Middle East,Model Y,-0.09661495705578874,-0.05536590661300538,-1.4298161929489,82.0,467.0,668.42,Estimated (Region),11559.0,2021-02-01,0.9157389635316698
2020.0,10.0,Asia,Model S,-0.02647883208442709,-0.07085961413159171,0.48956166334847256,60.0,333.0,490.41,Interpolated (Month),8163.0,2020-10-01,0.9482325671238169
2023.0,11.0,Middle East,Cybertruck,-0.8416842266790943,-0.8422584460418138,-0.7627630494967877,82.0,460.0,456.09,Estimated (Region),13491.0,2023-11-01,0.9352009054895303
2020.0,9.0,North America,Model Y,-1.0048269521559572,-1.043676643783436,1.1275598324796605,60.0,345.0,308.84,Interpolated (Month),8541.0,2020-09-01,0.9610305958132045
2023.0,7.0,North America,Model 3,-2.178082347057322,-2.1484249404874847,0.3891051222169574,82.0,465.0,94.23,Estimated (Region),5519.0,2023-07-01,0.8982712765957447
2016.0,1.0,North America,Model 3,-2.4441422124378134,-2.4219123535049554,-1.5971622483244123,82.0,470.0,21.43,Interpolated (Month),4259.0,2016-01-01,0.8967551622418879
2023.0,8.0,North America,Model 3,1.2179291533675944,1.215352863055294,1.6273464456070044,60.0,347.0,765.92,Interpolated (Month),13679.0,2023-08-01,0.9293879871155182
2024.0,11.0,North America,Model Y,0.22839991192381828,0.3035716509009111,-0.662032146940206,60.0,356.0,577.84,Interpolated (Month),12380.0,2024-11-01,0.9055987948782325
2017.0,7.0,North America,Model S,1.1101838019623143,0.9885813257378033,-0.4530900167414247,120.0,713.0,1528.42,Official (Quarter),10997.0,2017-07-01,0.9612564740700881
2025.0,2.0,Middle East,Model S,-2.2954841214659054,-2.2636887342999983,-1.0541264333814562,60.0,352.0,46.94,Estimated (Region),3282.0,2025-02-01,0.8775913129318855
2020.0,5.0,Middle East,Model X,-1.5023868532209068,-1.5131829322254458,-0.6339404197964195,120.0,706.0,424.66,Official (Quarter),3624.0,2020-05-01,0.9524940617577197
2024.0,3.0,Asia,Cybertruck,0.6479460797778692,0.5664951724284365,-0.40904158816583475,120.0,696.0,1302.08,Interpolated (Month),10483.0,2024-03-01,0.9543193817430561
2023.0,8.0,Europe,Model Y,0.19638124617602276,0.22938965732707353,-0.7577499891105065,75.0,446.0,715.5,Estimated (Region),6649.0,2023-08-01,0.9193673171151036
2017.0,9.0,Europe,Model 3,0.28430551878504856,0.23361521392305162,-0.230776743323157,60.0,330.0,546.53,Interpolated (Month),6114.0,2017-09-01,0.9476439790575916
2021.0,5.0,Europe,Model Y,-0.48007659684486376,-0.3821422833686442,-0.943020990923739,60.0,345.0,415.71,Official (Quarter),12673.0,2021-05-01,0.8897873283119184
2020.0,4.0,Europe,Model X,-1.5648994863475552,-1.6061451773369635,1.2745037360867735,82.0,464.0,261.97,Interpolated (Month),5139.0,2020-04-01,0.9868904037755637
2022.0,11.0,Middle East,Cybertruck,-0.340312579691788,-0.4666534152882059,1.6609920034821322,100.0,597.0,768.61,Official (Quarter),3725.0,2022-11-01,0.9901938163359483
2017.0,5.0,North America,Model X,0.5630712039067287,0.6531190826459873,-0.12859252046422653,100.0,596.0,1085.14,Estimated (Region),11335.0,2017-05-01,0.9032594136032147
2015.0,10.0,Europe,Cybertruck,-0.5519915365799918,-0.5837952342544873,-1.4163704949943412,75.0,446.0,518.47,Estimated (Region),4641.0,2015-10-01,0.9487085322560901
2022.0,7.0,Europe,Model 3,1.2687524323323491,1.4719380496888523,0.4351710019236123,82.0,451.0,1009.0,Interpolated (Month),5235.0,2022-07-01,0.8811887037693489
2019.0,1.0,Middle East,Model S,-0.06993273559929246,-0.12978265333106392,-1.3640380412890516,82.0,466.0,674.33,Estimated (Region),4193.0,2019-01-01,0.9548648916163516
2023.0,7.0,Europe,Model X,-0.9674718421168624,-0.8948431503473189,0.4596170025223486,120.0,695.0,637.49,Official (Quarter),7242.0,2023-07-01,0.8934833430742256
2025.0,8.0,Middle East,Model Y,-0.448312047491892,-0.5600851666881659,0.6514945479261472,75.0,428.0,523.74,Official (Quarter),13377.0,2025-08-01,0.9864570737605804
2019.0,7.0,North America,Model X,-0.44907439667636334,-0.40327006634853463,-0.6419659885112007,75.0,448.0,548.02,Interpolated (Month),3401.0,2019-07-01,0.9123965092861938
2016.0,12.0,Asia,Cybertruck,-1.7826772367115296,-1.7899568892620104,-1.0279467866764982,75.0,441.0,192.3,Official (Quarter),7638.0,2016-12-01,0.9590894094358298
2018.0,2.0,Europe,Model X,0.16232964926963703,0.29159924054563985,-0.0509904848534319,75.0,431.0,682.77,Interpolated (Month),6701.0,2018-02-01,0.8876281728021517
2024.0,8.0,North America,Model S,0.8532721267954787,0.970740086777007,-0.7013960529954012,60.0,342.0,681.26,Interpolated (Month),5231.0,2024-08-01,0.8978432830775471
2015.0,2.0,North America,Model 3,-0.4904953690326385,-0.3992792628967775,-1.0858867505223813,100.0,594.0,712.09,Official (Quarter),9472.0,2015-02-01,0.892462311557789
2016.0,11.0,Middle East,Cybertruck,0.3043807139761267,0.30685819492000516,1.6190246460782018,82.0,466.0,777.29,Estimated (Region),3467.0,2016-11-01,0.9295327259048733
2019.0,12.0,North America,Cybertruck,-0.816018470801893,-0.8312250482634265,-1.5567843978722298,82.0,471.0,474.13,Estimated (Region),4479.0,2019-12-01,0.9432185523541813
2024.0,9.0,North America,Cybertruck,-0.2008026789335361,-0.20560791891444852,1.6350166367512733,60.0,353.0,483.54,Estimated (Region),13778.0,2024-09-01,0.9337423312883436
2018.0,12.0,Middle East,Model S,-1.3351782654268634,-1.2716219468220316,0.34317692025440344,100.0,569.0,398.41,Estimated (Region),8681.0,2018-12-01,0.8910097346821912
2020.0,1.0,Middle East,Model S,0.034509102673278676,-0.06639930439139262,-1.5978625658025274,82.0,481.0,725.68,Interpolated (Month),12931.0,2020-01-01,0.9696327002795719
2025.0,2.0,Asia,Model Y,-0.4721989886053268,-0.6077400549650298,-1.3830783265634579,120.0,707.0,855.19,Estimated (Region),14537.0,2025-02-01,0.9996281145407214
2021.0,4.0,Middle East,Model S,0.3330958665912132,0.4887918816912839,0.10831757601812045,75.0,437.0,736.32,Estimated (Region),12978.0,2021-04-01,0.8818495839221228
2024.0,12.0,Asia,Model 3,0.14555796721126793,-0.010058549778351444,-1.625558655818862,75.0,438.0,689.52,Official (Quarter),8261.0,2024-12-01,0.9888815603505136
2018.0,3.0,Europe,Cybertruck,0.8085476413064945,0.7643920730067436,-0.898142519631007,120.0,700.0,1375.92,Estimated (Region),12912.0,2018-03-01,0.9419206440483037
2022.0,1.0,Europe,Model S,1.2029362860729917,0.9456215003453594,0.6838527940423546,60.0,342.0,751.85,Official (Quarter),9786.0,2022-01-01,0.9980931626259875
2015.0,7.0,Asia,Model S,-1.634781494924093,-1.6683547605555298,0.3894769018291859,75.0,423.0,221.38,Interpolated (Month),9974.0,2015-07-01,0.9830938292476754
2023.0,11.0,Middle East,Model S,0.1430168032630302,0.11835142011053822,-0.1996670405036326,60.0,331.0,520.58,Interpolated (Month),7817.0,2023-11-01,0.9395161290322581
2021.0,3.0,North America,Model X,0.06424072086766024,0.05027300828644681,-1.6277595115982049,75.0,445.0,679.18,Interpolated (Month),3156.0,2021-03-01,0.9360625574977001
2016.0,5.0,Asia,Model S,-0.566476171084947,-0.6903731617308235,-0.83105767198112,120.0,705.0,813.53,Official (Quarter),4645.0,2016-05-01,0.997148412184057
2020.0,2.0,Middle East,Model Y,-0.24222365128981127,-0.32603628189982403,0.9804265598454627,120.0,672.0,904.08,Official (Quarter),3960.0,2020-02-01,0.9678428833495198
2016.0,12.0,Europe,Model 3,-0.15124998194290015,-0.22321440473102386,1.6273747764063324,120.0,693.0,969.54,Interpolated (Month),7167.0,2016-12-01,0.9610510046367852
2024.0,1.0,Europe,Cybertruck,1.6341718080889363,1.5231142351290314,0.16286877863917018,60.0,334.0,819.29,Interpolated (Month),8430.0,2024-01-01,0.953861409239384
2021.0,10.0,Middle East,Model Y,0.9061283369188237,0.8632231467237866,1.434619970286513,120.0,719.0,1454.68,Official (Quarter),4273.0,2021-10-01,0.9410451405846647
2019.0,7.0,Middle East,Model S,2.1289364288108246,1.8196074562801605,-0.14998774130379278,82.0,487.0,1336.81,Official (Quarter),9833.0,2019-07-01,0.9941869940783398
2019.0,9.0,Asia,Model S,0.8560674071385401,0.9820082376996152,0.6079709846854683,100.0,580.0,1156.32,Estimated (Region),13709.0,2019-09-01,0.8956803019071365
2020.0,5.0,Asia,Cybertruck,-1.639355590030921,-1.629620491759064,-0.7414105733719965,60.0,358.0,186.39,Interpolated (Month),6754.0,2020-05-01,0.9345718901453958
2018.0,8.0,North America,Model S,-1.850780430524301,-1.813901709972553,-1.6516905874933736,82.0,474.0,187.63,Estimated (Region),14297.0,2018-08-01,0.900990099009901
